:020000040000FA
:100000004036002095020000CD020000CF02000023
:10001000D1020000D3020000D50200000000000061
:10002000000000000000000000000000D7020000F7
:10003000D902000000000000DB020000E59500008E
:10004000054F0000194F00002D4F0000414F0000E8
:10005000554F0000694F00007D4F0000914F000098
:10006000A54F0000B94F0000CD4F0000E14F000048
:10007000F54F0000095000001D50000031500000F5
:1000800045500000595000006D50000081500000A4
:1000900095500000A9500000BD500000D150000054
:1000A000E5500000F95000000D5100002151000002
:1000B00035510000495100005D51000071510000B0
:1000C0008551000099510000AD510000C151000060
:1000D000D5510000E9510000FD510000115200000F
:1000E00025520000395200004D52000061520000BC
:1000F00075520000895200009D520000B15200006C
:10010000C5520000D9520000ED520000015300001A
:1001100015530000295300003D53000051530000C7
:1001200065530000795300008D530000A153000077
:10013000B5530000C9530000DD530000F153000027
:1001400005540000195400002D54000041540000D3
:1001500055540000695400007D5400009154000083
:10016000A5540000B9540000CD540000E154000033
:10017000F5540000095500001D55000031550000E0
:1001800045550000595500006D550000815500008F
:1001900095550000A9550000BD550000D15500003F
:1001A000E5550000F95500000D56000021560000ED
:1001B00035560000495600005D560000715600009B
:1001C0008556000099560000AD560000C15600004B
:1001D000D5560000E9560000FD56000011570000FA
:1001E00025570000395700004D57000061570000A7
:1001F00075570000895700009D570000B157000057
:10020000C5570000D9570000ED5700000158000005
:1002100015580000295800003D58000051580000B2
:1002200065580000795800008D580000A158000062
:10023000B5580000C9580000DD580000F158000012
:1002400005590000595A0000F15E0000D95F000016
:10025000A1620000DF020000DF020000DF020000F8
:100260002164000065670000ED6900001D6C00005E
:10027000416D0000556F0000BD710000C9720000A3
:10028000DFF80CD000F066FD0048004715C0000004
:100290004036002012484FF01F01016011484FF016
:1002A0007701016010484FF0770101600F484FF46B
:1002B000885101600B484FF0760101600A484FF009
:1002C000760101600A4880470A480047FEE7FEE7DA
:1002D000FEE7FEE7FEE7FEE7FEE7FEE7FEE7FEE7F6
:1002E00010080540040805400C08054000080540BA
:1002F000FD970000810200002DE9F05F0546002017
:1003000092469B4688460646814640241BE0284686
:1003100041464746224600F0B2FB53465A46C01AB1
:10032000914110D311461846224600F099FB2D1A30
:1003300067EB01084F4622460120002100F090FBA8
:1003400017EB00094E41201EA4F10104DFDC4846F2
:1003500031462A464346BDE8F09F00000649074A59
:100360000868504343F2390210440860400870475F
:100370000149086070470000F882FF1F6D4EC641BA
:10038000D2B201E000F8012B491EFBD270470022D7
:10039000F6E710B513460A4604461946FFF7F0FF84
:1003A000204610BD70B506460AF0D2FC046805462A
:1003B0000A220021304600F084FB2C6070BDC10F82
:1003C00080EAE0700844CA079623002100F0BABB17
:1003D00096230022114600F0B5BB0EB5C10F80EA8E
:1003E000E0700844CA07002140F233438DE80E0054
:1003F0000A460B4600F030FC03B000BD7047704762
:10040000BFFFDFFFFFFEFFFFFFFFFFFFFFFFFFFF5D
:10041000FFFFFFFFFFFFFFFFFFFFFFFFFFFFFFFFEC
:10042000F0B480EA0102D40F4200B2EB410F02D2D5
:100430000246084611464A0042D0C30DDDB2C1F360
:10044000C752AD1A202D35DAC1F3160141F400026E
:1004500004B15242C5F1200602FA06F12A411044C5
:10046000B3EBD05F23D0C4B1012DA0EBC35009DCA6
:10047000F0BC4FF0004202EAC352DBB200F50000CC
:1004800000F060BB400000F1807000EBC350A0F1B1
:10049000807040EAD170490009E0490841EAC07122
:1004A000A0EBC35000F50000400800EBC350F0BCC7
:1004B00000F03FBB6142012202EB4101001BF6E765
:1004C000F0BC704781F00041AAE780F00040A7E748
:1004D00080EA010210B502F00043400022D04A0039
:1004E0001FD0010E01EB1261C0F35600C2F3560299
:1004F00040F4000042F40002A0FB022000047F3917
:10050000140400D0401C50EA124001D44000491E9F
:10051000C2B20C0604EBD010401C4008802A02D066
:1005200003E0002010BD20F00100002900DA0020C7
:10053000184310BD30B480EA010202F0004530F0EB
:10054000004221F0004013D090B1C30DD40DC2F38E
:100550001601C0F31600E41A41F4000140F4000251
:100560007D34914201D3641C00E04900002C02DA82
:1005700030BC002070474FF400000023914201D3AB
:10058000891A034340084FEA4101F7D151B1914222
:1005900002D14FF0004105E002D24FF0010101E02D
:1005A0006FF0010103EBC450284430BC00F0C1BA25
:1005B0002DE9FE4F804681EA0300C00F0C460090F3
:1005C00021F0004123F00045B8EB0200A94105D21B
:1005D0004046214690461C460B46024623F000400A
:1005E000104347D0270DC7F30A00C3F30A51029006
:1005F000401A019040286BDAC3F3130040F4801BCB
:100600000098924620B10023D2EB030A63EB0B0B58
:1006100001985946C0F14002504600F021FA0646C2
:100620000D4650465946019A00F039FA10EB080081
:100630006141002487EA115284EAE7731A4340D0EB
:10064000009A62B3019A012A4FEA075215DC001B97
:1006500061EB02014FF0004202EA0752CDE900428D
:10066000001C41F5801132462B4600F0F5FA03B02C
:10067000BDE8F08F40462146F9E7001B61EB02011F
:10068000001C41F5801300185B412018A2F50017EB
:1006900047EB030140EAD570B6196D4111E06D08D2
:1006A0004FEA360645EAC0754FEA0752001B61EB78
:1006B0000201001C41F5801149084FEA3000001981
:1006C000514132462B4603B0BDE8F04F00F0B5BAB9
:1006D0000098012240000023D0EB020263EBE0739C
:1006E000009821464FEAE074B8EB000061EB04018A
:1006F000E9E783F000435BE781F0004158E72DE92B
:10070000FE4F81EA030404F0004421F0004100940C
:100710004FF0000B23F0004350EA01045ED052EA90
:1007200003045BD0C3F30A54C1F30A552C44A4F26A
:10073000F3340194A0FB0254C1F3130141F480117E
:10074000C3F3130343F4801301FB024400FB034E85
:10075000840A970A44EA815447EA8357A4FB07684E
:1007600002958D0A05FB07854FEA932C04FB0C5478
:100770002705029D4FEA065847EA1637B5EB0805EC
:100780006EEB070C870E920E47EA811742EA83123E
:10079000A7FB0201B6EB0B0164EB00042B0D43EA4F
:1007A0000C335E1844EB1C50DA465146E7FB02015D
:1007B000C5F313044FEA0B3343EA14534FEA0432F0
:1007C000019C43EA0603A4F10C040294009CCDE9C9
:1007D00000B400F041FA03B0BDE8F08F00200146FC
:1007E000F9E72DE9F04D81EA030404F0004B21F014
:1007F000004514464FF0000A23F0004150EA05027C
:1008000020D054EA01021DD0C5F30A570246C5F3B1
:100810001303C1F31300C1F30A5640F4801543F4E7
:100820008013A7EB0608101BD64608F2FD3873EBC1
:10083000050002D308F1010801E092185B41B8F10C
:10084000000F03DA00200146BDE8F08D00204FF4D0
:100850008011064684460EE0171B73EB050705D38F
:10086000121B63EB050306434CEA010C49084FEAEF
:10087000300092185B4150EA0107EDD152EA0300C3
:1008800012D082EA040083EA0501084305D0101B58
:10089000AB4106D20122002306E000224FF00043C4
:1008A00002E06FF0010253101AEB06004CEB085106
:1008B00010EB0A0041EB0B01BDE8F04D00F0BDB9B3
:1008C0000EB540F2334102910021CDE900110A46F4
:1008D0000B4600F0C1F903B000BD0EB540F2334243
:1008E00002920022CDE90022134600F0B5F903B0D0
:1008F00000BD00F0004220F00040C10DC0F3160022
:1009000040F400007F2901DA00207047962903DCBB
:10091000C1F19601C84001E096398840002AF4D020
:100920004042704720F00040C10DC0F3160040F473
:1009300000007F2901DA00207047962903DCC1F10D
:100940009601C8407047963988407047C1F30A52F3
:1009500010B5C1F3130140F2FF3341F480119A4204
:1009600001DA002010BD40F233439A42A2F2334232
:1009700003DC524200F083F810BD904010BD00F03F
:10098000004230F000400AD0C10D01F56071C0F3A3
:10099000160042EA0151C208400711437047002087
:1009A0000146704730B5041E71F1000404DB4FF0BE
:1009B0000044404264EB0101141E73F1000405DBA6
:1009C0001C464FF00043524263EB04038B4208BFC6
:1009D000824230BD01F0004330B421F0004150EAC2
:1009E000010206D00A0DA2F56072C1F31301002ABC
:1009F00002DC30BC00207047440F44EAC104C1004F
:100A0000E01830BC00EBC25000F093B8002801DBC6
:100A1000C0F10040002901DBC1F100418142704773
:100A2000002801DBC0F10040002901DBC1F10041D9
:100A30008842704730B50B46014600202022012431
:100A400009E021FA02F59D4205D303FA02F5491B9C
:100A500004FA02F52844151EA2F10102F1DC30BDB2
:100A6000202A04DB203A00FA02F10020704791406E
:100A7000C2F1200320FA03F3194390407047202A63
:100A800004DB203A21FA02F00021704721FA02F338
:100A9000D040C2F120029140084319467047202AF5
:100AA00006DBCB17203A41FA02F043EAE07306E096
:100AB00041FA02F3D040C2F12002914008431946A6
:100AC00070472DE9F04791460F46804604460026C0
:100AD00014F8015B2DB100F04FF90068405DC007CC
:100AE000F6D12B2D02D02D2D18D0641E4A46394642
:100AF000204600F045F927B13968A14201D1C7F875
:100B0000008071054FF002040BD54042002803DD40
:100B10000AF01EF90460A007BDE8F08746F480667D
:100B2000E4E70028F8DA0AF013F904606FF00040F7
:100B3000F2E70029A8BF7047401C490008BF20F019
:100B40000100704710B4B0FA80FC00FA0CF050EAD3
:100B5000010404BF10BC704749B1CCF1200421FA54
:100B600004F411FA0CF118BF012121430843A3EB4F
:100B70000C01CB1D4FEA00614FEA102042BF00205C
:100B800010BC704700EBC35010440029A4BF10BC38
:100B90007047401C490008BF20F0010010BC70479E
:100BA000F0B4002802DCF0BC00207047C0F3C7514D
:100BB000C0F3160040F40000CA0701D14000491EEE
:100BC0003F2202EB6105002211464FF4000626FA8F
:100BD00001F31344D418844201D8001B1A46400084
:100BE000491C1729F3DD5100814202D24FF0FF3139
:100BF00000E0002102EBC550F0BCFFF79ABF10B532
:100C000041000CD0C0F3C751962908DC7E2909DCCD
:100C100006DB410204D000F0004040F07E5010BDE1
:100C2000002010BDC1F19604C4F1200100FA01F1C9
:100C3000E040FFF77EFFA04010BD10B5141E73F119
:100C4000000408DA401C41F1000192185B411A438C
:100C500001D120F0010010BD2DE9F04D92469B46D8
:100C600011B1B1FA81F202E0B0FA80F2203290467E
:100C7000FFF7F6FE04460F4640EA0A0041EA0B0180
:100C800053465A46084313D0114653EA010019D07F
:100C9000C8F140025046FFF7F2FE05460E465046A8
:100CA00059464246FFF7DCFE084305D0012004E028
:100CB00020463946BDE8F08D0020054346EAE0763F
:100CC0002C4337430A986305E40AA0EB080000228E
:100CD000FD0A44EA47540A3002D500200146E9E7FC
:100CE000010510196941DDE9084500196941BDE8B0
:100CF000F04DA2E7C1F30A52C1F3130140F2FF33F2
:100D000041F480119A4202DA00200146704740F215
:100D100033439A42A2F2334202DC5242FFF7AFBEA3
:100D2000FFF79EBE30B5041E71F1000404DB4FF0E6
:100D30000044404264EB0101141E73F1000405DB22
:100D40001C464FF00043524263EB0403994208BF34
:100D5000904230BD064C074D06E0E06840F00103CC
:100D600094E8070098471034AC42F6D3FFF78CFAAA
:100D700024FC020044FC02000048704740FB0200D3
:100D80002DE9F05F82460078002715468B460AF170
:100D90000104B946302801D09DB113E014F8010BCD
:100DA0000127782803D0582801D045B10AE00DB1B9
:100DB000102D07D10027102514F8010B02E008259B
:100DC00000E00A250026B0460EE005FB080005FB02
:100DD00006F1012701EB10461FFA80F8B6F5803FB7
:100DE00000D3B94614F8010B294600F024F8002876
:100DF000EBDABBF1000F05D00FB1641E00E05446E2
:100E0000CBF80040B9F1000F06D009F0A1FF022194
:100E10000160C81EBDE8F09F48EA0640FAE74200BC
:100E200005D0C0F3C7525242914201DC0020704706
:100E300000EBC15070473A2800D2303820F0200231
:100E4000412A01D3A2F13700884201D34FF0FF308D
:100E5000704770B58C1810F8015B15F0070301D1CD
:100E600010F8013B2A1106D110F8012B03E010F80D
:100E7000016B01F8016B5B1EF9D12B0705D4002330
:100E8000521E0DD401F8013BFAE710F8013BCB1AD2
:100E9000921C03E013F8015B01F8015B521EF9D5C7
:100EA000A142D8D3002070BD70477047704770478B
:100EB000704770470FB4F8B505460E463C21002038
:100EC0000BF0B6F904460020208126619DF8200031
:100ED0002071287D84F824003F48E0623F48606329
:100EE0003F48A06300202063A06220603D48056069
:100EF0003D48006830B90020E0803B4804603B4832
:100F000004600CE039480068C088401CE080374825
:100F10000068046035480068006834490860A868C3
:100F200020B900202081AC60EC600BE0E86800890B
:100F3000401C20812089401CE882E8680460E86841
:100F40000068E860E868C18829A009F0C9FEE8687F
:100F500001892EA009F0C4FE09A800902079072875
:100F600031D2DFE800F030290408150722002E48AE
:100F7000206329E000BF00980068E0610098001D30
:100F8000009000980068A0620098001D00901BE08F
:100F90000098006820620098001D0090009800688A
:100FA000A0620098001D00900EE00098006860614B
:100FB0000098001D009000BF00980068A062009893
:100FC000001D009000BF00BF00BF00200090204621
:100FD000F8BC5DF814FB0000D58E0000BD8E00004B
:100FE00041810000B880FF1FBC80FF1FC080FF1F31
:100FF000746869736974656D4964496E41646449D4
:1010000074656D3A2564202020200000746869739F
:101010006C696E654964496E4164644974656D3AF2
:101020002564202020200000ED8E000070B50546CC
:101030000E464C2100200BF0FBF8044600202075E2
:10104000E082A061E06120626062A062E062184814
:10105000A064184860641848E06318486063002082
:101060002064A0632063A060E06020602571266199
:101070001348006830B900202075114804601148F9
:1010800004600CE00F480068007D401C20750D488E
:10109000006804600B48006800680A490860094855
:1010A0000068017D08A009F01BFE204670BD00000D
:1010B000B50E0000118F0000258F0000398F000051
:1010C000B480FF1FB880FF1F746869737061676523
:1010D0006964496E416464506167653A2564202003
:1010E000202000001FB52B492B4800F0B0FD012245
:1010F00011460F2007F074FE00221146042007F06D
:101100006FFE502001F05CF802A800F0C0FE002045
:101110008DF808008DF809008DF80A0005208DF87B
:101120000C0002A800F018FE684600F067FD0020E1
:101130000190019820F01F00801C0190312101983E
:1011400061F310200190019820F0704000F1805070
:101150000190019820F0706000F18070019001987A
:1011600020F4700000F58010019000208DF8000040
:10117000019820F080000190684600F0F5FB4FF4E4
:10118000404001F0A5FE06F08BFF052000F069FD50
:101190001FBD0000102211007777770700B585B0DA
:1011A000684601F0D3FE4FF40040ADF810006A46E7
:1011B0000221052001F028FC684601F0C7FE4FF42B
:1011C0000040ADF810006A460121052001F01CFC2A
:1011D000684601F0BBFE0220ADF802000120ADF828
:1011E00000000020ADF810006A460421022001F042
:1011F0000BFC684601F0AAFE0220ADF802000120B7
:10120000ADF800000020ADF810006A460821022069
:1012100001F0FAFB0021082001F064FD684601F0AE
:1012200095FE0020ADF810006A464FF4004101F031
:10123000EBFB684601F08AFE0220ADF802000120B7
:10124000ADF800000020ADF810006A464FF4806150
:1012500001F0DAFB684601F079FE0220ADF80200E9
:101260000120ADF800000020ADF810006A464FF4F0
:10127000007101F0C9FB684601F068FE0220ADF87C
:1012800002000120ADF800000420ADF80400402069
:10129000ADF80A000020ADF810006A464FF48071E6
:1012A00001F0B2FB684601F051FE0220ADF80200E9
:1012B0000120ADF800000020ADF810006A464FF4A0
:1012C0000071022001F0A0FB684601F03FFE002003
:1012D000ADF810006A464FF48071022001F094FBD3
:1012E000684601F033FE0020ADF810006A46802108
:1012F000022001F089FB684601F028FE0220ADF8CB
:1013000002000020ADF810006A46082101F07CFBC5
:1013100004222021002001F033FD684601F016FE72
:101320000020ADF810006A46102101F06DFB684600
:1013300001F00CFE0020ADF810006A4610210220DA
:1013400001F062FB684601F001FE0020ADF81000DC
:101350006A462021022001F057FB684601F0F6FDA5
:101360000220ADF802000120ADF800000020ADF829
:1013700010006A460221084601F046FB282201219E
:10138000002001F0FDFC29220221002001F0F8FCE0
:101390002B220421002001F0F3FC20225101022025
:1013A00001F0EEFC21224FF48051022001F0E8FC14
:1013B0000021042001F096FC20220821012001F0E8
:1013C000DFFC21224021012001F0DAFC05B000BD44
:1013D00000B58FB00121080401F09EFA04A807F0BF
:1013E000E3FB002004900590082006900020089060
:1013F000099018200A904FF480600B9000200C9008
:101400000D900E9004A9134807F036F901A807F0D3
:101410003DF8002001900290039001A90D4807F0CB
:101420003FF800210B4807F025FB0021094807F091
:101430007BFA4FF48071074807F0BAFA00224FF4A4
:101440008071044807F058FB0121024806F0CCFFE8
:101450000FB000BD00C0014000B589B001A800F088
:10146000F4F90498C008074908604FF47A7000F056
:101470000DF80120044908700020487014200872FB
:1014800009B000BD1880FF1F0085FF1F10B586B092
:1014900004460121082001F079FA03A808F01CFE97
:1014A00000208DF80C0030208DF80D0000218DF803
:1014B0000E1002218DF80F10601E059003A913482D
:1014C00008F098FA684608F055FC60080090012082
:1014D000ADF804000020ADF806000320ADF80800C8
:1014E000ADF80A0004222021002001F049FC6A46E0
:1014F0000021064808F046FB01220021034808F0BD
:10150000E7FB024808F0AAFD06B010BD00540140F8
:1015100070B505460C4808F0A1FD0C480560002494
:1015200001E0601C84B20948006810F824003D28DE
:10153000F7D10748848000200549C8800120487001
:101540000020488070BD0000005401401C80FF1F37
:101550000085FF1F70B529484078002847D02748EC
:101560000078002843D02548C088244989888842CB
:1015700036DC22484088401E204948800846408882
:101580004FF6FF71884238D31C49C9881C4A12683B
:1015900012F821101B4A32F8110007F0DFFE044652
:1015A0002146194808F0E2FC1448007A604364219F
:1015B000B0FBF1F52A460021134808F0EBFB0F4879
:1015C000C0880F49096801EB800040880B494880BA
:1015D0000846C088401CC8800B4808F001FD0CE09C
:1015E000094808F03BFD00200449487005E0064822
:1015F00008F034FD00200149487070BD0085FF1FD0
:101600001C80FF1F8C0201000054014070B504468D
:101610001CB9084808F022FD70BD064808F0E0FC3F
:10162000204607F09BFE05462946024808F09EFC2E
:1016300000BFF1E70054014070B53A48008800F45B
:10164000004000286DD03848007841284CD043280D
:1016500029D0482802D04C2851D10FE033A008F0FF
:10166000ECFE36A008F0E9FE3DA008F0E6FE45A03D
:1016700008F0E3FE4CA008F0E0FE4AE02A48C01D56
:10168000FEF790FEC4B22848001DFEF78BFEC5B2DF
:101690002548401CFEF786FEC6B222462946304643
:1016A00009F0FEFA35E0204840784D280AD11E485E
:1016B0008078442806D145A008F0BFFE49A008F074
:1016C000BCFE10E01848407841280CD116488078BC
:1016D000542808D14D4808F0B0FE42A008F0ADFEF5
:1016E0004BA008F0AAFE14E00F484078542805D11A
:1016F0000D4808F0A2FE19A008F09FFE09E00A4874
:1017000008F09BFE4CA008F098FE4CA008F095FE57
:1017100000BF00BF00200349088020210248FEF7D7
:1017200036FE70BD5080FF1F6486FF1F48656C6CDD
:101730006F20484F5045210D0A0000002020205FF7
:101740005F20205F5F202020205F5F5F202020201F
:101750005F5F5F5F202020205F5F5F5F0D0A0000FA
:1017600020202F202F5F2F202F202F205F5F202071
:101770002F202F202D2D2D202F202F5F5F5F5F2FFB
:101780000D0A0000202F205F5F20202F202F202F08
:101790005F2F202F202F202D2D2D5F2F202F5F5FDB
:1017A0005F2F0D0A000000002F202F202F5F2F2019
:1017B0002F205F5F5F202F202F5F2F2020202020F1
:1017C0002F5F5F5F5F5F2F0D0A00000048285361A5
:1017D000794869290D0A4C28536574524742290DEE
:1017E0000A000000E68C87E4BBA4E5B0BEE5B7B410
:1017F000E4B88AE8A681E8AEB0E5BE97E58AA0E540
:101800009B9EE8BDA6E599A2210D0A00B4FB02004B
:10181000E4BFAEE694B9E5AE8CE8AEB0E5BE97E5C0
:101820008F91E68C87E4BBA4E8BDAFE5A48DE4BD51
:101830008DE599A2210D0A002D3E00004E6F742007
:10184000436D64210D0A0000704770B50446002501
:101850000CB9ED1E02E0204601F088FB284670BD61
:1018600010B5044600BF24B144F06900692800D1D6
:1018700004E040F28B5106A000F024FC00BF0B48AE
:101880000078204008B1012010BD0020FCE70000D6
:101890006472697665725C7372635C686333325F2D
:1018A0006C6C5F636C6B2E63000000003C40054075
:1018B00070B50446002500BF0CB1012C00D104E036
:1018C00040F2E5411FA000F0FDFB00BF00BF24482F
:1018D000008800F0010000B104E040F2E64119A0E8
:1018E00000F0F0FB00BF64B91E48007800F007006C
:1018F000052801D1C54322E001201A49091D0870BD
:101900001DE01848DA300068C0F3C01030B94FF459
:101910008051082000F0ADF9054605E04FF48051F4
:10192000012000F0A6F905464DB900200D49091D1A
:1019300008704FF48051202000F09BF9054628469E
:1019400070BD00006472697665725C7372635C6876
:101950006333325F6C6C5F636C6B2E63000000005E
:10196000FE430540264005402DE9F041044614B9E8
:101970006FF002061FE100BF2079C0F3C01018B15C
:101980002079C0F3C01000B104E04FF497618BA040
:1019900000F098FB00BF00BF207900F01F00401C42
:1019A000182805D8207900F01F00401C00B104E081
:1019B00040F2B94181A000F085FB00BF00BF606824
:1019C000C0F30820401CB0F5F07F06D86068C0F373
:1019D0000820401C142800D304E040F2BA4177A04C
:1019E00000F070FB00BF00BF0121606801EB1070C8
:1019F000102805D8606801EB1070022800D304E0BD
:101A000040F2BB416DA000F05DFB00BF2079C0F348
:101A1000C01008B9704901E070480168207900F0F1
:101A20001F00401CB1FBF0F76068C0F30820401CA9
:101A300000FB07F500BF6A48874203D86948874220
:101A400000D304E04FF498615CA000F03BFB00BFC2
:101A500000BF6548854203D84010854200D304E0AA
:101A600040F2C14155A000F02DFB00BF00BF012195
:101A7000606801EB1070B5FBF0F05C49884209D852
:101A80000121606801EB1070B5FBF0F05849884205
:101A900000D304E040F2C24148A000F013FB00BFB5
:101AA00000BF6068C0F30360401C102806D860685F
:101AB000C0F30360401C022800D304E040F2C3419D
:101AC0003EA000F0FFFA00BF00BF6068C0F3035003
:101AD000401C102806D86068C0F30350401C022840
:101AE00000D304E040F2C44134A000F0EBFA00BFA0
:101AF00000BF6068C0F30350401CB5FBF0F03B49E9
:101B0000884209D86068C0F30350401CB5FBF0F070
:101B10003749884200D304E040F2C54127A000F0D5
:101B2000D1FA00BF00BF6068C0F30360401CB5FB82
:101B3000F0F02E49884209D86068C0F30360401C69
:101B4000B5FBF0F02A49884200D304E040F2C641D8
:101B50001AA000F0B7FA00BF00BF2078012801D01A
:101B6000207800B904E04FF4996114A000F0AAFABB
:101B700000BF00BF1F48008800F0010000B104E072
:101B800040F2C9410DA000F09DFA00BF2079C109C3
:101B90001948006861F3C710174908606068086059
:101BA000207820B90120FFF783FE064603E00020DD
:101BB000FFF77EFE06463046BDE8F0816472697626
:101BC00065725C7372635C686333325F6C6C5F6315
:101BD0006C6B2E630000000000366E01381600208A
:101BE00040787D0140420F0000389C1C00C2EB0B86
:101BF000C0E1E400FE4305400041054001460020ED
:101C000009B9C01E22E000224A604A6822F0800220
:101C10004A604A6822F01F024A6013234A6863F34D
:101C200010224A604A6822F0704202F180524A60F3
:101C30004A6822F0706202F180724A604A6822F4B7
:101C4000700202F580124A6001220A70704770B576
:101C500004460D462946204607F078F907F066FD50
:101C600070BD10B50446204607F0FEFA07F05EFD91
:101C700010BDF8B505460C46002000906FF0070631
:101C800009E02846FFF7ECFD012801D1002605E018
:101C90000098401C00900098A042F2D900BF304646
:101CA000F8BD000070B50446002500BF0CB1012C42
:101CB00000D104E04FF467711EA000F003FA00BFEA
:101CC00000BF2348008800F0010000B104E040F2AA
:101CD0009D3118A000F0F6F900BFFCB91D4800784E
:101CE00000F00700032802D16FF0050520E0194835
:101CF000DA300068C0F3C01058B91648001D0078EB
:101D000010B96FF0050513E0012012490C3108707D
:101D10000EE001200F490C31087009E000200D4948
:101D20000C3108704FF480510820FFF7A2FF0546E0
:101D3000284670BD6472697665725C7372635C6814
:101D40006333325F6C6C5F636C6B2E63000000006A
:101D5000FE4305402640054070B5044614B96FF0B7
:101D600002057FE000BF2078012801D0207800B96B
:101D700004E04FF45F713CA000F0A4F900BF00BF85
:101D8000607840B16078102805D06078202802D0B3
:101D90006078302800D104E040F27D3132A000F0BC
:101DA00091F900BF00BFA07810B1A078402800D101
:101DB00004E040F27E312CA000F084F900BF00BFA7
:101DC000E078802801D0E07800B904E040F27F316B
:101DD00025A000F077F900BF00BF2079012817D0B7
:101DE0002079022814D02079032811D020790428E2
:101DF0000ED0207905280BD02079062808D020792C
:101E0000072805D02079082802D02079092800D198
:101E100004E04FF4607114A000F054F900BF00BF5B
:101E20001848008800F0010000B104E040F2813160
:101E30000DA000F047F900BF207913490870E07841
:101E400061780843A17808430E4912310870207860
:101E500020B90120FFF726FF054603E00020FFF729
:101E600021FF0546284670BD6472697665725C7311
:101E700072635C686333325F6C6C5F636C6B2E63A0
:101E800000000000FE430540A240054070470146A7
:101E9000002009B9C01E08E001220A7000228A70E1
:101EA0004A708022CA7005220A7170472DE9F04FEE
:101EB0008FB08346894601200990801E089000BF9C
:101EC0007348834508D07348834505D072488345DD
:101ED00002D07248834500D104E040F2A51170A001
:101EE00000F0F0F800BFD9F80040D9F80460002CE9
:101EF0007ED0002EFCD0B000B4FBF0F0451EFF2DCC
:101F00007ED8C9F80850B000B4FBF0F100FB1140D6
:101F10000B900B9820B90020C9F8100008906FE0D2
:101F200000206B1C40414FF0040C0022A3FB0C1E50
:101F300000FB0CE003FB02020020A1FB067302FB86
:101F4000063201FB00284FF480710022A7FB01C379
:101F500008FB013107FB021052084FEA34031CEB67
:101F60000301504122460023CDE906100846079997
:101F7000FEF7C2F98021B0EB010ABAF17F0F3DD81C
:101F8000C9F80CA048004FF0000C3B46A3FB002E04
:101F900008FB00E007FB0C081746002080221AEB24
:101FA000020240EB00030021A2FB040C03FB04C36C
:101FB00002FB0131CDE90C0138464146FEF78DFCAC
:101FC000CDE90201DDE90C01FEF787FCCDE9000156
:101FD000DDE90223FEF705FCCDE90401FEF7FAFC7A
:101FE0004FF07E510790FEF76DFA0A900A9800E0D4
:101FF00045E0C9F810000020089001E00020099099
:102000000998E0BB04EB84004000B100B0FBF1F0A4
:10201000401D0A21B0FBF1F0451EFF2D34D8C9F850
:102020000850002015F1010C404104230022ACFBB4
:10203000031E00FB03E00CFB02020023A1FB067C55
:1020400002FB06C201FB032838464146FEF745FC69
:10205000CDE902012046FEF733FCCDE90001DDE9C0
:102060000223FEF7BEFBCDE90401FEF7B3FC4FF0FF
:102070007E510790FEF726FA0A900A9800E003E0E6
:10208000C9F810000020089008980FB0BDE8F08F44
:1020900000D0014000D40140001002400014024072
:1020A0006472697665725C7372635C686333325F15
:1020B0006C6C5F75736172742E63000070477047BB
:1020C0007047704704460D462A46214602A008F094
:1020D00007FE00BFFEE7000057726F6E6720706159
:1020E00072616D65746572732076616C75653A20F6
:1020F00066696C65202573206F6E206C696E6520A3
:1021000025640D0A0000000008B50D49096AC1F3F5
:1021100002630C490968D94041F270731944491EA1
:10212000B1FBF3F206E0009200BF00994B1E009352
:102130000029FAD1011EA0F10100F4D108BD000070
:10214000004005403416002008B50C49096AC1F367
:1021500002630B490968D9400A4B1944491EB1FB77
:10216000F3F206E0009200BF00994B1E0093002995
:10217000FAD1011EA0F10100F4D108BD00400540D4
:1021800034160020808D5B007047704770477047A1
:102190007047704770477047704770477047704787
:1021A0007047704770477047704770477047704777
:1021B000704770477047704770477047704700001E
:1021C00070B50446002500BF1D480068012800D1F5
:1021D00004E040F24F111BA0FFF774FF00BF00BFE7
:1021E000F02C00D804E04FF4A87116A0FFF76AFFA6
:1021F00000BF13480830006820F0F00004F0F00140
:1022000008430F490831086010E06D1C1448006A4B
:10221000C0F3026113480068C84044F62061B0FB77
:10222000F1F0A84202D26FF0070070BD04480830F8
:10223000006800F0F000A042E7D10020F5E70000C0
:10224000000401406472697665725C7372635C6855
:102250006333325F6C6C5F65666D2E630000000057
:1022600000400540341600207047704770477047A3
:1022700070477047704770477047704770477047A6
:102280007047704770477047704770477047704796
:1022900010B50120024908700248FFF739F910BD56
:1022A0000580FF1F0803010010B500F069F80D4913
:1022B0000988084400B20B4908800846B0F90000BC
:1022C000012803DB00200880012010BD0548B0F97B
:1022D0000000002804DA002002490880401EF4E7CC
:1022E0000020F2E72480FF1F10B5FFF7DDFF044652
:1022F000002C02DDFFF7CCFF03E0002C01DA00F038
:102300005DF810BD0EB50121102000F03FFB6846BE
:1023100007F0E2FE01208DF800004020ADF8040037
:102320000421ADF806106946144807F063FB052246
:102330004021002000F024FD05228021002000F033
:102340001FFD032201210D4807F0A0FD03220221F9
:102350000A4807F09BFD01221146084807F0B0FA31
:1023600001220221054807F0ABFA4FF4004103486F
:1023700007F052FD014807F033FE0EBD0058014042
:1023800070B50B4807F0FEFA84B20A48007830B9FD
:1023900009480480012007490870002070BD0648E4
:1023A0000088201A05B2044804802846F6E7000099
:1023B000005801402280FF1F2080FF1F10B502201F
:1023C000024908700248FFF7A3F810BD0580FF1FFF
:1023D00008030100024800780249087070470000B5
:1023E0006381FF1F0085FF1F10B503480068FEF7DB
:1023F00099FA0249087210BD9881FF1F0085FF1FDE
:102400002DE9FE435148007830B14FF4E13007F038
:10241000D5FF00204D4908704D48007868B1402331
:1024200080220021084605F00DFD01F09BFF10B948
:10243000002047490870BDE8FE83FFF7FDF84548D6
:10244000006828B944A20F21642005F00DFE04E0C5
:1024500042A20F21642005F007FE41A20F210020B7
:1024600005F010FE41A21E21002005F0FDFD404AAE
:102470002D21002005F006FE3E4801683E48006818
:10248000FEF7C4FA14D14FF081413B480068FEF7D3
:10249000BDFA03D139483749086009E03749364861
:1024A0000068FEF7B3FA03D14FF08140314908606C
:1024B00064223049304801F0C3FF2F480068FEF71E
:1024C00018FA04462C480068FEF713FA05464FF048
:1024D000814129480068FEF72DF881462849FDF71B
:1024E000F4FF8046FEF705FA06464FF08041224889
:1024F0000068FEF71FF881462249FDF7E6FF804697
:10250000FEF7F7F90746202003461F4A3146CDE97A
:1025100001540090384605F08FFB1C4800780128D4
:1025200003D11BA007F089FF0EE0184800780228AD
:102530000AD14FF081401049086001200449087019
:102540004FF086401449086000BF74E7D482FF1F33
:10255000D582FF1F1404A742455252004F4B000082
:10256000E8939DE7899953505000000052583A0073
:102570006486FF1FDC82FF1FD882FF1F0000C0415E
:10258000000048420000EC42D0050100D880FF1F47
:1025900048656C6C6F000000FC80FF1F70470000F6
:1025A00010B5064840690078012803D1022005F0E3
:1025B000EDFC02E0002005F0E9FC10BDBC81FF1F2E
:1025C00010B51248007868B111A20F21002005F063
:1025D0004BFD12A21E21002005F046FD00200B49F4
:1025E00008700BE012A005F0ABFCC0F18000C0F356
:1025F0004F040FA22321204605F036FD1048007835
:10260000022802D101200149087010BDF082FF1F8D
:102610004E6F20464154465321000000436F6E66C2
:102620006967204E6F742053617665640000000076
:10263000536176656420537563636573732100008D
:10264000D880FF1F38B523480068FEF76BF984B2C5
:1026500021483223282200210090204605F0AAFCC0
:102660001EA20F21322005F0FFFC1FA21E212D20EB
:1026700005F008FD20A22D21084605F003FD22A249
:102680003C210A2005F0FEFC022005F075FC4023E9
:1026900080220021084605F0D5FB00200F231E22D2
:1026A00003210090562005F0FDFB012005F064FC9D
:1026B00055221A49074801F07DFF19480078022881
:1026C00006D11848034908604FF086401649086053
:1026D00038BD0000C482FF1F500A0100484F50451A
:1026E000202050726F000000E78988E69CAC3A20F9
:1026F000566572312E330000E582A8E5AD983A2088
:102700003136204D4200000020427920406B6B6C36
:102710005F616B61E7A791E889AF0000C882FF1F86
:10272000D880FF1F0000A042FC80FF1F2DE9FC4164
:102730003F49404804F0DAFE3FA20D21002005F099
:1027400093FC3FA20D21642005F08EFC022003467D
:10275000009038480D210268322005F03FFC02202D
:102760000346009032481A210268002005F036FC2A
:1027700002200346009033481A210268322005F0F7
:102780002DFC31492A480068FEF74AF905D32F4944
:1027900027480068FEF73AF903D22D482D49086012
:1027A00002E000202B4908603C222A492A4801F017
:1027B00001FF022005F0E0FB27480068FEF7B2F8B1
:1027C00084B2202322460021084605F03BFB234922
:1027D00021480068FEF724F905D220491E48006808
:1027E000FDF71EFE01E01C4800680746FEF781F871
:1027F00004B219480068FEF77CF805B21648006874
:10280000FEF777F806B2202003462A460021CDE9DC
:102810000040304605F06EFB012005F0ADFB10488E
:102820000078022802D100200E490860BDE8FC8132
:10283000A481FF1FA881FF1F494D553A00000000E9
:102840004F4B0000AC81FF1F00002041000020C161
:102850000000A842C082FF1FBC82FF1F0000C041D1
:10286000D880FF1FFC80FF1F10B505F035F910BDA3
:1028700010B51448007860B140238022002108463A
:1028800005F0E0FA01F06EFD10B900200D49087066
:1028900010BD0DA005F054FBC0F18000C0F34F0443
:1028A00009A21E21204605F0EDFB0B480078022806
:1028B00006D10120034908704FF08640074908609F
:1028C00000BFE5E7E082FF1F555342204469736172
:1028D000626C656400000000D880FF1FFC80FF1F51
:1028E00070B50A480068FEF71DF8C4B208480068D1
:1028F000FEF718F8C5B207480068FEF713F8C6B22D
:1029000022462946304608F0CBF970BD8881FF1F6A
:102910008481FF1F8081FF1F70B504460D4600BFF4
:102920002CB1114820431049884200D103E0842192
:102930000EA0FFF7C7FB00BF00BF0DB1012D00D1F6
:1029400003E0852109A0FFF7BDFB00BF012D05D1E4
:102950000D484068A0430C49486004E00A484068BC
:1029600020430949486070BD79FD0F0F6472697694
:1029700065725C7372635C686333325F6C6C5F6654
:1029800063672E63000000000080044070B50446B9
:102990000D4600BF2CB1114820431049884200D198
:1029A00003E096210EA0FFF78DFB00BF00BF0DB125
:1029B000012D00D103E0972109A0FFF783FB00BFA1
:1029C000012D05D10D488068A0430C49886004E0C2
:1029D0000A48806820430949886070BDFF87070066
:1029E0006472697665725C7372635C686333325FCC
:1029F0006C6C5F6663672E6300000000008004401B
:102A000070477047704770472DE9F05F05460E46E6
:102A100014464FF0000B14B96FF0020BD9E000BF61
:102A20006D48008800F0010000B104E04FF48071AF
:102A30006AA0FFF747FB00BF00BF4DB1012D07D0D3
:102A4000022D05D0032D03D0042D01D0052D00D17A
:102A500004E040F2011161A0FFF734FB00BF00BFAA
:102A600016B1B0B200B104E04FF481715BA0FFF782
:102A700029FB00BF00BF208810B12088012800D1A9
:102A800004E040F2031155A0FFF71CFB00BF00BF9C
:102A9000608810B16088022800D104E04FF4827190
:102AA0004EA0FFF70FFB00BF00BFA08810B1A088A9
:102AB000042800D104E040F2051148A0FFF702FB12
:102AC00000BF00BFE08828B1E088102802D0E0886D
:102AD000202800D104E04FF4837140A0FFF7F2FA00
:102AE00000BF00BF208918B12089B0F5804F00D108
:102AF00004E040F2071139A0FFF7E4FA00BF00BF7D
:102B0000608910B16089402800D104E04FF48471DD
:102B100032A0FFF7D7FA00BF00BFA08918B1A08983
:102B2000B0F5007F00D104E040F209112BA0FFF7BF
:102B3000C9FA00BF00BFE08918B1E089B0F5805F35
:102B400000D104E04FF4857124A0FFF7BBFA00BF69
:102B500000BF208A18B1208AB0F5004F00D104E0F0
:102B600040F20B111DA0FFF7ADFA00BF00272DE0CA
:102B700006F0010028B3208861880843A188084333
:102B8000E188084361890843A1890843E189084332
:102B9000218940EA010A45F27728208A40EA0A0A98
:102BA00048F400480C48001D00EB851000EB870935
:102BB000B9F8000020EA08000AEA08010843A9F869
:102BC0000000761006B903E0781CC7B2102FCFD3EF
:102BD00000BF5846BDE8F09FFC3B05406472697633
:102BE00065725C7372635C686333325F6C6C5F67E1
:102BF00070696F2E6300000070B504460D4600BF7B
:102C00004CB1012C07D0022C05D0032C03D0042C8E
:102C100001D0052C00D104E04FF4FF710CA0FFF7A8
:102C200051FA00BF00BF15B1A8B200B104E040F2F4
:102C3000FF1107A0FFF746FA00BF0C4901EB041093
:102C4000B0F80008284008B1012070BD0020FCE762
:102C50006472697665725C7372635C686333325F59
:102C60006C6C5F6770696F2E630000000030054078
:102C700070B504460D4600BF4CB1012C07D0022CA4
:102C800005D0032C03D0042C01D0052C00D104E086
:102C900040F24A210BA0FFF715FA00BF00BF15B1A3
:102CA000A8B200B104E040F24B2106A0FFF70AFAF7
:102CB00000BF0B48102101FB0406308828433080F8
:102CC00070BD00006472697665725C7372635C68E3
:102CD0006333325F6C6C5F6770696F2E6300000056
:102CE0000A38054070B504460D4600BF24B144F0D3
:102CF0001F001F2800D104E04FF4B27118A0FFF7A5
:102D0000E1F900BF00BF0DB1012D00D104E040F298
:102D1000651113A0FFF7D6F900BF00BF1748008860
:102D200000F0010000B104E04FF4B3710CA0FFF714
:102D3000C9F900BF012D09D110480838008804F0F6
:102D40001F0108430D490839088008E00B4808387E
:102D5000008804F01F01884308490839088070BDC5
:102D60006472697665725C7372635C686333325F48
:102D70006C6C5F6770696F2E63000000FC3B054060
:102D80002DE9F04104460D46164600BF4CB1012C1A
:102D900007D0022C05D0032C03D0042C01D0052C25
:102DA00000D104E04FF4BE7124A0FFF78BF900BFFF
:102DB00000BF15B1A8B200B104E040F27D111FA020
:102DC000FFF780F900BF00BF0F2E03D9202E02D3DA
:102DD0003B2E00D804E04FF4BF7118A0FFF772F942
:102DE00000BF00BF1C48008800F0010000B104E0F3
:102DF00040F27F1111A0FFF765F900BF002717E02F
:102E000005F0010078B11448801D00EB841000EB40
:102E10008708B8F800004FF6C071084006F03F017F
:102E20000843A8F800006D1005B903E0781CC7B28C
:102E3000102FE5D300BFBDE8F08100006472697611
:102E400065725C7372635C686333325F6C6C5F677E
:102E500070696F2E63000000FC3B054070B50446AE
:102E60000D4600BF4CB1012C07D0022C05D0032C1D
:102E700003D0042C01D0052C00D104E04FF40E71D6
:102E80000BA0FFF71FF900BF00BF15B1A8B200B13A
:102E900004E040F2392106A0FFF714F900BF0B4807
:102EA000102101FB040630882843308070BD0000EB
:102EB0006472697665725C7372635C686333325FF7
:102EC0006C6C5F6770696F2E630000000838054006
:102ED00010B5044600BF44B1B4F5804F05D0B4F539
:102EE000004F02D0B4F5404F00D104E04FF4ED7133
:102EF0000EA0FFF7E7F800BF00BF1348008800F0FE
:102F0000010000B104E040F2DB1108A0FFF7DAF89D
:102F100000BF0D48001F0088C0F30D0004F44041BD
:102F200008430949091F088010BD000064726976D2
:102F300065725C7372635C686333325F6C6C5F678D
:102F400070696F2E63000000FC3B054001460020C5
:102F500009B9C01E09E000220A804A80CA800A829C
:102F60000A814A818A81CA818A807047F0B53E4EC3
:102F7000367806F00706062E43D2DFE806F0030790
:102F80000A0E1115394E366806603BE0384E066071
:102F900038E04FF40046066034E0364E066031E01B
:102FA0004FF4004606602DE02F4EDA363668330FB8
:102FB0002D4E263ED6F80061C6F307222A4EDA3699
:102FC000366806F01F04284E263ED6F80061C6F388
:102FD000C01656B9661C274FB7FBF6F6571C7E4342
:102FE0005F1CB6FBF7F606600AE0204E3568661CEB
:102FF000B5FBF6F6571C7E435F1CB6FBF7F6066082
:1030000000E000BF00BF1849891F174E263E366AF0
:103010000E6006680F68C7F30267FE4046600F78CF
:10302000C7F302170668FE40C66006680F68C7F35C
:103030000247FE4086610F88C7F302370668FE40EC
:10304000466106680F68C7F30257FE40C6610F78F5
:1030500007F007070668FE4086600F88C7F302275F
:103060000668FE400661F0BD264005403816002087
:1030700000127A0000366E012DE9FE43012501247D
:103080003D4801903D4809F093FB3D493B480AF01B
:1030900041F86CE004F0CEFE65B1402380220021AF
:1030A000084604F0CFFE01F05DF900B9002504F0F8
:1030B00051FF5CE0012C4BD10298FDF733FC86B246
:1030C00030490298FDF7ACF981464FF08641FDF793
:1030D000FCF98046FDF726FC87B201200F2332461B
:1030E00017210090384604F0F1FE27A004F028FFD5
:1030F000C0F18000C0F34F0623A22621304604F021
:10310000C1FF28A004F01CFFC0F18000C0F34F06EF
:1031100024A20F21304604F0B5FF022004F02CFF5A
:103120000298FDF7FFFB86B24FF082410298FDF74F
:1031300001FA8046FDF7F6FB87B200200F233246E6
:1031400019210090384604F0ADFE012004F014FF70
:103150005F2201A902A801F02DFA28B9012C03D1A0
:1031600001F0BAFA002403E004F0F4FE00BF91E796
:1031700000BFBDE8FE8300000000D2422006002010
:103180000E1D01000000E04020E8AFB7E7AD89E583
:10319000BE85E5889DE5A78BE58C96E5AE8CE68837
:1031A0009020000048656C6C6F484F50450000004F
:1031B00010B5A1480088002842D1A0480078022814
:1031C00058D19F48007800283BD09E490968086A7A
:1031D00008F038FE9C4901EB00109A49C468096860
:1031E000096A08682146FDF71BF996490968096ACA
:1031F000086094490968086A08F024FE924901EBC6
:103200000010904984680968096A08682146FDF73A
:1032100007FC0CD88B490968086A08F013FE8A4934
:1032200001EB0010806887490968096A08608548D1
:103230000068806A002803D082490968886A80474C
:10324000F8E082480088401C00B2804908800120D4
:10325000794908807E480068C06800897B49B1F9D7
:103260000010884202DA00207849088079A007F02F
:1032700037FDDFE071480078012858D170480078A8
:10328000D8B370490968086A08F0DCFD6E4901EBA3
:1032900000106C49C4680968096A08682146FDF78E
:1032A00011F968490968096A086066490968086A85
:1032B00008F0C8FD644901EB0010624944680968E0
:1032C000096A08682146FDF7A1FB0CD85D49096829
:1032D000086A08F0B7FD5C4901EB001040685949E5
:1032E0000968096A086057480068806A0028A7D002
:1032F00054490968886A80479CE0FFE75348008882
:10330000401E00B25149088002204B4908804F48B6
:10331000B0F90000002806DA4D480068C06800894E
:1033200000B24A4908804FA007F0DAFC82E0514819
:103330000078012862D1434800680079062857D2F6
:10334000DFE800F0561703344D1B03203A4908808C
:103350003C48006890F825004749088039480068D3
:1033600090F82600394908803948006843490860C8
:103370003FE00120424908703BE032480068C069E4
:1033800058B130480068C069007808B9012000E0F1
:1033900000202C490968C96908702A480068806AB9
:1033A00018B128490968886A804722E025480068E2
:1033B000C06958B123480068C069007808B9012085
:1033C00000E000201F490968C96908701D480068AD
:1033D000806A18B11B490968886A804709E0184863
:1033E000007808B9012000E000201549087000E0CD
:1033F00000BF00BF23A007F073FC1BE01D4800784E
:10340000022817D11D48006888B103200A490880A6
:103410001A480068007D1849088000200B49088080
:103420000B480068154908600020054908701AA07B
:1034300007F056FC10BD0000D480FF1FD980FF1F8D
:10344000D780FF1FCC80FF1FD481FF1FD280FF1FBA
:10345000C480FF1F456E6F6364657220476F0D0A5D
:1034600000000000456E6F63646572204261636B0B
:103470000D0A0000D880FF1FD080FF1FC880FF1FEB
:103480001581FF1F4B65792073696E676C6520702D
:10349000726573730D0A00004B6579206C6F6E675F
:1034A0002070726573730D0A000000002DE9F84F5B
:1034B00004460E46AE480068007808B3AD49096E70
:1034C0000868FDF72FFAC5B22A4604F11C01081F4F
:1034D00001F070F8A74909690868FDF723FAC5B239
:1034E0002A46A549A54801F065F84B22A449A548FC
:1034F00001F060F84122A449A44801F05BF80DE016
:10350000E069A0619C4800689C4908609C4800688C
:103510009C4908609C4800689C490860206AFDF747
:10352000E8F907B2012004F01DFDA56830E0298903
:103530009748B0F90000401F814206DD2989944870
:10354000B0F90000801D814200DB20E02889FCF7F3
:103550003FFF83468B4801685846FCF7B9FF824617
:103560008C48A169FCF75CFF51460090FCF758FFBE
:103570008146FDF7BEF90FFA80F8E868B9B200900D
:103580001FFA88F020231A4604F014FD00BF2D68AE
:103590002889E18A884204DA95F82400217D88424E
:1035A000C5D0002004F0DEFC7B4804F0F9FC77482D
:1035B00001687A48FCF786FF834607F13600FCF77E
:1035C000FEFE59460090FCF72BFF8246FDF7AAF954
:1035D00085B2306904F0B4FCC0F18000C0F34F093B
:1035E00029464846326904F03FFD6D4804F0D8FC96
:1035F000022004F0C1FC206AFDF794F985B25F480F
:1036000001686448FCF70CFF8246FDF78BF91FFA4E
:1036100080F9002020231A4629460090484604F0ED
:1036200041FC5A480068FDF77DF91FFA80F94FF018
:103630008441206AFCF7F4FE83464FF08141FCF799
:10364000EFFE0546FDF76EF91FFA80FA18234A4689
:103650005146002004F0F6FB012004F08DFC514897
:10366000B0F9000006287FD2DFE800F00304223A18
:1036700057707AE04649B1F9001001EB41010901A8
:103680004842FCF79CFEE06147493C480068FCF773
:1036900019FF3A49086045483C4908603C480088A1
:1036A00010B900203749086000203E4908805CE0DE
:1036B0003749B1F9001001EB410109014842FCF71B
:1036C0007EFEE06138492D480068FCF7A9FE2B49D1
:1036D000086036482D49086000203249088044E0DF
:1036E000002060623248206232482649086023493F
:1036F00008603148314908602549B1F9001001EBF3
:10370000410109014842FCF75AFEE06127481F4980
:10371000086004202349088027E04B2204F124019B
:10372000081F00F08DFE28B92548007840F0FF0002
:103730002349087022480078FF2805D1002020493D
:1037400008700520174908800FE00DE01049B1F915
:10375000001001EB410109014842FCF730FEE06135
:1037600000201049088000E000BF00BFBDE8F88FCE
:10377000BC81FF1FD481FF1FE880FF1FE480FF1F73
:103780000081FF1FFC80FF1F1081FF1F0C81FF1FA6
:10379000D280FF1F0000404236F10200000070415D
:1037A0000E1D0100D480FF1F0000C041000080C03A
:1037B00000002042000020430000C042DC80FF1FC8
:1037C000D680FF1F03B597B0FE4800680078B0B3FD
:1037D000FD48006D00681390FDF7A4F8C0B20246E2
:1037E000149017992C311798283000F0E3FEF64812
:1037F000006A00681390FDF795F8C0B20246F349DD
:103800001490F34800F0D6FEEF48006B0068139068
:10381000FDF788F8C0B20246EE491490EE4800F079
:10382000C9FEE948006C00681390FDF77BF8C0B250
:103830000246EA491490EA4800F0BCFE0FE0FFE7B8
:103840001798C16A8162E1480068E1490860E1486F
:103850000068E1490860E1480068E149086017989C
:1038600080691490FDF745F800B2169017988068AB
:103870001490AEE214980089139000EBD0704110C0
:103880001398A0EB410000287FD11798C08A0190BF
:10389000FCF79EFD014602904FF08540FCF74AFE82
:1038A0000390FDF76CF8CDE9040108F01FFACDE9AB
:1038B0000801149800890590FDF702F8CDE906018A
:1038C000DDE90823FCF71BFFCDE90C011798006A1E
:1038D0000990FDF754F8CDE90A01DDE90C23FCF766
:1038E00067FECDE90E01FDF731F880B2139017980D
:1038F0008069BC490E90FCF793FD0F90FDF712F81C
:1039000080B212901798C08A0190FCF761FD0146C1
:1039100002904FF08540FCF70DFE0390FDF72FF865
:10392000CDE9040108F0E2F9CDE908011498008915
:103930000590FCF7C5FFCDE90601DDE90823FCF79A
:10394000DEFECDE90C011798006A0990FDF717F823
:10395000CDE90A01DDE90C23FCF72AFECDE90E01D1
:10396000FCF7F4FF80B21190179880699E490E9081
:10397000FCF756FD0F90FCF7D5FF80B2109011A90F
:103980000EC904F07FFA7EE0FFE71798C08A019025
:10399000FCF71EFD014602904FF08540FCF7CAFD82
:1039A0000390FCF7ECFFCDE9040108F09FF9CDE9A5
:1039B0000801149800890590FCF782FFCDE9060103
:1039C000DDE90823FCF79BFECDE90C011798006A9E
:1039D0000990FCF7D4FFCDE90A01DDE90C23FCF7DF
:1039E000E7FDCDE90E01FCF7B1FF80B21390179807
:1039F00080697E490E90FCF713FD0F90FCF792FF53
:103A000080B212901798C08A0190FCF7E1FC014641
:103A100002904FF08540FCF78DFD0390FCF7AFFF5F
:103A2000CDE9040108F062F9CDE908011498008994
:103A30000590FCF745FFCDE90601DDE90823FCF719
:103A40005EFECDE90C011798006A0990FCF797FF1C
:103A5000CDE90A01DDE90C23FCF7AAFDCDE90E0151
:103A6000FCF774FF80B21190179880695E490E9040
:103A7000FCF7D6FC0F90FCF755FF80B2109011A90F
:103A80000EC904F0FFF9149801895948B0F90000F3
:103A9000401F814207DD149801895548B0F90000A4
:103AA000801D814200DB91E114980089C0EB001079
:103AB0000F90FCF784FC11901798006A01460F9054
:103AC0004C48FCF7ADFC10901199FCF7A9FC129042
:103AD0001798806A014611901298FCF7A1FC139088
:103AE000FCF707FF00B2159014980079062867D2FA
:103AF000DFE800F003661DB2E137159880B213903D
:103B00001698801C80B23CA21290139904F0ACFA73
:103B1000149800691390159880B2129016980B3083
:103B200080B21190DDE9121204F09EFA4CE1159872
:103B300080B213901698801C80B230A21290139914
:103B400004F092FA149800691390159880B21290BC
:103B500016980C3080B21190DDE9121204F084FA4C
:103B600032E1159880B213901698801C80B222A280
:103B70001290139904F078FA14980069139015982C
:103B800080B2129016980B3080B21190DDE91212BB
:103B900004F06AFA1498C0690078012834D1022030
:103BA00004F0EAF91598401C80B2139016986E3014
:103BB00080B213A21290139904F056FA012021E06A
:103BC000E7E00000BC81FF1FD481FF1FE080FF1FE2
:103BD000DC80FF1FF080FF1FEC80FF1FF880FF1FBD
:103BE000F480FF1F0000FE420000FA420000FC4289
:103BF000D280FF1F000060412D0000002B0000005C
:103C00002A00000004F0B8F91598093880B2139022
:103C100016986C3080B20B231A461290139904F058
:103C200021F914980089F749B1F90010884212D19E
:103C3000022004F0A1F915980A3880B21390169862
:103C40006B3080B20C231A461290139904F0FAF8E4
:103C5000012004F091F9B7E0159880B213901698FE
:103C6000801C80B2AFF270021290139904F0FCF93C
:103C7000149800691390159880B2129016980B3022
:103C800080B21190DDE9121204F0EEF91498C069C7
:103C90000078012801D1DCA000E0DCA01390159889
:103CA00080B212901698683080B21190DDE912123D
:103CB00004F0DAF988E0159880B213901698801C09
:103CC00080B2AFF2CC021290139904F0CDF914989F
:103CD00000691390159880B2129016980B3080B23C
:103CE0001190DDE9121204F0BFF91498006A00681F
:103CF000C7491290FCF78AFE02D21698603001E0A4
:103D00001698583080B21390012000901498006AE1
:103D100000681290159880B2022311900146DDE9E7
:103D2000122004F05BF914980089B649B1F900102B
:103D300088422DD1B748007850B3022004F01CF916
:103D40001498006A006800211190FCF75FFE01D210
:103D5000302000E0202013901498006A00680021B1
:103D60001190FCF753FE02D21698483001E01698E5
:103D7000583080B2129015980A3880B20B231190F7
:103D80000146DDE9120204F05DF8012004F0F4F8C8
:103D90001AE0159880B213901698801C80B2AFF28A
:103DA000A8121290139904F05FF914980069139007
:103DB000159880B2129016980B3080B21190DDE900
:103DC000121204F051F900BF00BF00BF1498006840
:103DD0001490149801891798C08A814207DA1498C0
:103DE00090F824101798007D81423FF443AD0220E3
:103DF00004F0C2F8179880690F90874801680F98FF
:103E0000FCF70EFB85491090FCF70AFB1190FCF7BC
:103E100089FD80B214901798006A1090804801685C
:103E20001098FCF7FDFA1190FCF77CFD80B213901E
:103E3000179880691190FCF775FD80B212900020F0
:103E40001123009012A807C804F02CF8012004F0F8
:103E500093F81798006A4FF085410F90FCF7E0FA4D
:103E60001090FCF75FFD80B21490179880696D493F
:103E70000F90FCF7D5FA1090FCF754FD80B2139028
:103E80001798006A1090FCF74DFD80B212901798B9
:103E9000806964490F90FCF7C3FA1090FCF742FD6B
:103EA00080B2119012A90EC903F0ECFF1798C08AD6
:103EB0000990FCF78DFA01460A904FF08540FCF717
:103EC00039FB0B90FCF75BFDCDE90C0107F00EFF11
:103ED000CDE90E01FCF73AFD80B214901798806985
:103EE00051490F90FCF79CFA1090FCF71BFD80B233
:103EF00013901798006A0F904C4801680F98FCF7D0
:103F00008FFA1090FCF70EFD80B21290179880691E
:103F100047490F90FCF784FA1090FCF703FD80B23C
:103F2000119012A90EC903F08DFF4248B0F90000AC
:103F3000062865D2DFE800F003048AE6FCFBB9E15D
:103F40003048B0F90000042807DB1798C06A3A49E6
:103F50001490FCF7B7FA1799C8622A48008810B97C
:103F600000211798C162354935480068FCF7AAFA64
:103F70002B4908602348B0F90000042806DA2E49CE
:103F80002F480068FCF74CFA2D4908601D4800884E
:103F900010B900202A49086018980069139003F0AE
:103FA000CFFF08301490FCF713FA264908601798E1
:103FB000C08A0990FCF70CFA01460A904FF0854040
:103FC000FCF7B8FA0B90FCF7DAFCCDE90C0107F02E
:103FD0008DFECDE910010B48B0F90000FCF7FDF9AA
:103FE000CDE90E01DDE91023FCF789FBCDE91201D3
:103FF000FCF7F0FC1449086000200E49088059E1E4
:1040000057E10000D280FF1F4F6E00004F66660030
:104010000000C842D780FF1FEC80FF1F0000A040B7
:10402000DC80FF1F0000FC4200004040F480FF1FC6
:104030000000FA42D480FF1F000070410000B4412C
:10404000E080FF1FF080FF1FF880FF1F00219B48CA
:104050000068FCF7DBFC0AD19948B0F90000404247
:10406000C0EB00101490FCF7AAF91799C8629549A3
:1040700092480068FCF7D4F99349086093498F4847
:104080000068FCF71FFA8D49086000218B48006822
:10409000FCF7BCFC02D80020884908601898006929
:1040A000139003F04DFF08301490FCF791F9884904
:1040B00008601798C08A0990FCF78AF901460A90AF
:1040C0004FF08540FCF736FA0B90FCF758FCCDE931
:1040D0000C0107F00BFECDE910017948B0F90000A2
:1040E000FCF77BF9CDE90E01DDE91023FCF707FBB6
:1040F000CDE91201FCF76EFC764908600020764994
:104100000880D7E000211798C16174491798816130
:1041100073486D4908606A48B0F90000C1171490EF
:1041200000EB917081101498A0EB810001E07AE01F
:1041300060E0C0EB00101390FCF741F95F490860A4
:1041400018980069139003F0FBFE08301490FCF7F8
:104150003FF95F4908604FF0854062490860179851
:10416000C08A401C402191FBF0F05549B1F9001084
:1041700048431490FCF723F9564908605048B0F9B9
:104180000000C117149000EB917081101498A0EBFF
:104190008100401E20B34A48B0F90000C0F1010080
:1041A0001290FCF70CF914901798C06A47491290C6
:1041B000FCF7C0F913901499FCF728FC08D1179864
:1041C000C06A42491490FCF77DF91799C86207E06C
:1041D0001798C06A44491490FCF774F91799C8629B
:1041E0003748008810B900211798C16204203A4965
:1041F00008805FE0552217991C311798183000F09D
:1042000083F928B93948007840F0FF003749087031
:1042100036480078FF2805D1002134480170052078
:104220002D49088046E02648B0F90000C1171490D7
:1042300000EB917081101498A0EB8100C0EB00108E
:104240001390FCF7BCF81D4908601898006913909A
:1042500003F076FE08301490FCF7BAF81C490860A9
:104260001798C08A0990FCF7B3F801460A904FF0FE
:104270008540FCF75FF90B90FCF781FBCDE90C0161
:1042800007F034FDCDE910010D48B0F90000FCF74E
:10429000A4F8CDE90E01DDE91023FCF730FACDE9F1
:1042A0001201FCF797FB0B49086000200A490880BF
:1042B00000E000BF00BF19B000BD0000E080FF1F9C
:1042C000D280FF1F0000B441DC80FF1F000070415E
:1042D000F080FF1FF880FF1FD480FF1F0000C8423E
:1042E0000000C042F480FF1F00007042D680FF1F14
:1042F0000146074A48681268101A0A68904204D3B7
:10430000034800684860012070470020FCE7000077
:10431000AC80FF1F2DE9F04104460F460D480068B0
:1043200048B902220CA12046A36C98470021056BD6
:104330000846A8470BE0022207A12046A36C984735
:10434000066B04480068057D00212846B047002020
:10435000BDE8F081C880FF1F457869740000000047
:10436000704700002DE9F04103F0DEFDC70003F0C7
:10437000E1FD07FB00F503F0D1FD044600262F48C0
:10438000007806280FDB00200BE0014600EBD1721D
:104390005210A0EB42021AB9215C01F055012154E0
:1043A000401CA842F1DB254800780D280FDB0020D7
:1043B0000BE0014600EBD1725210A0EB42021AB1A1
:1043C000215C01F0AA012154401CA842F1DB1B48EA
:1043D000007811280DDB002009E0014600EBD172C6
:1043E0005210A0EB42020AB900212154401CA842FD
:1043F000F3DB1248007814280DDB002009E00146A9
:1044000000EBD1725210A0EB42020AB100212154FC
:10441000401CA842F3DB09480078401C074908709B
:1044200008460078152802DD01260020087016B91C
:104430000120BDE8F0810020FBE700005881FF1F4C
:104440002DE9F05F04460E46154631682068FCF7FA
:10445000DDFA02D10020BDE8F09F31682068FCF74A
:1044600031F88246FCF78BFA21F000410746FCF751
:10447000B1FA81464FF07E514846FCF7C7FA02D8A0
:104480003068206018E01C494846FCF7C9FA03D29E
:1044900005EB450085B20FE018494846FCF7C0FA25
:1044A00004D24FF6FF7000EA450505E0144948467E
:1044B000FCF7B6FA00D2ADB231682068FCF7A6FA74
:1044C00015D02846FBF784FF83460E49FCF700F819
:1044D000804621683068FBF7F5FF82464146FCF7CD
:1044E00029F807462168FBF79BFF206001E00020C8
:1044F000B1E70120AFE700000000A04100007041DB
:104500000000A040CDCCCC3D2DE9F05F04460D4627
:10451000164629682068FCF779FA02D10020BDE828
:10452000F09F29682068FBF7CDFF8246FCF727FA49
:1045300021F000410746FCF74DFA81464FF07E51CD
:104540004846FCF763FA02D8286820602BE0174938
:104550004846FCF75BFA0ED23046FBF739FF82463D
:104560004946FBF7B5FF80461149FBF7B1FF074607
:10457000FCF7D8F986B20A2E00DA0A263046FBF795
:1045800027FF83460A49FBF7A3FF80462168286876
:10459000FBF798FF82464146FBF7CCFF07462168B0
:1045A000FBF73EFF20600120B9E70000000020413A
:1045B000CDCCCC3D2DE9F04704460D461646296882
:1045C0002068FCF723FA02D10020BDE8F0872968B3
:1045D0002068FBF777FF8146FCF7D1F921F0004115
:1045E00007464FF080420F4BFCF7DCF902D22868F7
:1045F000206014E03046FBF7EBFE82460A49FBF7E9
:1046000099FF804621682868FBF75CFF8146414698
:10461000FBF790FF07462168FBF702FF20600120AF
:10462000D3E700003333C33F0000204110B52648D4
:10463000FFF75EFE98B303F0FDFB244800680079A5
:1046400018B123480069007830B1224801681F483A
:104650000068FFF7B7F820E01C48006800790128DF
:104660000AD11A480068006C30B91A480168174826
:104670000068FEF71BFF10E014480068007901286D
:104680000BD112480068006C38B110480068026C09
:10469000104801680D480068904703F05BFC0B4828
:1046A0000068006B18B109490968086B8047074822
:1046B0000068806B20B105490968886B804701E07C
:1046C000FEF776FD10BD00003081FF1FC480FF1F84
:1046D000BC81FF1FCC80FF1F2DE9F84FE1A1012015
:1046E000FCF7A4FC0546E2A10020FCF79FFC044671
:1046F000E2A10020FCF79AFC0746E2A10020FCF7AB
:1047000095FC0646E3A10020FCF790FC8046E4A15E
:104710000020FCF78BFCD0F834A0E448D047814659
:104720000222D4A12846AB6C984794F814A000212B
:10473000D0F830B05046D847C06A0090DC480099A5
:1047400088470222D0A12846AB6C9847006B0090A6
:1047500096F814B000215846009A9047D0F82CA043
:10476000D448D047D44B0122D4A12846D5F848C01C
:10477000E047D0F82CA0D248D047D24B0122D2A19A
:104780002846D5F848C0E047D0F82CA0D048D047FC
:10479000D04B0122D0A12846D5F848C0E047D0F838
:1047A0002CA0D048D0470222CFA12846AB6C984716
:1047B00098F814A00021D0F830B05046D847C06A0D
:1047C0000090CA4800998847C94B0122C9A12846D0
:1047D000D5F848C0E047D0F82CA0C748D0470222FF
:1047E000C6A12846AB6C984799F814A00021D0F8D0
:1047F00030B05046D847C06A0090BF4800998847FB
:10480000C04B0122C0A12846D5F848C0E047D0F8E7
:104810002CA0BF48D047002296A12046A36C984701
:104820000222BCA12046A36C984797F814A000214F
:10483000D0F830B05046D847B9480090B94B032261
:10484000B9A12046D4F848C0E047BB480090BB4817
:1048500043690322BAA12046D4F848C0E047BB48C8
:104860000090BB4B0422BBA12046D4F848C0E047CF
:10487000BB480090BB4B0322BBA12046D4F848C0E4
:10488000E04700200090BB4B0322BBA12046D4F898
:1048900048C0E04700200090BB4B0322BBA120464C
:1048A000D4F848C0E047BC480090BC48D0F8D030AD
:1048B0000422BBA12046D4F848C0E047BB4B0122EC
:1048C000BBA12046D4F848C0E0470222BAA1204646
:1048D000A36C984795F814A00021D0F830B050464A
:1048E000D847002268A13046B36C9847002000905A
:1048F000B34B0322B3A13046D6F848C0E0470022AC
:10490000B3A13046B36C984700200090B44B04220A
:10491000B4A13046D6F848C0E04700200090B34B21
:104920000422B3A13046D6F848C0E04700200090EA
:10493000B14B0422B1A13046D6F848C0E047002070
:104940000090B14B0422B1A13046D6F848C0E047F0
:1049500000200090B04B0422B0A13046D6F848C0E9
:10496000E04700200090AF4B0422AFA13046D6F8BC
:1049700048C0E047022290A13046B36C984795F8B2
:1049800014A00121D0F830B05046D847002261A1D0
:104990003846BB6C984700200090A54B0422A5A187
:1049A0003846D7F848C0E04700200090A34B0422C7
:1049B000A3A13846D7F848C0E04700200090A24B9A
:1049C0000422A2A13846D7F848C0E04702227AA1C3
:1049D0003846BB6C984794F814A00121D0F830B049
:1049E0005046D84700229BA14046D8F84830984707
:1049F0009C4800909C4B04229CA14046D8F848C09B
:104A0000E047984800909B4B04229BA14046D8F871
:104A100048C0E047934800909A4B04229AA1404630
:104A2000D8F848C0E047022263A14046D8F8483091
:104A3000984795F814A00521D0F830B05046D847D3
:104A400093A14846FFF766FC002007F0D1FB8246A1
:104A5000514690A006F044F9E18A93A006F040F98F
:104A6000BDE8F88F706167654D61696E00000000F8
:104A70007061676553657474696E6700706167651E
:104A80005049440070616765416E696D6174696F7A
:104A90006E00000070616765575332383132000094
:104AA0007061676546696C657300000061430000D2
:104AB00050040100500601007128000055534200C7
:104AC000500501002D2700004779726F000000009B
:104AD000D004010001240000426C7565746F6F748E
:104AE00068000000D005010052474200D0080100D4
:104AF000692800003F3F3F00D00901004D79466919
:104B00006C6573004526000041626F7574000000FB
:104B10005009010050494420456469746F720000D7
:104B2000D57D00006281FF1F496E76657273654313
:104B30006F6C6F7200000000A1250000BC81FF1F98
:104B400046696C7053637265656E0000057E0000F7
:104B50009C81FF1F4C696768744C6576656C00002A
:104B6000D52300006381FF1F42656570456E616259
:104B70006C6500004C80FF1F554153525436325033
:104B800072696E74660000006481FF1F5061676582
:104B9000324C697374000000E9230000D481FF1FC8
:104BA000566F6C756D65204374726C00C1250000F2
:104BB00053617665416C6C004578697400000000B3
:104BC0006081FF1F536D6F6F7468416E696D0000E7
:104BD0002D506C7353657453706565642D2D000002
:104BE0006C81FF1F4672655F780000006881FF1FBF
:104BF0004672655F790000007081FF1F4672655F35
:104C000077696474680000007481FF1F536C6964E5
:104C10006261725F790000007C81FF1F6C697374B0
:104C20005F7900007881FF1F69636F6E5F78000015
:104C30008C81FF1F5049445F4B7000009081FF1F23
:104C40005049445F4B6900009481FF1F5049445F05
:104C50004B64000057533238313252474253657427
:104C600000000000E12800008081FF1F536574529E
:104C7000656400008481FF1F536574477265656E2B
:104C8000000000008881FF1F536574426C75650049
:104C9000313A00006D616C6C6F6320757365643A26
:104CA00025640D0A000000006974656D4D61783A55
:104CB00025640D0A0000000010B53D4800783D490C
:104CC00008703D4800783D49087000203849087058
:104CD000394908703A480068007D3A49B1F9001036
:104CE000884202D136480068B8B93748006834496C
:104CF000086004E0324800680068314908603048C4
:104D00000068007D2F49B1F900108842F2D12C488B
:104D10000068017D2DA005F0E3FF2F4800680089A1
:104D20002E49B1F9001088420BD12B48006890F849
:104D300024002449B1F90010884202D126480068B5
:104D4000C0B91F48006880682349086004E0224811
:104D500000680068204908601F48006800891F49F2
:104D6000B1F900108842F2D11B48006801891CA0EB
:104D700005F0B6FF1E480078B8B103F05BF816489E
:104D80000068806A20B114490968886A804702E097
:104D900000201749087007480078022802D1002037
:104DA0001349087003F0D6F801E0FFF73FFC10BD8F
:104DB0000480FF1FD880FF1F0580FF1FD980FF1FC1
:104DC000C480FF1FD080FF1FB480FF1F7061676524
:104DD00069643A25640D0A00CC80FF1FD280FF1F52
:104DE0006974656D6C69643A25640D0A0000000001
:104DF0001581FF1F02480068401C01490860704788
:104E0000AC80FF1F7047704770477047704770470E
:104E100070477047704770477047704770477047DA
:104E200070477047704770477047704770477047CA
:104E30007047704770B5044600260CB9F61E4BE06B
:104E400000BF2088B0F5007F00DA03E0CD2123A069
:104E5000FDF738F900BF2088400900EB4000202111
:104E600001EB4000B4F9021088420AD820884009BA
:104E700000EB4000252101EB4000B4F9021088420C
:104E800006D2B4F90200202802D36FF0020623E014
:104E900060881A49042212FB00152868C0F3080034
:104EA00040F2FF11884208D120882860B4F902102E
:104EB000134A606842F821000EE020882968C1F397
:104EC0000801884206D1B4F902100D4A606842F820
:104ED000210001E06FF00106304670BD6472697612
:104EE00065725C7372635C686333325F6C6C5F69BC
:104EF0006E74657272757074732E63005C10054079
:104F00000083FF1F10B5034908688047BFF34F8F28
:104F100010BD00000083FF1F10B50349486880479B
:104F2000BFF34F8F10BD00000083FF1F10B5034972
:104F300088688047BFF34F8F10BD00000083FF1FBC
:104F400010B50349C8688047BFF34F8F10BD0000FC
:104F50000083FF1F10B5034908698047BFF34F8FD7
:104F600010BD00000083FF1F10B50349486980474A
:104F7000BFF34F8F10BD00000083FF1F10B5034922
:104F800088698047BFF34F8F10BD00000083FF1F6B
:104F900010B50349C8698047BFF34F8F10BD0000AB
:104FA0000083FF1F10B50349086A8047BFF34F8F86
:104FB00010BD00000083FF1F10B50349486A8047F9
:104FC000BFF34F8F10BD00000083FF1F10B50349D2
:104FD000886A8047BFF34F8F10BD00000083FF1F1A
:104FE00010B50349C86A8047BFF34F8F10BD00005A
:104FF0000083FF1F10B50349086B8047BFF34F8F35
:1050000010BD00000083FF1F10B50349486B8047A7
:10501000BFF34F8F10BD00000083FF1F10B5034981
:10502000886B8047BFF34F8F10BD00000083FF1FC8
:1050300010B50349C86B8047BFF34F8F10BD000008
:105040000083FF1F10B50349086C8047BFF34F8FE3
:1050500010BD00000083FF1F10B50349486C804756
:10506000BFF34F8F10BD00000083FF1F10B5034931
:10507000886C8047BFF34F8F10BD00000083FF1F77
:1050800010B50349C86C8047BFF34F8F10BD0000B7
:105090000083FF1F10B50349086D8047BFF34F8F92
:1050A00010BD00000083FF1F10B50349486D804705
:1050B000BFF34F8F10BD00000083FF1F10B50349E1
:1050C000886D8047BFF34F8F10BD00000083FF1F26
:1050D00010B50349C86D8047BFF34F8F10BD000066
:1050E0000083FF1F10B50349086E8047BFF34F8F41
:1050F00010BD00000083FF1F10B50349486E8047B4
:10510000BFF34F8F10BD00000083FF1F10B5034990
:10511000886E8047BFF34F8F10BD00000083FF1FD4
:1051200010B50349C86E8047BFF34F8F10BD000014
:105130000083FF1F10B50349086F8047BFF34F8FEF
:1051400010BD00000083FF1F10B50349486F804762
:10515000BFF34F8F10BD00000083FF1F10B5034940
:10516000886F8047BFF34F8F10BD00000083FF1F83
:1051700010B50349C86F8047BFF34F8F10BD0000C3
:105180000083FF1F10B50349D1F880008047BFF3AB
:105190004F8F10BD0083FF1F10B50349D1F8840065
:1051A0008047BFF34F8F10BD0083FF1F10B5034929
:1051B000D1F888008047BFF34F8F10BD0083FF1FD9
:1051C00010B50349D1F88C008047BFF34F8F10BD55
:1051D0000083FF1F10B50349D1F890008047BFF34B
:1051E0004F8F10BD0083FF1F10B50349D1F8940005
:1051F0008047BFF34F8F10BD0083FF1F10B50349D9
:10520000D1F898008047BFF34F8F10BD0083FF1F78
:1052100010B50349D1F89C008047BFF34F8F10BDF4
:105220000083FF1F10B50349D1F8A0008047BFF3EA
:105230004F8F10BD0083FF1F10B50349D1F8A400A4
:105240008047BFF34F8F10BD0083FF1F10B5034988
:10525000D1F8A8008047BFF34F8F10BD0083FF1F18
:1052600010B50349D1F8AC008047BFF34F8F10BD94
:105270000083FF1F10B50349D1F8B0008047BFF38A
:105280004F8F10BD0083FF1F10B50349D1F8B40044
:105290008047BFF34F8F10BD0083FF1F10B5034938
:1052A000D1F8B8008047BFF34F8F10BD0083FF1FB8
:1052B00010B50349D1F8BC008047BFF34F8F10BD34
:1052C0000083FF1F10B50349D1F8C0008047BFF32A
:1052D0004F8F10BD0083FF1F10B50349D1F8C400E4
:1052E0008047BFF34F8F10BD0083FF1F10B50349E8
:1052F000D1F8C8008047BFF34F8F10BD0083FF1F58
:1053000010B50349D1F8CC008047BFF34F8F10BDD3
:105310000083FF1F10B50349D1F8D0008047BFF3C9
:105320004F8F10BD0083FF1F10B50349D1F8D40083
:105330008047BFF34F8F10BD0083FF1F10B5034997
:10534000D1F8D8008047BFF34F8F10BD0083FF1FF7
:1053500010B50349D1F8DC008047BFF34F8F10BD73
:105360000083FF1F10B50349D1F8E0008047BFF369
:105370004F8F10BD0083FF1F10B50349D1F8E40023
:105380008047BFF34F8F10BD0083FF1F10B5034947
:10539000D1F8E8008047BFF34F8F10BD0083FF1F97
:1053A00010B50349D1F8EC008047BFF34F8F10BD13
:1053B0000083FF1F10B50349D1F8F0008047BFF309
:1053C0004F8F10BD0083FF1F10B50349D1F8F400C3
:1053D0008047BFF34F8F10BD0083FF1F10B50349F7
:1053E000D1F8F8008047BFF34F8F10BD0083FF1F37
:1053F00010B50349D1F8FC008047BFF34F8F10BDB3
:105400000083FF1F10B50349D1F800018047BFF3A7
:105410004F8F10BD0083FF1F10B50349D1F8040161
:105420008047BFF34F8F10BD0083FF1F10B50349A6
:10543000D1F808018047BFF34F8F10BD0083FF1FD5
:1054400010B50349D1F80C018047BFF34F8F10BD51
:105450000083FF1F10B50349D1F810018047BFF347
:105460004F8F10BD0083FF1F10B50349D1F8140101
:105470008047BFF34F8F10BD0083FF1F10B5034956
:10548000D1F818018047BFF34F8F10BD0083FF1F75
:1054900010B50349D1F81C018047BFF34F8F10BDF1
:1054A0000083FF1F10B50349D1F820018047BFF3E7
:1054B0004F8F10BD0083FF1F10B50349D1F82401A1
:1054C0008047BFF34F8F10BD0083FF1F10B5034906
:1054D000D1F828018047BFF34F8F10BD0083FF1F15
:1054E00010B50349D1F82C018047BFF34F8F10BD91
:1054F0000083FF1F10B50349D1F830018047BFF387
:105500004F8F10BD0083FF1F10B50349D1F8340140
:105510008047BFF34F8F10BD0083FF1F10B50349B5
:10552000D1F838018047BFF34F8F10BD0083FF1FB4
:1055300010B50349D1F83C018047BFF34F8F10BD30
:105540000083FF1F10B50349D1F840018047BFF326
:105550004F8F10BD0083FF1F10B50349D1F84401E0
:105560008047BFF34F8F10BD0083FF1F10B5034965
:10557000D1F848018047BFF34F8F10BD0083FF1F54
:1055800010B50349D1F84C018047BFF34F8F10BDD0
:105590000083FF1F10B50349D1F850018047BFF3C6
:1055A0004F8F10BD0083FF1F10B50349D1F8540180
:1055B0008047BFF34F8F10BD0083FF1F10B5034915
:1055C000D1F858018047BFF34F8F10BD0083FF1FF4
:1055D00010B50349D1F85C018047BFF34F8F10BD70
:1055E0000083FF1F10B50349D1F860018047BFF366
:1055F0004F8F10BD0083FF1F10B50349D1F8640120
:105600008047BFF34F8F10BD0083FF1F10B50349C4
:10561000D1F868018047BFF34F8F10BD0083FF1F93
:1056200010B50349D1F86C018047BFF34F8F10BD0F
:105630000083FF1F10B50349D1F870018047BFF305
:105640004F8F10BD0083FF1F10B50349D1F87401BF
:105650008047BFF34F8F10BD0083FF1F10B5034974
:10566000D1F878018047BFF34F8F10BD0083FF1F33
:1056700010B50349D1F87C018047BFF34F8F10BDAF
:105680000083FF1F10B50349D1F880018047BFF3A5
:105690004F8F10BD0083FF1F10B50349D1F884015F
:1056A0008047BFF34F8F10BD0083FF1F10B5034924
:1056B000D1F888018047BFF34F8F10BD0083FF1FD3
:1056C00010B50349D1F88C018047BFF34F8F10BD4F
:1056D0000083FF1F10B50349D1F890018047BFF345
:1056E0004F8F10BD0083FF1F10B50349D1F89401FF
:1056F0008047BFF34F8F10BD0083FF1F10B50349D4
:10570000D1F898018047BFF34F8F10BD0083FF1F72
:1057100010B50349D1F89C018047BFF34F8F10BDEE
:105720000083FF1F10B50349D1F8A0018047BFF3E4
:105730004F8F10BD0083FF1F10B50349D1F8A4019E
:105740008047BFF34F8F10BD0083FF1F10B5034983
:10575000D1F8A8018047BFF34F8F10BD0083FF1F12
:1057600010B50349D1F8AC018047BFF34F8F10BD8E
:105770000083FF1F10B50349D1F8B0018047BFF384
:105780004F8F10BD0083FF1F10B50349D1F8B4013E
:105790008047BFF34F8F10BD0083FF1F10B5034933
:1057A000D1F8B8018047BFF34F8F10BD0083FF1FB2
:1057B00010B50349D1F8BC018047BFF34F8F10BD2E
:1057C0000083FF1F10B50349D1F8C0018047BFF324
:1057D0004F8F10BD0083FF1F10B50349D1F8C401DE
:1057E0008047BFF34F8F10BD0083FF1F10B50349E3
:1057F000D1F8C8018047BFF34F8F10BD0083FF1F52
:1058000010B50349D1F8CC018047BFF34F8F10BDCD
:105810000083FF1F10B50349D1F8D0018047BFF3C3
:105820004F8F10BD0083FF1F10B50349D1F8D4017D
:105830008047BFF34F8F10BD0083FF1F10B5034992
:10584000D1F8D8018047BFF34F8F10BD0083FF1FF1
:1058500010B50349D1F8DC018047BFF34F8F10BD6D
:105860000083FF1F10B50349D1F8E0018047BFF363
:105870004F8F10BD0083FF1F10B50349D1F8E4011D
:105880008047BFF34F8F10BD0083FF1F10B5034942
:10589000D1F8E8018047BFF34F8F10BD0083FF1F91
:1058A00010B50349D1F8EC018047BFF34F8F10BD0D
:1058B0000083FF1F10B50349D1F8F0018047BFF303
:1058C0004F8F10BD0083FF1F10B50349D1F8F401BD
:1058D0008047BFF34F8F10BD0083FF1F10B50349F2
:1058E000D1F8F8018047BFF34F8F10BD0083FF1F31
:1058F00010B50349D1F8FC018047BFF34F8F10BDAD
:105900000083FF1F10B55248046852480068012800
:1059100004D104F0010008B1FCF7AAFC4D48001DB9
:105920000068012804D104F0020008B1FCF7A1FCD2
:10593000484808300068012804D104F0040008B188
:10594000FCF798FC43480C300068012804D104F0AF
:10595000080008B1FCF78FFC3E48103000680128B1
:1059600004D104F0100008B1FCF786FC394814306B
:105970000068012804D104F0200008B1FCF77DFC88
:10598000344818300068012804D104F0400008B100
:10599000FCF774FC2F481C300068012804D104F087
:1059A000800008B1FCF76BFC2A4820300068012811
:1059B00004D104F4807008B1FCF762FC254824305F
:1059C0000068012804D104F4007008B1FCF759FC08
:1059D000204828300068012804D104F4806008B110
:1059E000FCF750FC1B482C300068012804D104F45B
:1059F000006008B1FCF747FC164830300068012809
:105A000004D104F4805008B1FCF73EFC1148343056
:105A10000068012804D104F4005008B1FCF735FCFB
:105A20000C4838300068012804D104F4804008B1E3
:105A3000FCF72CFC07483C300068012804D104F432
:105A4000004008B1FCF723FCBFF34F8F10BD0000EE
:105A50005C120540800AA24270B5FE480468FE4808
:105A6000D0F8B00B01282BD1FC48006840B9FC48A5
:105A70000068012804D104F0010008B1FCF78CFB98
:105A8000F6484030006848B9F548403000680128C1
:105A900004D104F4807008B1FCF776FBF14840684B
:105AA00000F00116EF48C1684FF0011020EA01052F
:105AB00006EA050020B104F4803008B1FCF768FB69
:105AC000E948006B01282DD1E448001D006848B961
:105AD000E348001D0068012804D104F0020008B169
:105AE000FCF75BFBDD484430006848B9DC484430D3
:105AF0000068012804D104F4007008B1FCF745FBEC
:105B0000D848406800F00216D648C1684FF002102D
:105B100020EA010506EA050020B104F4803008B14E
:105B2000FCF737FBD148006B01282DD1CB4808305A
:105B3000006848B9CA4808300068012804D104F058
:105B4000040008B1FCF72AFBC4484830006848B993
:105B5000C34848300068012804D104F4806008B1CB
:105B6000FCF714FBBF48406800F00416BD48C1684C
:105B70004FF0041020EA010506EA050020B104F404
:105B8000803008B1FCF706FBB948006B01282DD125
:105B9000B2480C30006848B9B1480C3000680128A0
:105BA00004D104F0080008B1FCF7F9FAAB484C3016
:105BB000006848B9AA484C300068012804D104F4B0
:105BC000006008B1FCF7E3FAA648406800F0081648
:105BD000A448C1684FF0081020EA010506EA050054
:105BE00020B104F4803008B1FCF7D5FAA148006870
:105BF00001282CD1A048006840B9A04800680128BD
:105C000004D104F0100008B1FCF7D2FA9A484030F1
:105C1000006848B9994840300068012804D104F46C
:105C2000805008B1FCF7BCFA9548006800F00116F6
:105C30009348083001684FF0011020EA010506EA98
:105C4000050020B104F4003008B1FCF7ADFA8D482E
:105C5000006B01282ED18848001D006848B987488C
:105C6000001D0068012804D104F0200008B1FCF7F1
:105C7000A0FA81484430006848B979484430006847
:105C8000012804D104F4005008B1FCF78AFA7C48DA
:105C9000006800F002167A48083001684FF00210E0
:105CA00020EA010506EA050020B104F4003008B13D
:105CB000FCF77BFA7448006B01282ED16E4808303F
:105CC000006848B96D4808300068012804D104F024
:105CD000400008B1FCF76EFA67484830006848B9E0
:105CE0005F4848300068012804D104F4804008B1BE
:105CF000FCF758FA6248006800F004166048083063
:105D000001684FF0041020EA010506EA050020B101
:105D100004F4003008B1FCF749FA5C48006B012834
:105D20002ED155480C30006848B954480C300068F2
:105D3000012804D104F0800008B1FCF73CFA4E4879
:105D40004C30006848B946484C300068012804D1FE
:105D500004F4004008B1FCF726FA4948006800F056
:105D600008164748083001684FF0081020EA01057E
:105D700006EA050020B104F4003008B1FCF717FA78
:105D800043480068012809D14248006800F00F002C
:105D900020B104F4802008B1FCF710FA3C48083028
:105DA0000068012809D13A48EC380068012804D17C
:105DB00004F4002008B1FCF7FFF93548001D006825
:105DC000012809D13248F0380068012804D104F4D0
:105DD000801008B1FCF7F1F94FF01C40C06800F0EA
:105DE000800020B104F4800008B102F0A8F92A482C
:105DF000C06F01280CD129488669456806EA05006C
:105E000000F07F0020B104F4000008B1FCF756F95F
:105E10002348C06F01280ED1224806682148143853
:105E2000056806EA050000F07F0020B104F08070EC
:105E300008B1FCF744F91C48C06F01283ED11B484B
:105E400006681A481438056806EA050000F07F0065
:105E500070B32EE0601205400000A6420002A64288
:105E60000001A642003005408013A642801BA642D6
:105E70008023A642B08BA6420082A6420081A642A1
:105E8000043405408093A642809BA64280A3A6428C
:105E900000832042100401400000A442002005407D
:105EA0000080A442182405400000A542182805409F
:105EB00004E004F0007008B1FCF702F90A48C06F72
:105EC00001280ED10948066808481438056806EA12
:105ED000050000F07F0020B104F0806008B1FCF7FD
:105EE000F0F8BFF34F8F70BD0080A542182C05401D
:105EF00010B5324804683248D0F80802012808D1A9
:105F000030480068012804D104F0010008B103F012
:105F10007FFC2C4838380068012809D129484030D6
:105F20000068012804D104F0020008B103F071FCFC
:105F300025480068012809D12348783000680128E5
:105F400004D104F0040008B103F064FC1E484030A2
:105F50000068012809D11C48B8300068012804D124
:105F600004F0080008B103F056FC1848007800F06F
:105F7000010050B11548401C007800F0010020B12C
:105F800004F4001008B1FBF781FF1148008800F409
:105F90008050B0F5805F04D104F4800008B102F0B5
:105FA000CDF80C48006800F4403020B104F4000043
:105FB00008B102F081FFBFF34F8F10BD641205409E
:105FC0000000484280024842088248424040054062
:105FD00000C404400494044070B5AA480468AA4868
:105FE0000068012808D1A9480068012804D104F0FC
:105FF000010008B103F031FCA348001D006801282E
:1060000009D1A248001D0068012804D104F0020053
:1060100008B103F023FC9C4808300068012809D12E
:106020009A4808300068012804D104F0040008B13F
:1060300003F015FC94480C300068012809D19348FE
:106040000C300068012804D104F0080008B103F006
:1060500007FC8D4810300068012809D18B481030AA
:106060000068012804D104F0100008B103F0F9FB26
:10607000854814300068012809D18448143000682C
:10608000012804D104F0200008B103F0EBFB7E48A6
:1060900018300068012809D17C48183000680128B0
:1060A00004D104F0400008B103F0DEFB76481C3058
:1060B0000068012809D175481C300068012804D106
:1060C00004F0800008B103F0D0FB6F482030006876
:1060D000012809D16D4820300068012804D104F45A
:1060E000807008B103F0BFFB6948406D00F4403098
:1060F000C6096748006F00F4C06506EA050020B1D4
:1061000004F4006008B103F0B1FB6148406D00F495
:106110004020C6095E48006F00F4C05506EA05003D
:1061200020B104F4805008B103F0A1FB5948006885
:10613000012808D158480068012804D104F48030AF
:1061400008B103F095FB5348001D0068012809D1F0
:106150005148001D0068012804D104F4003008B142
:1061600003F087FB4B4808300068012809D14A48F2
:1061700008300068012804D104F4802008B103F03D
:1061800079FB44480C300068012809D142480C30A2
:106190000068012804D104F4002008B103F06BFB6F
:1061A0003C4810300068012809D13B481030006895
:1061B000012804D104F4801008B103F05DFB3548D8
:1061C00014300068012809D13348143000680128D0
:1061D00004D104F4001008B103F04FFB2D4818302F
:1061E0000068012809D12C4818300068012804D122
:1061F00004F4800008B103F042FB26481C3000681C
:10620000012809D124481C300068012804D104F475
:10621000000008B103F034FB1E482030006801285C
:1062200009D11D4820300068012804D104F0807095
:1062300008B103F023FB1948006800F44030C60998
:1062400016481C30006800F4C06506EA050020B15D
:1062500004F0006008B103F014FB1048006800F47B
:106260004020C6090D481C30006800F4C05506EAFD
:10627000050020B104F0805008B103F003FBBFF328
:106280004F8F70BD68120540800A3042000E3042C8
:1062900000800140808A3042008E304254840140A8
:1062A00070B55B4804685B480068012808D15A480B
:1062B0000068012804D104F0010008B103F0E3FAFA
:1062C0005448001D0068012809D15348001D00688A
:1062D000012804D104F0020008B103F0D5FA4D48BA
:1062E00008300068012809D14B48083000680128AF
:1062F00004D104F0040008B103F0C7FA45480C309B
:106300000068012809D144480C300068012804D1F4
:1063100004F0080008B103F0B9FA3E4810300068F4
:10632000012809D13C4810300068012804D104F04C
:10633000100008B103F0ABFA3648143000680128A9
:1063400009D1354814300068012804D104F0200038
:1063500008B103F09DFA2F4818300068012809D1D0
:106360002D4818300068012804D104F0400008B11D
:1063700003F090FA27481C300068012809D126480C
:106380001C300068012804D104F0800008B103F03B
:1063900082FA204820300068012809D11E482030A8
:1063A0000068012804D104F4807008B103F071FA88
:1063B0001A48006800F44030C60918481C300068CC
:1063C00000F4C06506EA050040B104F4006008B1BD
:1063D000012000E0002008B103F05EFA0F480068D9
:1063E00000F44020C6090D481C30006800F4C05578
:1063F00006EA050040B104F4805008B1012000E035
:10640000002008B103F049FABFF34F8F70BD0000C0
:106410006C120540800A3142000E3142548801401E
:1064200070B5BE480468BE480069012808D1BC4860
:106430008069012804D104F0010008B103F02FFAAB
:10644000B7484069012808D1B548C069012804D17E
:1064500004F0020008B103F023FAB2480688B148FC
:106460009038B0F89C5006EA0500C0B220B104F0A4
:10647000040008B103F012FAAB480069012808D102
:10648000A9488069012804D104F0080008B103F08C
:1064900009FAA5484069012808D1A348C069012824
:1064A00004D104F0100008B103F0FDF99F480688FC
:1064B0009E480C30058806EA0500C0B220B104F001
:1064C000200008B103F0EDF999480069012808D1CE
:1064D00097488069012804D104F0400008B103F016
:1064E000E4F993484069012808D19148C06901281E
:1064F00004D104F0800008B103F0D8F98D48068873
:106500008C480C30058806EA0500C0B220B104F4BE
:10651000807008B103F0C8F987480069012808D1E4
:1065200085488069012804D104F4007008B103F0A3
:10653000BFF981484069012808D17F48C069012816
:1065400004D104F4806008B103F0B3F97B480688F5
:106550007A480C30058806EA0500C0B220B104F480
:10656000006008B103F0A3F975480069012808D15B
:1065700073488069012804D104F4805008B103F005
:106580009AF96F484069012808D16D48C06901280F
:1065900004D104F4005008B103F08EF9694806886C
:1065A00068489038B0F89C5006EA0500C0B220B1A7
:1065B00004F4804008B103F07DF9634800690128C4
:1065C00008D161488069012804D104F4803008B101
:1065D00003F074F95C484069012808D15A48C06941
:1065E000012804D104F4003008B103F068F95748D9
:1065F000068856480C30058806EA0500C0B220B16E
:1066000004F4802008B103F058F9514800680128CB
:1066100010D150488069504900EA01064D48406950
:1066200000EA010506EA050020B104F4002008B1E3
:1066300004F0C0FA49480668C56805F0200038B182
:1066400006F00B0020B104F4800008B103F094FEC2
:1066500005EA060000F0200020B104F4000008B1B3
:1066600003F08BFE05EA060000F0800020B104F084
:10667000807008B103F09CFE05EA060000F04000BF
:1066800020B104F0007008B103F091FE05F00200A3
:1066900038B106F4807020B104F0806008B103F0D6
:1066A00085FE2F4806682E480C30056805F020004E
:1066B00038B106F00B0020B104F0006008B103F01F
:1066C00078FE05EA060000F0200020B104F08050BA
:1066D00008B103F06FFE05EA060000F0800020B16B
:1066E00004F0005008B103F068FE05EA060000F06F
:1066F000400020B104F0804008B103F05DFE05F0D9
:10670000020038B106F4807020B104F0004008B1F6
:1067100003F051FEBFF34F8F70BD00007C120540A7
:1067200020102A429050014020902A42905401406B
:1067300020102B429058014020902B42905C014049
:1067400020102C429060014020902C429064014027
:106750000001804300000C40FBFC7CF700D00140AE
:1067600000D4014070B59A4805689A480468C66824
:1067700006F0200038B104F00B0020B105F0010054
:1067800008B103F03FFE06EA040000F0200020B14B
:1067900005F0020008B103F036FE06EA040000F03E
:1067A000800020B105F0040008B103F062FE06EAA3
:1067B000040000F0400020B105F0080008B103F02B
:1067C00057FE06F0020038B104F4807020B105F0E5
:1067D000100008B103F030FE7F4804687E480C309A
:1067E000066806F0200038B104F00B0020B105F077
:1067F000200008B103F03EFE06EA040000F020008D
:1068000020B105F0400008B103F035FE06EA0400AF
:1068100000F0800020B105F0800008B103F02EFEEA
:1068200006EA040000F0400020B105F4807008B1D1
:1068300003F023FE06F0020038B104F4807020B1AA
:1068400005F4007008B103F017FE64484468466917
:1068500004F4806038B106F0800020B105F40060D7
:1068600008B101F0B3FD04F4007038B106F0200067
:1068700020B105F4805008B101F0A9FD04F40060D6
:1068800038B106F0020020B905F4005008B101F05B
:106890009CFD04F4807038B106F01D0020B105F4B1
:1068A000804008B101F090FD4D4804684C4810301C
:1068B000066804F4806038B106F0800020B105F469
:1068C000803008B101F086FD04F4007038B106F0A4
:1068D000200020B105F4003008B101F07CFD04F483
:1068E000006038B106F0020020B905F4802008B13C
:1068F00001F06FFD04F4807038B106F01D0020B186
:1069000005F4002008B101F063FD3648446846698B
:1069100004F4806038B106F0800020B105F4001066
:1069200008B101F05BFD04F4007038B106F02000FE
:1069300020B105F4800008B101F051FD04F40060BD
:1069400038B106F0020020B905F4000008B101F0EA
:1069500044FD04F4807038B106F01D0020B105F04C
:10696000807008B101F038FD1F4804681E481030DF
:10697000066804F4806038B106F0800020B105F0AC
:10698000806008B101F02EFD04F4007038B106F00B
:10699000200020B105F0006008B101F024FD04F4EE
:1069A000006038B106F0020020B905F0805008B14F
:1069B00001F017FD04F4807038B106F01D0020B11D
:1069C00005F0005008B101F00BFDBFF34F8F70BD13
:1069D00080120540001002400014024000C0014037
:1069E00004C40140000002400404024070B588481D
:1069F00005688848048B05F0010038B104F01000E8
:106A000020B104F0400008B102F006FF05F00200DA
:106A100038B104F0200020B104F0800008B102F089
:106A2000FCFE7C48848B05F0040038B104F01000B3
:106A300020B104F0400008B102F0F0FE05F00800BB
:106A400038B104F0200020B104F0800008B102F059
:106A5000E6FE7048048C05F0100038B104F0100018
:106A600020B104F0400008B102F0DAFE05F0200089
:106A700038B104F0200020B104F0800008B102F029
:106A8000D0FE64484830048805F0400038B104F472
:106A9000807020B104F4007008B102F0C3FE05F06C
:106AA000800038B104F4005020B104F4804008B1F3
:106AB00002F0B9FE5748A430048805F4807038B15C
:106AC00004F0010020B904F0100008B102F0ACFE9F
:106AD00005F4007038B104F0020020B904F48070AD
:106AE00008B102F0A2FE05F4806038B104F00400A1
:106AF00020B904F4805008B102F098FE464804889A
:106B000005F4803038B104F0100020B104F04000EA
:106B100008B102F081FE05F4003038B104F0200025
:106B200020B104F0800008B102F077FE3A48001D61
:106B3000048805F4802038B104F0100020B104F07E
:106B4000400008B102F075FE05F4002038B104F0F1
:106B5000200020B104F0800008B102F06BFE2E4846
:106B60000830048805F4801038B104F0100020B11A
:106B700004F0400008B102F05EFE05F4001038B1E8
:106B800004F0200020B104F0800008B102F054FEAF
:106B900021483030048805F4800038B104F4807056
:106BA00020B104F4007008B102F047FE05F40000C3
:106BB00038B104F4005020B104F4804008B102F070
:106BC0003DFE15488C30048805F0807038B104F023
:106BD000010020B904F0100008B102F030FE05F009
:106BE000007038B104F0020020B904F4807008B1DC
:106BF00002F026FE05F0806038B104F0040020B9F0
:106C000004F4805008B102F01CFEBFF34F8F70BD3A
:106C100084120540007001401848024070B5464893
:106C200005684648048805F0010038B104F01000FA
:106C300020B104F0400008B102F004FE05F00200AB
:106C400038B104F0200020B104F0800008B102F057
:106C5000FAFD3A48001D048805F0040038B104F03C
:106C6000100020B104F0400008B102F0EDFD05F085
:106C7000080038B104F0200020B104F0800008B111
:106C800002F0E3FD2D480830048805F0100038B10B
:106C900004F0100020B104F0400008B102F0D6FD6D
:106CA00005F0200038B104F0200020B104F080008D
:106CB00008B102F0CCFD21483030048805F04000D6
:106CC00038B104F4807020B104F4007008B102F00F
:106CD000BFFD05F0800038B104F4005020B104F489
:106CE000804008B102F0B5FD14488C30048805F4EA
:106CF000807038B104F0010020B904F0100008B130
:106D000002F092FD05F4007038B104F0020020B9E1
:106D100004F4807008B102F09EFD05F4806038B183
:106D200004F0040020B904F4805008B102F094FD8E
:106D3000BFF34F8F70BD000088120540184C024011
:106D400070B57A4804687A48006800F00F06784801
:106D50000830006800F00F0506EA050020B104F0D5
:106D6000400008B1FBF780FA71482030006800F05D
:106D70000F066F482830006800F00F0506EA05008E
:106D800020B104F0800008B1FBF76FFA684840308A
:106D9000006800F00F0666484830006800F00F05F4
:106DA00006EA050020B104F4807008B1FBF75EFA32
:106DB0005F486030006800F00F065D48683000688A
:106DC00000F00F0506EA050020B104F4007008B1D8
:106DD000FBF74DFA57484068012809D155488030E3
:106DE0000068012804D104F4803008B1FEF718F8D7
:106DF0005048C068012809D14E48843000680128F5
:106E000004D104F4003008B1FEF709F849480069DC
:106E1000012809D14848806800F0030020B104F43B
:106E2000802008B1FDF7FAFF44484068012809D1E5
:106E3000424880300068012804D104F4002008B1E1
:106E4000FDF7F1FF3D48C068012809D13B48843077
:106E50000068012804D104F4801008B1FDF7E2FFB6
:106E600036480069012809D13548006800F0030060
:106E700020B104F4001008B1FDF7D3FF3148406899
:106E8000012809D12F4880300068012804D104F47A
:106E9000800008B1FDF7CAFF2A48C068012809D15F
:106EA000284884300068012804D104F4000008B1A7
:106EB000FDF7BBFF23480069012809D122488068FB
:106EC00000F0030020B104F0807008B1FDF7ACFFC2
:106ED0001E484068012809D11C48803000680128FC
:106EE00004D104F0007008B1FDF7A3FF1748C06893
:106EF000012809D1154884300068012804D104F024
:106F0000806008B1FDF794FF10480069012809D19D
:106F10000F48006800F0030020B104F0006008B1E1
:106F2000FDF785FFBFF34F8F70BD00008C12054049
:106F30000C7C014000003C4200E0014000803C42EB
:106F400008E4014000004442002002400080444226
:106F50000824024070B58A4804688A48D0F898002E
:106F6000012808D188480068012804D104F01000E5
:106F700008B1FDF748FF83489C300068012809D11B
:106F80008148001D0068012804D104F0200008B1E8
:106F9000FDF73BFF7B488C300068012809D17A4817
:106FA0000C380068012804D104F0400008B1FDF756
:106FB0002BFF76484068764900EA01067348C069AD
:106FC00000EA010506EA050020B104F0800008B1DE
:106FD000FDF718FF6F480068012808D16E48006867
:106FE000012804D104F4807008B1FDF710FF69484E
:106FF000001D0068012809D16748001D00680128AC
:1070000004D104F4007008B1FDF703FF61480C38A7
:107010000068012809D160480C380068012804D1B3
:1070200004F4806008B1FDF7F3FE5C48006858493D
:1070300000EA010659481830006800EA010506EA2E
:10704000050020B104F4006008B1FDF7DFFE5448EC
:107050000068012808D153480068012804D104F4CD
:10706000805008B1FDF7D7FE4D48001D006801288B
:1070700009D14C48001D0068012804D104F40050D7
:1070800008B1FDF7CAFE46480C380068012809D14E
:1070900044480C380068012804D104F4804008B149
:1070A000FDF7BAFE40480068394900EA01063E484B
:1070B0001830006800EA010506EA050020B104F472
:1070C000004008B1FDF7A6FE3848007800F0030044
:1070D00001280AD13648007800F00200022804D1C5
:1070E00004F4003008B101F00DF83048007800F0E9
:1070F000300010280AD12E48007800F02000202807
:1071000004D104F4802008B100F0FDFF2948006894
:10711000012809D1274880300068012804D104F4EF
:10712000801008B1FBF76DFC2248001D00680128A3
:1071300009D1204884300068012804D104F40010EB
:1071400008B1FBF75DFC1B4808300068012809D135
:10715000184888300068012804D104F4800008B180
:10716000FBF750FC1448406800F4403020B104F4B0
:10717000000008B103F05AFDBFF34F8F70BD00004F
:107180009012054000009C4298039C4200E004409D
:107190001752F00098809C4298839C4204E404407B
:1071A00098009D4298039D4204E804401344054022
:1071B000E1400540008390420090044010B53B48F8
:1071C00004683B480068012809D139482038006824
:1071D000012804D104F0010008B1F9F710F934488E
:1071E000001D0068012809D131481C3800680128B9
:1071F00004D104F0020008B1F9F756FE2D48006AE8
:10720000012809D12C480068C0F3100020B104F017
:10721000040008B1F9F7F2F82648006A012809D1FC
:1072200025480068C0F3100020B104F0080008B140
:10723000F9F73BFE21480068012809D11F48203892
:107240000068012804D104F0100008B1F9F72FFEFE
:107250001A48001D0068012809D118481C38006828
:10726000012804D104F0200008B1F9F721FE1448E8
:10727000006A012809D113480068C0F3080020B152
:1072800004F0400008B1F9F711FE0D48006A01282A
:1072900009D10C480068C0F3080020B104F0800058
:1072A00008B1F9F706FEBFF34F8F10BD94120540E9
:1072B000E008804200148042B0000440E088804230
:1072C00000948042B00404402DE9F84F3D48D0F8C6
:1072D00000B00BF00400D0B13B4807883A480830B2
:1072E000B0F80080801FB0F8009037480A30B0F83E
:1072F00000A007EA080040F2F711084028B909EA9F
:107300000A0040F27F11084008B100F01FFF0BF0A7
:107310002000A8B12D48078EB0F83880B0F8329020
:10732000B0F83AA007EA080040F2F711084028B97F
:1073300009EA0A0040F27F11084008B100F007FF97
:107340000BF04000A8B322480678401E0078009059
:107350001F48401C04781E481A30057805F02000AC
:1073600028BB06F0010010BB0098304000F0FE0082
:10737000E8B904F0010010B104F00200B8B904F05B
:10738000040010B104F0080088B904F0100010B136
:1073900004F0200058B905F0080010B105F0100005
:1073A00028B905F0400028B105F0800010B1012097
:1073B00001E003E0002008B1FAF746FABFF34F8F6F
:1073C000BDE8F88F9812054030FC064000000740E9
:1073D000A504074010B5044604F0010048B100BF01
:1073E00040F223101A49086043F21020086000BFE1
:1073F00000BF04F0020028B100BF1648164908611A
:1074000000BF00BF04F0040030B100BF4AF20150D9
:107410001249088000BF00BF04F0100018B14AF202
:10742000085000F07FFE04F0400018B14AF203500B
:1074300000F078FE04F0800040B100BF77200849DA
:10744000086007490831086000BF00BF10BD000098
:10745000000401400100A5A500800440FC3B05405C
:107460000408054010B5044604F0010028B100BF2F
:1074700000201949086000BF00BF04F0020028B1D5
:1074800000BF16481649086100BF00BF04F00400A1
:1074900030B100BF4FF425401249088000BF00BF43
:1074A00004F0100018B14AF2085000F02DFE04F06C
:1074B000400018B14AF2035000F026FE04F08000AC
:1074C00040B100BF762008490860074908310860CC
:1074D00000BF00BF10BD0000000401400000A5A5D2
:1074E00000800440FC3B0540040805402DE9F04FB6
:1074F0008FB004460D466B48007828B90020206004
:1075000028600FB0BDE8F08F6748D0F800900BA955
:107510000DA800F090F9BDF93400F8F750FF4FF0D6
:107520008A410690F9F706F88246BDF93600F8F769
:1075300046FF4FF08A410690F8F7FCFF0646BDF97A
:107540003800F8F73CFF4FF08A410690F8F7F2FF59
:107550000746BDF92C00F8F732FF54490590F8F7BB
:10756000E9FF0690524801680698F8F7ABFF83469A
:10757000BDF92E00F8F723FF4C490590F8F7DAFF24
:1075800006904B4841680698F8F79CFF0A90BDF9B1
:107590003000F8F714FF45490590F8F7CBFF069047
:1075A000434881680698F8F78DFF099041490968BA
:1075B000A9EB0100F8F70CFF3F490690F8F7BAFF76
:1075C00080463C48C0F8009000214046F9F71EFA7A
:1075D00001D8DFF8E8803A494046F9F721FA01D2AC
:1075E000DFF8E0803946304604F0ECF83649069082
:1075F000F8F76EFF089039463846F8F769FF3146CC
:1076000002903046F8F764FF01900299F8F708FFFE
:10761000039005F0B7F805908AF0004004900599B2
:1076200004F0D0F828490690F8F752FF0790274851
:107630000899F8F74DFF414606905846F8F748FF7D
:107640000390234801680398F8F7EAFE2149049063
:10765000F8F73EFF05900699F8F7E2FE1C4908602E
:107660001A480799F8F734FF414606900A98F8F748
:107670002FFF0390184801680398F8F7D1FE1549C9
:107680000490F8F725FF05900699F8F7C9FE12490E
:1076900008600F480068206008460068286000BF46
:1076A0002FE700004480FF1F2C80FF1F33338341EE
:1076B0009085FF1F4080FF1F00007A446F12833ABD
:1076C000CDCCCC3D0AD7233CE12E65420AD7A33C62
:1076D0003880FF1F48E17A3F3C80FF1F2DE9FF41C2
:1076E00000250026002700F033FD80216B2000F0EC
:1076F000E3F86420FAF708FD01216B2000F0DCF8C4
:1077000000216C2000F0D8F86420FAF7FDFC00217D
:10771000192000F0D1F800211A2000F0CDF818212E
:107720001B2000F0C9F818211C2000F0C5F8032127
:107730001D2000F0C1F80A20FAF7E6FC002424E03E
:10774000694602A800F077F8BDF90000F8F737FEA7
:1077500080462946F8F764FE0546BDF90200F8F7B1
:107760002EFE80463146F8F75BFE0646BDF9040062
:10777000F8F725FE80463946F8F752FE07464FF4E3
:107780007A70FAF7E1FC601C84B2C82CD8D31A498D
:107790002846F8F7CFFE80461849F8F7CBFE18497F
:1077A000086015493046F8F7C5FE80461349F8F7DA
:1077B000C1FE1349486010493846F8F7BBFE8046C1
:1077C0000E49F8F7B7FE0E498860BDF90430BDF9DF
:1077D0000220BDF900100BA003F082FA00200E4930
:1077E00008600E4908600E4800680E4908600120D4
:1077F0000D490870BDE8FF810000484333338341E1
:107800009085FF1F4759524F5F5241573D25642CC9
:1078100025642C25640D0A003880FF1F3C80FF1F63
:107820002C80FF1F4080FF1F4480FF1F10B5752074
:1078300000F03BF810BD7FB505460C466B460E22A6
:107840003B21682000F09CFC9DF801009DF8001091
:1078500040EA012000B228809DF803009DF8021044
:1078600040EA012000B268809DF805009DF80410F0
:1078700040EA012000B2A8809DF809009DF8081098
:1078800040EA012000B220809DF80B009DF80A100C
:1078900040EA012000B260809DF80D009DF80C10B8
:1078A00040EA012000B2A0807FBD10B50446214609
:1078B000682000F09FFC10BD70B504460D462A46B6
:1078C0002146682000F05AFD70BD70B500240EE01E
:1078D0000021204600F0EFF8002504E0002000F031
:1078E000DAF8681CC5B2802DF8DB601CC4B2082C25
:1078F000EEDB70BD70B5002406E0002500E06D1CD5
:10790000B5F57A7FFBD3641CB4F57A7FF5D300F02C
:1079100048F8AE2000F0AFF8D52000F0ACF8802099
:1079200000F0A9F8A82000F0A6F83F2000F0A3F886
:10793000D32000F0A0F8002000F09DF8402000F0D7
:107940009AF8A12000F097F8C02000F094F8DA200F
:1079500000F091F8122000F08EF8812000F08BF8F2
:10796000CF2000F088F8D92000F085F8F12000F051
:1079700082F8DB2000F07FF8302000F07CF8A420B3
:1079800000F079F8A62000F076F88D2000F073F86A
:10799000142000F070F8AF2000F06DF8FFF795FFAD
:1079A00070BD10B5012000F03CF8012000F04EF849
:1079B00010BD70B50546002411E080212141294009
:1079C00009B1012100E00021084600F03FF8012044
:1079D00000F027F8002000F024F8601CC4B2082C46
:1079E000EBDB012000F01DF8002000F01AF870BD5C
:1079F00010B5012000F02AF8012000F012F8002054
:107A000000F024F8002000F00CF810BD10B50020A4
:107A100000F01CF8012000F004F8012000F016F836
:107A200010BD10B5044614B1012C0CD105E04FF483
:107A300000710020FBF71CF906E04FF400710020F4
:107A4000FBF70CFA00E000BF00BF10BD10B5044604
:107A500014B1012C0CD105E04FF480610020FBF73C
:107A600007F906E04FF480610020FBF7F7F900E02A
:107A700000BF00BF10BD10B50446FFF7B9FF782066
:107A8000FFF797FF0020FFF794FF2046FFF791FFD5
:107A9000FFF7BCFF10BD10B50446FFF7A9FF782023
:107AA000FFF787FF4020FFF784FF2046FFF781FFA5
:107AB000FFF7ACFF10BD70B505460C4645F0B000B1
:107AC000FFF7D9FF102141EA1410FFF7D4FF04F0AB
:107AD0000F00FFF7D0FF70BD2DE9F04700F058F818
:107AE00026480068F8F774FC05462549F8F722FD9A
:107AF000044604F083FD074600261BE0F8F72EFC41
:107B00000446C01704EB90608011A4EB80101FFAAC
:107B100080F8F8F723FC0546C01705EB5060C0114C
:107B2000A5EBC0101FFA80F942464946154805F0FA
:107B300091F8761C4FF087413846F8F7C9FC80462B
:107B40004FF08741F8F76CFC04463046F8F737FCF5
:107B500005462146F8F75AFFD0D30B493846F8F7C7
:107B6000B7FC06460949F8F75BFC0546F8F7DAFE6C
:107B700084B22046F9F74AFDBDE8F0872C80FF1F4C
:107B800000007A45200600200000C8430080BB4466
:107B900070B5002449E0F8F7E1FB054600EBD5702D
:107BA0004010A5EB4000401E2149095D08442049D2
:107BB00008550846005D802803DD0846005D8038D2
:107BC0000855002525E0F8F7C9FB142190FBF1F2D8
:107BD00001FB12001649095D08440A3886B2802369
:107BE00032460021134804F000FFF8F7B7FB1421D8
:107BF00090FBF1F201FB12000D49095D08440A38BF
:107C000086B24023002231460A4805F0D9F9681CA3
:107C1000C5B2F8F7A3FB032190FBF1F201FB1200C0
:107C2000C01CA842CFDC601CC4B2042CB3DB70BD06
:107C3000E882FF1F200600202DE9FF4F8BB00F4682
:107C400090461D46DDF86090614890F892A0284665
:107C5000F8F7B5FB06901998F8F7B1FB059006996F
:107C6000F8F768FC83464846F8F7A9FB06901A988F
:107C7000F8F7A5FB05900699F8F75CFC0A905846C2
:107C8000F8F77DFECDE9020104F030F8CDE90401FA
:107C9000F8F75CFEC0B209900A98F8F770FECDE9DB
:107CA000020104F023F8CDE90401F8F74FFEC0B259
:107CB0000890E81DC11700EB5171C910079100260B
:107CC00080E000247BE0E11704EB5171CA100799B2
:107CD00006FB0181895C04F0070301229A401140F0
:107CE00081B33046F8F76BFB01900A99F8F7F0FB87
:107CF00003903846F8F763FB02900399F8F790FB7E
:107D00000490F8F70FFE80B206902046F8F757FB74
:107D100059460190F8F7DCFB03900B98F8F74FFBFE
:107D200002900399F8F77CFB0490F8F7FBFD80B212
:107D30000590089800902648099BDDE9051204F09B
:107D400073FD3BE0FFE7BAF1020F37D00021204876
:107D500005F0D8F93046F8F732FB01900A99F8F7A8
:107D6000B7FB03903846F8F72AFB02900399F8F71F
:107D700057FB0490F8F7D6FD80B206902046F8F73E
:107D80001EFB59460190F8F7A3FB03900B98F8F7F8
:107D900016FB02900399F8F743FB0490F8F7C2FD35
:107DA00080B20590089800900948099BDDE905120A
:107DB00004F03AFD5146064805F0A4F9641CAC42B3
:107DC00081DB761C4E45FFF67CAF0FB0BDE8F08F2F
:107DD0002006002010B5084880680078012805D1E9
:107DE000A72206A1064805F07BF904E0A62203A11C
:107DF000034805F075F910BDBC81FF1F630000004A
:107E00002006002010B5812207A1084805F068F976
:107E1000074909680868F8F785FDC4B2224602A13F
:107E2000024805F05DF910BD630000002006002047
:107E3000D481FF1F10B5024804F0E0FC10BD000023
:107E400020060020F8B504460D4616461F46334668
:107E50002A4621460248009704F0E6FCF8BD0000DF
:107E600020060020F8B504460D4616461F46334648
:107E70002A4621460248009704F041FDF8BD000063
:107E800020060020F8B504460D4616461F46334628
:107E90002A4621460248009704F070FEF8BD000013
:107EA000200600202DE9FC4104460D4616461F46DB
:107EB000DDF8208033462A4621460348CDE9007884
:107EC00004F0F4FEBDE8FC81200600202DE9FC4111
:107ED00004460D4616461F46DDF8208033462A46E6
:107EE00021460348CDE9007804F07FFFBDE8FC811E
:107EF000200600202DE9FE4304460D4616461F4687
:107F0000DDE90A8933462A46214603488DE8800385
:107F100005F024F8BDE8FE83200600200148406BF0
:107F20007047000020060020014890F83800704794
:107F30002006002001480068007C704720060020D1
:107F400010B504462146024805F098F810BD00001F
:107F50002006002010B5024805F0B9F810BD000059
:107F60002006002010B504462146024805F0C7F857
:107F700010BD00002006002010B50446214602482E
:107F800005F0C0F810BD00002006002010B5044622
:107F90002146024806F092F810BD0000200600209D
:107FA00010B504462146024805F0B4F810BD0000A3
:107FB000200600202DE9FC4104460D4616461F46CA
:107FC000DDF8208033462A4621460348CDE9007873
:107FD00005F004F8BDE8FC81200600202DE9FE4FE5
:107FE00004460D4616469946DDF830A00AF1010018
:107FF000484400F0FF0966202E214B4611A2CDE92E
:10800000001A029010A1134802F07AFE3046F8F7E9
:10801000B6FC07463A460B460E490F4802F070FE82
:108020003046F8F7ACFC07463A460B460BA10A4827
:1080300002F066FE084B2A4621460A4804F07CFFFF
:10804000BDE8FE8F250000002573256425632564A7
:1080500025630000B4060020BE060020252E3166F0
:10806000000000002006002070B504460D461646AC
:1080700033462A462146024804F05EFF70BD0000E8
:108080002006002070B504460D46164633462A46A3
:108090002146024804F082FF70BD00002006002047
:1080A00010B500BF0F48008800F00200022800D180
:1080B00004E040F2AD410CA0FAF704F800BF094813
:1080C000001D007800F0C00040F00F000549091DB8
:1080D000087010200349113108701E20FAF734F897
:1080E000002010BDFE4305406472697665725C73C2
:1080F00072635C686333325F6C6C5F7077632E63AE
:10810000000000007047704704490988814341F42A
:108110002541034AA2F8FE1370470000FE430540C4
:1081200000400540034909880143034AA2F8FE13B1
:1081300070470000FE43054000400540704770470F
:1081400001490968C8687047B880FF1F70477047C9
:1081500010B54FF480710020FAF780FE4FF40071E3
:108160000220FAF77BFE10BD10B54FF4807100209D
:10817000FAF742FD04460520F9F7E6FF204610BD58
:108180002DE9F04106460F4614461D4600F0ADF8B5
:10819000002141EA4601C8B200F08EF800F04EF826
:1081A00020B100F0B0F80120BDE8F081384600F0C1
:1081B00083F800F043F800F098F8012101EB460144
:1081C000C8B200F079F800F039F80DE0012C04D1C4
:1081D000002000F042F8287003E0012000F03DF894
:1081E0002870601EC4B26D1C002CEFD100F08BF81B
:1081F0000020D9E770B504460D4600F076F800215E
:1082000041EA4401C8B200F057F800F017F82846D8
:1082100000F052F800F012F800F067F8012101EBCD
:108220004401C8B200F048F800F008F8002000F05F
:1082300014F8064600F067F8304670BD10B501200E
:1082400000F084F8012000F069F8FFF78DFF044684
:10825000002000F063F8204610BD70B505460026EA
:10826000012000F073F800240EE0012000F056F821
:10827000FFF77AFF012802D1802020410643002029
:1082800000F04CF8601CC4B2082CEEDB1DB90120D4
:1082900000F006F802E0002000F002F8304670BD61
:1082A00010B50446204600F051F8012000F036F8E1
:1082B000002000F033F810BD70B50546002411E031
:1082C00080212141294009B1012100E00021084617
:1082D00000F03CF8012000F021F8002000F01EF82A
:1082E000601CC4B2082CEBDB70BD10B5012000F09F
:1082F0002DF8012000F012F8002000F027F80020EF
:1083000000F00CF810BD10B5002000F01FF801209F
:1083100000F004F8012000F019F810BD10B5044673
:1083200014B1012C0CD105E04FF400710220FAF7D2
:108330009FFC06E04FF400710220FAF78FFD00E089
:1083400000BF00BF0520F9F7FFFE10BD10B50446C1
:1083500014B1012C0CD105E04FF480710020FAF724
:1083600087FC06E04FF480710020FAF777FD00E00B
:1083700000BF00BF0520F9F7E7FE10BD70B5044649
:108380000D461646FFF7B1FF002141EA4401C8B28D
:10839000FFF792FFFFF752FF18B1FFF7B4FF01207C
:1083A00070BD2846FFF788FFFFF748FF3046FFF70C
:1083B00083FFFFF743FF18B1FFF7A5FF0120EFE7A9
:1083C000FFF7A1FF0020EBE7704770477047704749
:1083D00070477047704770477047704770477047E5
:1083E000704770477047704770B504460D4600BF30
:1083F0001B48844208D01B48844205D01A48844256
:1084000002D01A48844200D104E040F2622118A050
:10841000F9F758FE00BF00BF0DB1012D00D104E0F7
:1084200040F2632112A0F9F74DFE00BF00BF606962
:1084300000F0040000B105B904E04FF419710CA07C
:10844000F9F740FE00BF012D04D1606840F0400004
:10845000606003E0606820F04000606070BD000074
:1084600000C0014000C4014000000240000402407E
:108470006472697665725C7372635C686333325FE1
:108480006C6C5F7370692E630000000001466FF032
:10849000020021B100220A604A608A600020704711
:1084A00070B505460C466FF0020600BF674885426E
:1084B00008D06748854205D06648854202D06648A4
:1084C000854200D104E040F2E92164A0F9F7FAFD09
:1084D00000BF002C7CD000BF2068D8B12068B0F16C
:1084E000805F17D02068B0F1005F13D02068B0F132
:1084F000405F0FD02068B0F1804F0BD02068B0F102
:10850000A04F07D02068B0F1C04F03D02068B0F171
:10851000E04F00D104E04FF43B7150A0F9F7D2FDD9
:1085200000BF00BF6068D8B16068B0F1807F17D02D
:108530006068B0F1007F13D06068B0F1407F0FD069
:108540006068B0F1806F0BD06068B0F1A06F07D0A9
:108550006068B0F1C06F03D06068B0F1E06F00D127
:1085600004E040F2ED213DA0F9F7ACFD00BF00BFF3
:10857000A068D8B1A068B0F5801F17D0A068B0F58A
:10858000001F13D0A068B0F5401F0FD0A068B0F551
:10859000800F0BD0A068B0F5A00F07D0A068B0F591
:1085A000C00F03D0A068B0F5E00F00D104E040F2A6
:1085B000EE212AA0F9F786FD00BF206848B9A86916
:1085C00020F40050A861E86820F0E040E8600CE08A
:1085D0003AE0E86820F0E040216801F0E04108431B
:1085E000E860A86940F40050A861606840B9A869D3
:1085F00020F48040A861E86820F0E060E8600BE0CB
:10860000A86940F48040A861E86820F0E0606168F3
:1086100001F0E0610843E860A06840B9A86920F46F
:108620000040A861E86820F4E000E8600BE0A86979
:1086300040F40040A861E86820F4E000A16801F47B
:10864000E0010843E8600026304670BD00C00140EC
:1086500000C40140000002400004024064726976D8
:1086600065725C7372635C686333325F6C6C5F73FA
:1086700070692E630000000070B505460C466FF06F
:10868000020600BF9D48854208D09D48854205D01E
:108690009C48854202D09C48854200D104E040F2CB
:1086A000ED119AA0F9F70EFD00BF002C72D000BFAB
:1086B000206810B12068012800D104E04FF4F8715F
:1086C00092A0F9F7FFFC00BF00BF606810B16068BE
:1086D000022800D104E040F2F1118CA0F9F7F2FC7D
:1086E00000BF00BFA06810B1A068082800D104E056
:1086F0004FF4F97185A0F9F7E5FC00BF00BFE06811
:1087000018B1E068B0F5805F00D104E040F2F311E9
:108710007EA0F9F7D7FC00BF00BF206938B12069FF
:10872000B0F5004F03D02069B0F5404F00D104E010
:108730004FF4FA7175A0F9F7C5FC00BF00BF60697E
:1087400040B16069012805D06069022802D06069E3
:10875000032800D104E040F2F5116CA0F9F7B2FC57
:1087600000BF00BFA069A0B1A069042811D0A06912
:1087700008280ED0A0690C280BD0A069102808D0BA
:10878000A069142805D0A069182802D0A0691C2867
:1087900001D105E0AFE04FF4FB715CA0F9F792FC6A
:1087A00000BF00BFE069D8B3E069B0F5807F37D083
:1087B000E069B0F5007F33D0E069B0F5407F2FD09D
:1087C000E069B0F5806F2BD0E069B0F5A06F27D0DD
:1087D000E069B0F5C06F23D0E069B0F5E06F1FD05D
:1087E000E069B0F5006F1BD0E069B0F5106F17D0ED
:1087F000E069B0F5206F13D0E069B0F5306F0FD0AD
:10880000E069B0F5406F0BD0E069B0F5506F07D06C
:10881000E069B0F5606F03D0E069B0F5706F00D12A
:1088200004E040F2F71139A0F9F74CFC00BF00BF9B
:10883000206A18B1206AB0F5805F00D104E04FF4DF
:10884000FC7132A0F9F73EFC00BF00BF606A10B1B6
:10885000606A802800D104E040F2F9112BA0F9F7FA
:1088600031FC00BF00BFA06A40B1A06A012805D05A
:10887000A06A022802D0A06A032800D104E04FF4C5
:10888000FD7122A0F9F71EFC00BFA068082803D1E3
:10889000E068B0F5805F2ED02068012806D1A0687E
:1088A00020B9606938B36069022824D0D4E9000196
:1088B0000843A1680843616A0843E16808432169E5
:1088C0000843686094F82810E86861F30100E860E4
:1088D000A068082808D1D4E905010843E1690843E4
:1088E000216A0843A86105E0E16960690843216ADB
:1088F0000843A8610026304670BD000000C001405A
:1089000000C4014000000240000402406472697625
:1089100065725C7372635C686333325F6C6C5F7347
:1089200070692E630000000070B504460D4600BF5C
:108930001448844208D01448844205D01348844225
:1089400002D01348844200D104E040F2D12111A0AA
:10895000F9F7B8FB00BF00BF0DB1012D00D104E055
:1089600040F2D2210BA0F9F7ADFB00BF012D04D1DD
:10897000606840F40050606003E0606820F40050DC
:10898000606070BD00C0014000C4014000000240B2
:10899000000402406472697665725C7372635C689D
:1089A0006333325F6C6C5F7370692E63000000008C
:1089B00070B504460D4600BF2348844208D02348C2
:1089C000844205D02248844202D02248844200D109
:1089D00004E04FF45B7120A0F9F774FB00BF00BF07
:1089E000B5F5807F08D0B5F5007F05D0B5F5806F6F
:1089F00002D0B5F5006F00D104E040F26D3116A051
:108A0000F9F760FB00BFB5F5807F09D0B5F5007FB1
:108A100008D0B5F5806F07D0B5F5006F08D105E037
:108A2000002607E0202605E0402603E0602601E05E
:108A3000002600BF00BFA06920F0E00006F0E001C2
:108A40000843A06170BD000000C0014000C40140A7
:108A500000000240000402406472697665725C7333
:108A600072635C686333325F6C6C5F7370692E6332
:108A70000000000070B504460D4600BF1348844254
:108A800008D01348844205D01248844202D01248CC
:108A9000844200D104E040F2C12110A0F9F712FB9A
:108AA00000BF00BF1DB1102D01D0202D00D104E06A
:108AB00040F2C22109A0F9F705FB00BF606820F071
:108AC000300005F030010843606070BD00C0014017
:108AD00000C4014000000240000402406472697654
:108AE00065725C7372635C686333325F6C6C5F7376
:108AF00070692E630000000070B504460D461646EE
:108B000000BF1E48844208D01D48844205D01D483D
:108B1000844202D01C48844200D104E040F231314A
:108B20001AA0F9F7CFFA00BF00BFB5F5807F08D0D3
:108B3000B5F5007F05D0B5F5806F02D0B5F5006FB3
:108B400000D104E040F2323110A0F9F7BBFA00BFC7
:108B500000BF012E00D006B904E040F233310BA073
:108B6000F9F7B0FA00BF012E03D1E0682843E060B6
:108B700002E0E068A843E06070BD000000C0014072
:108B800000C40140000002400004024064726976A3
:108B900065725C7372635C686333325F6C6C5F73C5
:108BA00070692E630000000001466FF0020089B179
:108BB00000220A604A6008228A600022CA600A61B4
:108BC0004A6108228A61D201CA6100220A624A62AD
:108BD0008A62002070472DE9F84307460C46154687
:108BE0001E46DDF820806FF0020954B14DB146B148
:108BF00033462A4621463846CDF8008000F004F876
:108C000081464846BDE8F8832DE9F04F87B0044619
:108C10000D4616469946002006900590049082461F
:108C200001200290E06800F0030000F1010800BF9D
:108C3000B9FBF8F008FB109000B904E040F24911CC
:108C400058A0F9F73FFA00BF606800F008000190F3
:108C5000A06900F470678DE00698484543D2002370
:108C600020221146204600F0ABF8824602980128E7
:108C700039D1BAF1000F36D10198082801D00198F6
:108C800088BBFDB10020009018E0B7F5806F03D8D5
:108C90000698285C20600BE0B7F5406F04D8069872
:108CA00035F81000206003E0069855F82000206099
:108CB0000098401C00900698401C06900098404583
:108CC000E3D30EE00020009008E04FF0FF3020607A
:108CD0000098401C00900698401C06900098404563
:108CE000F3D300200290002380221146204600F09A
:108CF00067F88246BAF1000F32D1FEB10020009031
:108D000018E0D4F800B0B7F5806F03D8059906F8DD
:108D100001B009E0B7F5406F03D8059926F811B006
:108D200002E0059846F820B00098401C0090059895
:108D3000401C059000984045E3D30DE000200090D2
:108D400007E0206803900098401C00900598401CA4
:108D5000059000984045F4D3012002900020049033
:108D600004991098814202D96FF0070A06E004982E
:108D7000401C049005984845FFF46EAF00BF606842
:108D800000F00800082809D1BAF1000F06D100222E
:108D900002212046109B00F013F88246504607B08F
:108DA000BDE8F08F6472697665725C7372635C68AB
:108DB0006333325F6C6C5F7370692E630000000078
:108DC00030B50446002004E013B96FF0070004E05A
:108DD0005B1E65690D409542F6D100BF30BD0000B5
:108DE0002DE9F04704460F4690464FF0000900BFBA
:108DF00024B144F00F000F2800D103E0C72126A0C2
:108E0000F9F760F900BF00BF072F00D803E0C821C1
:108E100021A0F9F757F900BF00BFB8F1070F00D83C
:108E200003E0C9211CA0F9F74DF900BF00BF21489C
:108E30000068772800D103E0CA2117A0F9F742F9AA
:108E400000BF24E004F00100E0B14FEAC960050E64
:108E5000281DC6B207FA06F008FA05F108430721F3
:108E6000B1400722AA40114308400721B140072220
:108E7000AA4011430F4A121F12688A4310430D493A
:108E8000091F0860640809F1010000F0FF09002CC7
:108E9000D8D1BDE8F08700006472697665725C73B2
:108EA00072635C686333325F6C6C5F7372616D2EEA
:108EB00063000000040805407047000001460448B4
:108EC0000068C068816102480068C068704700009F
:108ED000B880FF1F014604480068C068C1600248AE
:108EE0000068C06870470000B880FF1F024607484E
:108EF0000068C06880F8252004480068C06880F8D1
:108F0000261002480068C06870470000B880FF1F44
:108F1000014603480068016401480068704700008A
:108F2000B880FF1F0146034800688163014800685C
:108F300070470000B880FF1F0146034800680163C6
:108F40000148006870470000B880FF1F7FB50546E4
:108F50000C460026B84800680390B7484068029065
:108F6000B54880680190B448C068009000BF04F024
:108F7000E060E8B104F0E060B0F1807F18D004F068
:108F8000E060B0F1007F13D004F0E060B0F1407F0A
:108F90000ED004F0E060B0F1806F09D004F0E06022
:108FA000B0F1A06F04D004F0E060B0F1C06F00D168
:108FB00004E040F2A121A1A0F9F784F800BF00BFAE
:108FC00004F07000B8B104F07000102813D004F061
:108FD000700020280FD004F0700030280BD004F06F
:108FE0007000402807D004F07000502803D004F02F
:108FF0007000602800D104E040F2A2218FA0F9F7B0
:1090000061F800BF00BF04F4E020E8B104F4E02000
:10901000B0F5803F18D004F4E020B0F5003F13D045
:1090200004F4E020B0F5403F0ED004F4E020B0F5A9
:10903000802F09D004F4E020B0F5A02F04D004F470
:10904000E020B0F5C02F00D104E040F2A3217BA0C6
:10905000F9F738F800BF00BF04F4E000E8B104F409
:10906000E000B0F5801F18D004F4E000B0F5001F58
:1090700013D004F4E000B0F5401F0ED004F4E0007B
:10908000B0F5800F09D004F4E000B0F5A00F04D0D3
:1090900004F4E000B0F5C00F00D104E04FF42971F2
:1090A00066A0F9F70FF800BF00BF04F00700B8B1E1
:1090B00004F00700012813D004F0070002280FD0A5
:1090C00004F0070003280BD004F00700042807D0A1
:1090D00004F00700052803D004F00700062800D19B
:1090E00004E040F2A52155A0F8F7ECFF00BF00BF57
:1090F00004F4E060E8B104F4E060B0F5807F18D0DB
:1091000004F4E060B0F5007F13D004F4E060B0F543
:10911000407F0ED004F4E060B0F5806F09D004F415
:10912000E060B0F5A06F04D004F4E060B0F5C06F6B
:1091300000D104E040F2A62140A0F8F7C3FF00BF31
:1091400000BF04F4E040E8B104F4E040B0F5805F13
:1091500018D004F4E040B0F5005F13D004F4E04010
:10916000B0F5405F0ED004F4E040B0F5804F09D078
:1091700004F4E040B0F5A04F04D004F4E040B0F5B2
:10918000C04F00D104E040F2A7212CA0F8F79AFFCD
:1091900000BF00BF3048284000B104E04FF42A71FE
:1091A00026A0F8F78FFF00BF00BF2C48008800F012
:1091B000010000B104E040F2A92120A0F8F782FFED
:1091C00000BF2748007800F00700052817D10126C6
:1091D00000BF1948006900F0010000B104E04FF43D
:1091E0002C7116A0F8F76EFF00BF1E4812490860E8
:1091F000C01248608860C8601E20F8F7A5FF1848B4
:109200002638006AA84304EA0501084314492639B0
:1092100008621E20F8F798FF012E0BD1064903982B
:10922000086002984860019888600098C8601E2015
:10923000F8F78AFF7FBD0000008004406472697601
:1092400065725C7372635C686333325F6C6C5F631E
:109250006C6B2E630000000077777707FE430540B4
:1092600026400540EEFAFFFF7FB504460025304852
:10927000006803902E48406802902D488068019055
:109280002B48C068009000BF4CB1012C07D0022CC5
:1092900005D0032C03D0042C01D0052C00D104E010
:1092A00040F2372123A0F8F70DFF00BF00BF284888
:1092B000008800F0010000B104E04FF40E711DA021
:1092C000F8F700FF00BF2348007800F007000528EA
:1092D00001D0052C17D1012500BF1548006900F009
:1092E000010000B104E04FF4107112A0F8F7EAFE9B
:1092F00000BF19480E490860C01248608860C86005
:109300001E20F8F721FF134804701E20F8F71CFFF9
:10931000012D0BD106490398086002984860019816
:1093200088600098C8601E20F8F70EFF7FBD00001F
:10933000008004406472697665725C7372635C6875
:109340006333325F6C6C5F636C6B2E6300000000F4
:10935000FE43054026400540EEFAFFFF014609B9ED
:109360000020704702480068B0FBF1F080B2F8E7D7
:109370001880FF1F2DE9F34F91B08A468D4B0FCB1C
:1093800008AC0FC44FF0FF30079000BF8A49119816
:1093900088420BD089491198884207D08849119892
:1093A000884203D087491198884200D104E040F2F6
:1093B000F31185A0F8F786FE00BFDAF80040DAF86E
:1093C0000490002C7DD0B9F1000FFBD011984069BA
:1093D00000F4600500BF5DB1B5F5001F08D0B5F51C
:1093E000C00F05D0B5F5200F02D0B5F5400F00D164
:1093F00004E040F2F91174A0F8F764FE00BF680DB4
:1094000008A931F8105009FB05F04000B4FBF0F05A
:10941000461EFF2E0FD8CAF8086009FB05F0400071
:10942000B4FBF0F100FB11400D900D9820B9002025
:10943000CAF8100007906FE00220A0FB0532002060
:109440004FF0010C16EB0C0C4041A3FB0C1E02FB71
:109450000CE203FB00220020A1FB097302FB09328E
:1094600001FB00284FF480710022A7FB01C308FB19
:10947000013107FB021052084FEA34031CEB0301D1
:10948000504122460023CDE9041008460599F6F71D
:1094900033FF8021B0EB010BBBF17F0F3CD8CAF842
:1094A0000CB04FF4807C00223946A1FB0C0E08FB67
:1094B0000CE307FB02380746002080221BEB020268
:1094C00000E072E040EB00030021A2FB040C03FB70
:1094D00004C302FB0131CDE90E0138464146F7F7DE
:1094E000FCF9CDE90201DDE90E01F7F7F6F9CDE966
:1094F0000001DDE90223F7F774F9CDE90401F7F77C
:1095000069FA4FF07E510690F6F7DCFF0C900C984C
:10951000CAF81000002007900798B0F1FF3F44D12F
:1095200004EB8400410009FB05F04000B1FBF0F0C2
:10953000401D0A21B0FBF1F0461EFF2E35D8CAF8B7
:1095400008600220A0FB053200204FF0010C16EB52
:109550000C0C4041A3FB0C1E02FB0CE203FB00229F
:109560000023A1FB097C02FB09C201FB032838464A
:109570004146F7F7B2F9CDE902012046F7F7A0F925
:10958000CDE90001DDE90223F7F72BF9CDE904016C
:10959000F7F720FA4FF07E510690F6F793FF0C9004
:1095A0000C98CAF8100000200790079813B0BDE887
:1095B000F08F00007C02010000D0014000D4014087
:1095C00000100240001402406472697665725C7398
:1095D00072635C686333325F6C6C5F757361727465
:1095E0002E63000010B500F04DF8BFF34F8F1F48F9
:1095F0000068401C1D490860FBF7FCFB1C48007814
:10960000401CC0B21A490870052804D302F060FB60
:1096100000201749087017480078401CC0B215494F
:1096200008700A2804D3F8F75FFE0020114908707B
:1096300011480088401C80B20F4908800A2804D3D2
:10964000F7F788FF00200C4908800C480088401C70
:1096500080B20A49088041F28831884205D301204E
:109660000749087000200549088010BD2C80FF1FA5
:109670003080FF1F3180FF1F3280FF1F3480FF1FAB
:109680003680FF1F03480068034909680844014900
:10969000086070470C80FF1F0880FF1FF0B501466F
:1096A0004FF0FF34A9B3B1F57A7F32D84FF47A7016
:1096B000B0FBF1F0184A10601848006AC0F302636A
:1096C00017480068D840B0FBF1F2501EB0F1807F1F
:1096D00001D301201BE0501E4FF0E02358615817C2
:1096E0000F23002804DB1D072E0E0E4D2E5406E01E
:1096F0001D072F0E0C4D00F00F06361FAF5500BF93
:1097000000204FF0E023986107201861002000B985
:1097100000242046F0BD00000880FF1F00400540E7
:109720003416002000E400E018ED00E070B52B4D89
:109730002D6805F001051DB1294D2A4E356002E066
:10974000294D284E3560294D2D7805F00700062853
:1097500040D2DFE800F003080C11151A214D2D68E6
:10976000234E356037E0234D214E356033E04FF412
:1097700000451F4E35602EE01F4D1D4E35602AE01E
:109780004FF400451A4E356025E0184DDA352D6846
:10979000C5F30822154D263DD5F800512B0F134D6A
:1097A000DA352D6805F01F04104D263DD5F800511F
:1097B00005F080050DB9104901E00A4D2968651CC6
:1097C000B1FBF5F5561C75435E1CB5FBF6F5084E6E
:1097D000356000E000BF00BF70BD0000840601409E
:1097E0000024F40038160020002D310126400540E9
:1097F0003416002000127A0000366E0100B5FFF723
:1098000095FF00200149086000BD000008ED00E060
:109810007047704770477047704770477047704790
:109820007047704770477047704770477047704780
:109830007047704770477047704770477047704770
:109840007047704770477047704770477047704760
:109850007047704770477047704770477047704750
:109860007047704770477047704770477047704740
:109870007047704770477047704770477047704730
:109880007047704770477047704770477047704720
:109890007047704770477047704770477047704710
:1098A0007047704770477047704770477047704700
:1098B00070477047704770477047704770477047F0
:1098C0002DE9F84304460D46164620A00068009096
:1098D00000BF1F4884420ED01E4884420BD01E4851
:1098E000844208D01D48844205D01D48844202D0DD
:1098F0001C48844202D10A2D00D804E040F2EA213B
:1099000019A0F8F7DFFB00BF00BF0EB1012E00D198
:1099100004E040F2EB2114A0F8F7D4FB00BF032DC4
:1099200004D204F198081DF8057006E0A5F10309BA
:1099300004F5807000EB89080C274FEA481000EB13
:10994000870000F184400660BDE8F88300080C0041
:10995000005001400054014000580140005C0140AB
:1099600000600140006401406472697665725C7356
:1099700072635C686333325F6C6C5F746D72612E0E
:109980006300000010B5044600BF0D4884420ED0AD
:109990000C4884420BD00C48844208D00B488442C7
:1099A00005D00B48844202D00A48844200D104E02A
:1099B00040F2733108A0F8F785FB00BF208810BD86
:1099C000005001400054014000580140005C01403B
:1099D00000600140006401406472697665725C73E6
:1099E00072635C686333325F6C6C5F746D72612E9E
:1099F0006300000070B505460C466FF0020600BF1C
:109A0000534885420ED0534885420BD05248854278
:109A100008D05248854205D05148854202D051486D
:109A2000854200D104E04FF48B714FA0F8F74AFB58
:109A300000BF002C77D000BF207810B1207801281B
:109A400000D104E04FF48C7147A0F8F73BFB00BF56
:109A50002078002849D100BFA07810B1A078042850
:109A600000D104E040F21B113FA0F8F72BFB00BF30
:109A700000BFE07810B1E078022800D104E04FF494
:109A80008E7139A0F8F71EFB00BF00BF6078E8B107
:109A9000607810281AD06078202817D06078302895
:109AA00014D06078402811D0607850280ED06078AB
:109AB00060280BD06078702808D06078802805D0A6
:109AC0006078902802D06078A02800D104E040F2AD
:109AD0001D1125A0F8F7F6FA00BFA078E178084339
:109AE0006178084385F880002AE000BFA08828B18B
:109AF000A08841F6FF710843884201D0A08800B9D0
:109B000004E040F2231118A0F8F7DCFA00BF00BF10
:109B1000E08828B1E08841F6FF710843884201D00F
:109B2000E08808B905E010E040F225110EA0F8F732
:109B3000C9FA00BFA088A5F88800E088A5F88C00C5
:109B40002846A16800F012FA0026304670BD0000D9
:109B5000005001400054014000580140005C0140A9
:109B600000600140006401406472697665725C7354
:109B700072635C686333325F6C6C5F746D72612E0C
:109B8000630000002DE9F04705460E4614466FF0CD
:109B9000020900BF414885420ED0414885420BD0A2
:109BA0004048854208D04048854205D03F4885421C
:109BB00002D03F48854202D1072E00D804E04FF47E
:109BC000ED713CA0F8F77EFA00BF002C62D000BF18
:109BD000A08828B1A088012802D0A088022800D13E
:109BE00004E040F2DD1133A0F8F76CFA00BF00BFCB
:109BF000E08828B1E088012802D0E088022800D15E
:109C000004E04FF4EF712BA0F8F75CFA00BF00BF3F
:109C1000208940B12089012805D02089022802D05E
:109C20002089032800D104E040F2DF1121A0F8F7D9
:109C300049FA00BF00BF608940B16089012805D0A2
:109C40006089022802D06089032800D104E04FF423
:109C5000F07118A0F8F736FA00BF05F1400000EBEC
:109C600086082088A8F8000005F5A07000EB86079C
:109C70002079A17940EA8100217A40EA0110A17A95
:109C800040EA8110C0B2398801F47F41084338802E
:109C90004FF000094846BDE8F08700000050014041
:109CA0000054014000580140005C01400060014048
:109CB000006401406472697665725C7372635C680B
:109CC0006333325F6C6C5F746D72612E63000000F1
:109CD0002DE9F04104460D46164600BF184884425F
:109CE0000ED0184884420BD01748844208D0174839
:109CF000844205D01648844202D01648844202D1DC
:109D0000072D00D804E04FF4067113A0F8F7DAF934
:109D100000BF00BF0EB1012E00D104E040F21921B6
:109D20000DA0F8F7CFF900BF04F5A07000EB850790
:109D3000302101EB471000F184400660BDE8F0815E
:109D4000005001400054014000580140005C0140B7
:109D500000600140006401406472697665725C7362
:109D600072635C686333325F6C6C5F746D72612E1A
:109D70006300000001466FF0020049B1020C0A6066
:109D800001228A800022CA8003220A814A8100209F
:109D9000704700002DE9F04104460D46164600BF0D
:109DA000104884420ED0104884420BD00F488442A1
:109DB00008D00F48844205D00E48844202D00E4895
:109DC000844202D1072D00D804E04FF462710BA049
:109DD000F8F778F900BF04F1400000EB85073E80FA
:109DE000BDE8F0810050014000540140005801409E
:109DF000005C0140006001400064014064726976CB
:109E000065725C7372635C686333325F6C6C5F7441
:109E10006D72612E6300000070B504460D4600BFF0
:109E20000D4884420ED00D4884420BD00C48844229
:109E300008D00C48844205D00B48844202D00B481D
:109E4000844200D104E04FF4597109A0F8F73AF9BF
:109E500000BF258070BD000000500140005401404B
:109E600000580140005C0140006001400064014076
:109E70006472697665725C7372635C686333325FC7
:109E80006C6C5F746D72612E63000000F8B504465F
:109E90000D46164627A00068009000BF2648844261
:109EA0000ED0264884420BD02548844208D025484D
:109EB000844205D02448844202D02448844202D1FE
:109EC0000A2D00D804E040F2CA2121A0F8F7FAF8E0
:109ED00000BF00BF032E00D804E040F2CB211CA03D
:109EE000F8F7F0F800BF032D14D2B4F898001DF86D
:109EF00005200321914088431DF8052006FA02F150
:109F00001DF8053003229A4092B211400843A4F88C
:109F100098000EE0E81E04F5807101EB8007388898
:109F200049F6FF7108404FF4C04101EA4631084349
:109F30003880F8BD01090D00005001400054014077
:109F400000580140005C0140006001400064014095
:109F50006472697665725C7372635C686333325FE6
:109F60006C6C5F746D72612E6300000070B5044606
:109F70000D4600BF0D4884420ED00D4884420BD0E0
:109F80000C48844208D00C48844205D00B488442D7
:109F900002D00B48844200D104E04FF4517109A073
:109FA000F8F790F800BFA58070BD00000050014098
:109FB0000054014000580140005C01400060014035
:109FC000006401406472697665725C7372635C68F8
:109FD0006333325F6C6C5F746D72612E63000000DE
:109FE00010B5044600BF104884420ED00F4884428A
:109FF0000BD00F48844208D00E48844205D00E484A
:10A00000844202D00D48844200D104E040F256411F
:10A010000BA0F8F757F800BF94F8800040F001005B
:10A0200084F8800010BD0000005001400054014041
:10A0300000580140005C01400060014000640140A4
:10A040006472697665725C7372635C686333325FF5
:10A050006C6C5F746D72612E6300000010B5044675
:10A0600000BF104884420ED00F4884420BD00F48E6
:10A07000844208D00E48844205D00E48844202D063
:10A080000D48844200D104E040F263410BA0F8F790
:10A0900019F800BF94F8800000F0FE0084F88000FA
:10A0A00010BD000000500140005401400058014024
:10A0B000005C014000600140006401406472697608
:10A0C00065725C7372635C686333325F6C6C5F747F
:10A0D0006D72612E6300000001466FF0020061B1F5
:10A0E00000220A704A7000238B700223CB708A8092
:10A0F0000023CB80020C8A600020704710B54FF41B
:10A100007A70FFF7CBFA10BD2DE9F34F91B08A4674
:10A1100001200990801E089000BF8C491198884248
:10A120000BD08B491198884207D08A4911988842F0
:10A1300003D089491198884200D104E04FF4A771F7
:10A1400086A0F7F7BFFF00BFDAF80040DAF8048016
:10A15000002C7CD0B8F1000FFBD01198C068C0F380
:10A16000C0394FEAC800C9F102014843B4FBF0F01E
:10A17000471EFF2F11D8CAF808704FEAC800C9F16E
:10A1800002014843B4FBF0F100FB11400B900B9827
:10A1900020B90020CAF8100008907FE00021D9F112
:10A1A000020261EB010008238C46A2FB031E00FBA8
:10A1B00003E002FB0C0200204FF0010C17EB0C0C2B
:10A1C00040EB0003A1FB0C0E02FB0CE201FB03229F
:10A1D0000021A0FB083C02FB08C200FB0120CDE9E6
:10A1E0000E30DDE90E21080240EA12601102CDE9CD
:10A1F0000E10002040084FEA3403DDE90E125D180E
:10A2000040EB02060020D5F1FF31B04108D22246D2
:10A21000002328463146F6F76FF8A0F1800B03E0E3
:10A22000B5FBF4F0A0F1800BBBF17F0F34D8CAF876
:10A230000CB0DDE90E56002080221BEB020240EB41
:10A2400000030021A2FB040C03FB04C300E079E03F
:10A2500002FB0131CDE90C0128463146F6F73DFB02
:10A26000CDE90201DDE90C01F6F737FBCDE900018C
:10A27000DDE90223F6F7B5FACDE90401F6F7AAFB0A
:10A280004FF07E510790F6F71DF90A900A98CAF828
:10A2900010000020089001E0002009900998002893
:10A2A00050D14FEAC800C9F10201484304EB8401D0
:10A2B0004900B1FBF0F0401D0A21B0FBF1F0471E50
:10A2C000FF2F3FD8CAF808700021D9F1020261EBD4
:10A2D000010008238C46A2FB031E00FB03E002FBE7
:10A2E0000C0300204FF0010C17EB0C0C4041A1FBBC
:10A2F0000C2E03FB0CE301FB00310023A2FB085CE6
:10A3000001FB08C102FB031628463146F6F7E5FAC1
:10A31000CDE902012046F6F7D3FACDE90001DDE9E7
:10A320000223F6F75EFACDE90401F6F753FB4FF08E
:10A330007E510790F6F7C6F80A900A98CAF81000FE
:10A3400000200890089813B0BDE8F08F00D00140BD
:10A3500000D401400010024000140240647269768B
:10A3600065725C7372635C686333325F6C6C5F75DB
:10A37000736172742E6300007047704710B520211E
:10A38000074800F02FF9012808D1054800F0AAF984
:10A39000C4B2044A0449204600F01EFA10BD000071
:10A3A00000D001409C85FF1F4E80FF1F7047704703
:10A3B00070477047704770477047704710B5044644
:10A3C000202208210120F8F7DBFC21224021012076
:10A3D000F8F7D6FC01218806F8F79EFA074800F046
:10A3E00069F82146054800F04AF8054B40F2211271
:10A3F0000521024800F0A4F910BD00000010024041
:10A4000009A400007047704710B52021074800F0EC
:10A41000E9F8012808D1054800F064F9C4B2044AFB
:10A420000449204600F0D8F910BD00000010024099
:10A430006486FF1F5080FF1F704710B5044603E07D
:10A4400014F8010B00F004F820780028F8D110BDB2
:10A4500010B5044600BF8021044800F0C3F800286E
:10A46000F9D02146014800F06BFB10BD00100240FE
:10A47000704770477047704770477047704730B5F6
:10A480008BB005460C46684600F042FB0020009069
:10A49000019003940490059006900790002269466D
:10A4A000284600F045FA01220C21284600F038F831
:10A4B0000BB030BD70B50446002500BF0D48844286
:10A4C00008D00D48844205D00C48844202D00C4884
:10A4D000844200D104E04FF468710AA0F7F7F2FD5E
:10A4E00000BF4FF00040E060002020616061A0618B
:10A4F000284670BD00D0014000D401400010024049
:10A50000001402406472697665725C7372635C6801
:10A510006333325F6C6C5F75736172742E6300001D
:10A520002DE9F04104460D46164600BF1B48844203
:10A5300008D01B48844205D01A48844202D01A48E9
:10A54000844200D104E040F2BB3118A0F7F7BAFD15
:10A5500000BF00BF0EB1012E00D104E04FF46F71B7
:10A5600012A0F7F7AFFD00BF00BF25B145F0EF0027
:10A57000EF2800D104E040F2BD310CA0F7F7A2FDB6
:10A5800000BFAFB247B1012E03D1E0683843E060AD
:10A5900002E0E068B843E060BDE8F08100D001402F
:10A5A00000D4014000100240001402406472697639
:10A5B00065725C7372635C686333325F6C6C5F7589
:10A5C000736172742E6300000146044A126AC2F37A
:10A5D0000213034A126822FA03F070470040054054
:10A5E0003416002070B504460D4600BF134884425F
:10A5F00008D01348844205D01248844202D0124841
:10A60000844200D104E040F2EF3110A0F7F75AFD88
:10A6100000BF00BF2DB1144828431349884200D120
:10A6200004E04FF47C7109A0F7F74CFD00BF2068EF
:10A63000284008B1012070BD0020FCE700D0014097
:10A6400000D4014000100240001402406472697698
:10A6500065725C7372635C686333325F6C6C5F75E8
:10A66000736172742E630000EB0101002DE9F0416B
:10A67000044600BF1048844208D01048844205D0E8
:10A680000F48844202D00F48844200D104E040F2D7
:10A6900049210DA0F7F716FD00BF2046FFF794FFF4
:10A6A0000746A0698007410F012000FA01F5B7FBBA
:10A6B000F5F63046BDE8F08100D0014000D40140FD
:10A6C00000100240001402406472697665725C7387
:10A6D00072635C686333325F6C6C5F757361727454
:10A6E0002E63000010B5044600BF0A48844208D01B
:10A6F0000948844205D00948844202D0084884426F
:10A7000000D104E040F2725106A0F7F7DBFC00BF75
:10A71000E08810BD00D0014000D40140001002408C
:10A72000001402406472697665725C7372635C68DF
:10A730006333325F6C6C5F75736172742E630000FB
:10A740002DE9FC4107460C4615461E46ADF8024071
:10A75000ADF8005001966846FAF76CFB20460028D9
:10A7600007DB00F01F0201219140184A430942F81B
:10A77000231000BF20460F21002804DB0A07130E18
:10A78000134A135408E00A074FEA126C114A00F00A
:10A790000F031B1F02F803C000BF204600280DDB7B
:10A7A00000BF00BF00F01F0201219140420992004A
:10A7B00002F1E022C2F8001100BF00BF00BF012279
:10A7C00020213846FFF7ACFEBDE8FC8180E200E0C6
:10A7D00000E400E018ED00E00B8803F4004303BB45
:10A7E0000B8803F480434BB10A2802D000230B806E
:10A7F00017E00B8843F400430B8012E00D2804D1CE
:10A800000B8843F480430B800BE00B88C3F30D03EC
:10A81000D0540B885B1C0B800B88C72B01D90023FD
:10A820000B8070472DE9F04186B004460E4617466E
:10A8300000BF06B104E040F2A95132A0F7F742FC94
:10A8400000BF00BF3648844208D03648844205D055
:10A850003548844202D03548844200D104E040F2B9
:10A86000AA5128A0F7F72EFC00BF00BFE06800F057
:10A870000C0000B904E040F2AB5122A0F7F722FC33
:10A8800000BF2046FFF7F2FE0190029600200590DF
:10A89000FF200490E06800F08078B8F1000F0FD13D
:10A8A000606900F0200028B901A92046FFF72CFCC0
:10A8B00005460AE001A92046FEF75CFD054604E0D6
:10A8C00001A92046F7F7F2FA05469DB9DDE9031024
:10A8D00040EA01204FF67F710840A1684FF67F7271
:10A8E00091430843A0600498FF2803D0E06840F03B
:10A8F0000050E0600FB105983860284606B0BDE80A
:10A90000F08100006472697665725C7372635C68E2
:10A910006333325F6C6C5F75736172742E63000019
:10A9200000D0014000D40140001002400014024059
:10A930002DE9F04705460C4690466FF0020A002CC0
:10A9400073D000BF6748854208D06748854205D06C
:10A950006648854202D06648854200D104E040F254
:10A960002D3164A0F7F7AEFB00BF00BF2068B0F543
:10A97000805F01D0206800B904E040F22E315DA074
:10A98000F7F7A0FB00BF00BFA068B0F5006F01D0D3
:10A99000A06800B904E040F22F3156A0F7F792FB0F
:10A9A00000BF00BFA069B0F5C06F05D0A069B0F5C9
:10A9B000806F01D0A06900B904E04FF44C714DA044
:10A9C000F7F780FB00BF00BF206918B12069B0F520
:10A9D000805F00D104E040F2313146A0F7F772FB0E
:10A9E00000BF00BF606918B16069B0F5005F00D1B9
:10A9F00004E040F232313FA0F7F764FB00BF00BF34
:10AA0000E069B0F5004F01D0E06900B904E040F220
:10AA1000333138A0F7F756FB00BF00BF206AB0F112
:10AA2000805F01D0206A08B905E058E04FF44D710D
:10AA300030A0F7F747FB00BF00BF606A18B1606A3B
:10AA4000B0F1004F00D104E040F2353129A0F7F712
:10AA500039FB00BF00BFA06AB0F5007F03D0A06A39
:10AA6000B0F5807F00D104E040F2363121A0F7F745
:10AA700029FB00BF2169A0690843216A0843E169F5
:10AA80000843616A40EA0106A168206808436169D9
:10AA900040EA0107A06AB0F5007F02D14FF40070D0
:10AAA00000E000208146EE602F61C5F81490206818
:10AAB00098B900BF6068032800D804E04FF45171D2
:10AAC0000CA0F7F7FFFA00BF6068A861424628466D
:10AAD000E168FFF7A7FE824601E04FF0000A50460A
:10AAE000BDE8F08700D0014000D4014000100240D2
:10AAF000001402406472697665725C7372635C680C
:10AB00006333325F6C6C5F75736172742E63000027
:10AB100001466FF0020089B100220A604A608A6033
:10AB20004FF41652CA6000220A614A618A61CA6102
:10AB30000A62C2074A62D20D8A6200207047000092
:10AB400070B504460D4600BF0F48844208D00F4838
:10AB5000844205D00E48844202D00E48844200D17F
:10AB600004E040F281510CA0F7F7ACFA00BF00BF3F
:10AB7000B5F5007F00D204E040F2825106A0F7F75D
:10AB8000A1FA00BFA58070BD00D0014000D40140F3
:10AB900000100240001402406472697665725C73B2
:10ABA00072635C686333325F6C6C5F75736172747F
:10ABB0002E630000704710B502210846F8F74EF9E1
:10ABC00010BD10B502210846F8F752F810BD10B5B7
:10ABD000FFF7F1FF10BD70B504460D461646FFF7AE
:10ABE000F0FF9F2000F010F8FF2000F00DF820701B
:10ABF000FF2000F009F82870FF2000F005F8307001
:10AC0000FFF7D9FF70BD000001B582B0FF200190B1
:10AC10004FF47A70012301AA02A900900248FDF7BF
:10AC2000DAFF9DF804000EBD00C00140704710B56A
:10AC300008210020F8F71CF83C20F7F785FA10BD32
:10AC400070B50446002528E004F0800686B108218E
:10AC50000020F8F703F94FF4487001F0BBF8082121
:10AC60000020F8F705F84FF4E17001F0B3F80FE0B9
:10AC700008210020F8F7F2F84FF4C87001F0AAF8A4
:10AC800008210020F7F7F4FF40F2523001F0A2F85B
:10AC900000BF6006040E681CC5B2082DD4DB70BD71
:10ACA00070B506460C461546304600F015F80646C7
:10ACB000204600F011F80446284600F00DF805463D
:10ACC00072B62046FFF7BCFF3046FFF7B9FF2846B3
:10ACD000FFF7B6FF62B670BD0146C1F3D7107047EB
:10ACE0000FB4054B10B503A9044A029800F0CEF941
:10ACF00010BC5DF814FB00006DBE00004880FF1F13
:10AD00000FB4084B10B504A902AA039800F0BEF9CD
:10AD1000044602A9002000F050FD204610BC5DF85A
:10AD200014FB0000BBB700004100080218BF04205C
:10AD30000A0E18BF40F001004FF07F4232EA0101D5
:10AD400008BF40F00200012808BF0520704700003E
:10AD500000487047FC82FF1F0121F6F760B8F5F745
:10AD60005FBB00210846F5F7E5BB6FF05E01080701
:10AD7000F6F755B82DE9F04D0D4614464FF07F41DA
:10AD8000B1EB440F9EBF4FF0FF312960BDE8F08D5D
:10AD90004FF0004040EA0421C4F3C750783810F067
:10ADA0001F024A4B4FEA601CC2F120067B44C4F3E9
:10ADB000C750A0F178004FEA601003EB800053F811
:10ADC0002C3008BFD0E901C612D0D0F804C093409F
:10ADD0002CFA06F73B4387680CFA02FC27FA06F8C0
:10ADE000C06807FA02F2F0404CEA080C42EA00069A
:10ADF000A3FB0132ACFB01C0A6FB016101EB0C0619
:10AE00008E4234BF4FF0010C4FF0000CC11861446A
:10AE1000BCF1000F02D0814202D903E0814201D28D
:10AE2000012000E00020104400F120024FEA9218B7
:10AE30008006CA0C40EA42304F03C5F80080F5F79F
:10AE4000BEFA82463846F5F7C3FA6FF01201F5F7FD
:10AE5000E6FF07463046F5F7BBFA6FF02501F5F738
:10AE6000DEFF834639465046F5F7DAFA5946F5F7DC
:10AE7000D7FA00F500666FF30B0651463046F5F73A
:10AE800021FB3946F5F71EFB5946F5F71EFB104925
:10AE9000F5F71EFB07460F493046F5F719FB394613
:10AEA000F5F7BEFA07460C493046F5F711FB39466F
:10AEB000F5F7B6FA14F0004F08BFBDE8F08DC8F101
:10AEC000805180F000402960BDE8F08DEC4C02001C
:10AED000DB0FC92F22AAFD290000C92F02E008C8F4
:10AEE000121F08C1002AFAD170477047002001E004
:10AEF00001C1121F002AFBD1704700000149086000
:10AF000070470000FC82FF1F2DE9FF5F82B0002127
:10AF1000DDE90430020DDDF840B0034318D044F6FB
:10AF20001050A2F2FF3242431514119801281FD08D
:10AF3000A5EB0B00401C5FEA000A4FF000064E4FE5
:10AF4000DFF83891B046504615D5CAF1000413E039
:10AF5000119801244AA3012801D16FEA0B0102983C
:10AF6000119AC0E90031C0E9024206B0BDE8F09F85
:10AF7000CBF10000DFE704460021404A491842EBCC
:10AF80000450CDE9001012E0E00707D032463B46FE
:10AF900040464946F5F7B3FB8046894632463B4674
:10AFA00010461946F5F7ABFB06460F466410002C19
:10AFB000EAD1DDE90401DDE90023BAF1000F06DA88
:10AFC000F5F79DFB42464B46F5F799FB05E0F5F793
:10AFD00008FC42464B46F5F704FC04460E460022A8
:10AFE000284BF5F79FFE03D84FF0FF30014607E0EE
:10AFF0000022254B20463146F5F7DAFAF5F77AFEBE
:10B00000102409E0002C0ADB0A220023F5F774F96A
:10B01000039B30321A55641E50EA0102F2D1641CBF
:10B02000039AC4F111031444119A012A03D0012296
:10B0300008430DD10AE0084304D000204FF0110B63
:10B04000119072E7A3EB0B056D1E0DE05B4504DD6F
:10B050004FF0000205F1010504E003DA4FF00002B1
:10B06000A5F10105002AECD002981199C0E902313E
:10B07000C0E9004579E70000000014400000F03FFF
:10B08000300000000000F0430000E03F2DE9FF4FDA
:10B0900095B09B468946064600250FE2252877D1C4
:10B0A00000242746F84A0121059400E0044316F8DD
:10B0B000013F203B01FA03F01042F7D130782A28F3
:10B0C00011D06FF02F033078A0F13002092A16D882
:10B0D000059A44F0020402EB820203EB42021044A0
:10B0E000761C0590EFE759F8042B0592002A03DA45
:10B0F000504244F40054059044F00204761C307829
:10B100002E2816D116F8010F44F004042A280DD079
:10B110006FF02F023078A0F13003092B09D807EB2C
:10B12000870302EB4303C718761CF3E759F8047B47
:10B13000761C30786C280FD006DC4C2817D0682895
:10B140000DD06A2814D104E0742810D07A280FD1C9
:10B150000DE044F400140AE044F4801401E044F4E7
:10B1600040147278824202D104F58014761C761C59
:10B17000307866280BD013DC582877D009DC0028FB
:10B1800075D04528F6D04628F4D047281AD19DE13D
:10B1900018E0632835D0642879D0652812D195E16C
:10B1A000702873D008DC6728F1D069286FD06E282A
:10B1B0000DD06F2806D1B5E073282CD0752875D036
:10B1C000782874D05A46179990476D1C75E1C4F3DE
:10B1D0000250022809D003280DD0D9F80010042805
:10B1E0000DD00D6009F1040967E1D9F80010EA17E4
:10B1F000C1E90052F6E7D9F800100D80F2E70D70B2
:10B20000F0E719F8041B8DF8001000208DF80100FC
:10B21000EA46012003E059F804AB4FF0FF30610724
:10B220004FF0000102D40DE008F101018846B94257
:10B230000FDA8045F8DB1AF808100029F4D108E08D
:10B2400008F1010188468142FADB1AF8081000294A
:10B25000F6D105985B46A0EB080721463846179AB9
:10B2600000F094FA284400EB080507E04DE029E1DE
:10B270000DE01AF8010B5A4617999047B8F10108EA
:10B28000F7D25B4621463846179A13E142E00A227C
:10B290000092C4F302524FF0000A022A08D059F873
:10B2A00004CB032A4FEAEC710AD00DE029E02AE032
:10B2B00009F1070121F00702F2E802C1914609E015
:10B2C0000FFA8CFC4FEAEC71042A03D14FFA8CFC84
:10B2D0004FEAEC71002907DA0A460021DCF1000C84
:10B2E00061EB02012D2202E0220504D52B228DF80C
:10B2F0000420012203E0E20701D02022F7E7904674
:10B3000059E00A2102E010220DE010214FF0000A5E
:10B3100000910BE010224FF0000A44F004040827CB
:10B32000009203E008224FF0000A0092C4F3025298
:10B33000022A05D059F804CB0021032A08D009E0DD
:10B3400009F1070121F00702F2E802C1914605E088
:10B350001FFA8CFC042A01D10CF0FF0C4FF00008FE
:10B36000220728D5702806D0009B83F0100353EAEB
:10B370000A0305D00EE040228DF80420012208E0E7
:10B380005CEA010206D030228DF804208DF8050019
:10B3900002229046009B83F0080353EA0A030AD175
:10B3A0005CEA010201D1620705D530228DF8042044
:10B3B0004FF001087F1E582804D034A003900EA837
:10B3C00002900DE036A0F9E753466046009AF4F784
:10B3D00093FF84460398825C0298401E029002709C
:10B3E0005CEA0100F0D1029806A9081A00F1200ACF
:10B3F000600702D524F4803400E00127574502DDC0
:10B40000A7EB0A0000E0002000EB0A01009005987D
:10B410004144401A0590E00306D45B462146179A42
:10B42000059800F0B3F90544002706E001A85A4644
:10B43000C05D179990476D1C7F1C4745F6DBE00304
:10B440000CD55B462146179A059800F09FF90544F4
:10B4500004E030205A46179990476D1C0099481E09
:10B4600000900029F5DC08E0029802995A4600781D
:10B47000491C0291179990476D1CBAF10001AAF17D
:10B48000010AF1DC65E100000928010030313233A6
:10B490003435363738396162636465660000000010
:10B4A00030313233343536373839414243444546FA
:10B4B0000000000000F058F90544761C30780028A0
:10B4C0007FF4ECAD19B02846BDE8F08F620700D4D8
:10B4D000062709F1070222F0070CFCE80223E146E7
:10B4E00003F000485FEA080C02D00FF2702C0DE068
:10B4F0005FEA045C02D50FF2682C07E05FEAC47CC7
:10B5000002D00FF2602C01E0AFF2700C4FF0FF3868
:10B5100023F00043CDF850C065280CD006DC452848
:10B5200009D046281DD047283DD13DE0662818D0D7
:10B5300067287ED138E00021112F01DB112000E0C7
:10B54000781CCDE9000106A90EA8FFF7DDFCDDE9B6
:10B550000F010E9A03910021009207F1010A049154
:10B560004DE04FF000400097CDE9011006A90EA86C
:10B57000FFF7CAFCDDE90F0203920E9B119900222E
:10B58000DDF80CA00093049211B9791C00EB010ABC
:10B59000B7EB0A0004D4C0F1FF3007F1010A0490B0
:10B5A000AAEB0700019044E0012F00DA01270021F7
:10B5B000112F01DD112000E03846CDE9000106A978
:10B5C0000EA8FFF7A1FCDDE90F010E9A03910021FF
:10B5D00004910092BA4621070CD40399514500DA30
:10B5E0008A46BAF1010F05DD009AAAF10101515C0A
:10B5F000302908D0B84202DA10F1040F06DA01212E
:10B60000CDE9011015E0AAF10101E9E7002805DC08
:10B61000049901440491AAEB000102E0411C514548
:10B6200000DD8A460499401A401C01904FF000400A
:10B630000290200704D40198504501DBCDF8048026
:10B6400000208DF84F0002980DF14F07B0F1004F28
:10B6500025D02B200E9002984FF0020800280CDA1B
:10B66000404202902D200E9007E00A210298F5F743
:10B67000E1F93031029007F8011DB8F10001A8F19D
:10B680000108F2DC02980028EFD1791E0E980870AC
:10B69000307800F0200040F0450007F8020D12A8B5
:10B6A000C01B00F107081498007800B1012000EBDE
:10B6B0000A01019801EBE07105984144401A401ECF
:10B6C0000590E00306D45B462146179A059800F0E2
:10B6D0005DF805441498007818B15A4617999047B8
:10B6E0006D1CE00324D55B462146179A059800F0AF
:10B6F0004DF805441CE00498002807DBDDE9030150
:10B70000884203DD0098405C179901E017993020CA
:10B710005A469047049805F10105401C0490019891
:10B72000401E019004D12E205A46179990476D1C57
:10B73000BAF10001AAF1010ADDDC05E017F8010BFE
:10B740005A46179990476D1CB8F10001A8F10108FD
:10B75000F4DC5B462146179A0598ABE62D00000005
:10B760002B000000200000002DE9F04104460025D8
:10B770001E461746880404D405E039462020B04709
:10B780006D1C641EF9D52846BDE8F0812DE9F04115
:10B79000044600251E469046C80301D5302700E028
:10B7A0002027880404D505E041463846B0476D1C83
:10B7B000641EF9D52846BDE8F0810A68531C0B6069
:10B7C000107070472DE9F0474FF0684202EB4003DC
:10B7D0000C460546B3F1654F3CBF02EB4102B2F1A6
:10B7E000654F7CD2C0F3C753C1F3C7529A1A1B2AC4
:10B7F00006DD10F0004F14BF76487748BDE8F087AB
:10B8000012F11A0F17DA11F0004F06D010F0004FA6
:10B810000CBF72487248BDE8F08721462846F4F70D
:10B8200089FE0446FFF780FA042808BFFFF79DFA57
:10B830002046BDE8F0874200B2EB410F25D910F059
:10B84000004F19BF674F684E684F694E224685F01A
:10B85000004415460A4680F0004110460A1A52007C
:10B86000B2F1807F40D248406249DFF88CA110F0ED
:10B87000004F18D04FF03F483846F4F723FE0746F4
:10B8800051463046F4F71EFE17E011F0004F04BF9A
:10B8900000263746E2D010F0004F19BF574F584EE0
:10B8A000584F594EDAE74FF07C583846F4F7B8FD58
:10B8B000074651463046F4F7B3FD06464146284652
:10B8C000F4F706FE2146F4F7ABFD824621464046DA
:10B8D000F4F7FEFD2946F4F7F8FD514600E037E0A5
:10B8E000F4F728FE044604E021462846F4F722FE39
:10B8F00004460146F4F7ECFD80464449F4F7E8FDC0
:10B900004349F4F78DFD4146F4F7E2FD4149F4F770
:10B9100087FD4146F4F7DCFD3F49F4F781FD4146E0
:10B92000F4F7D6FD3D49F4F77BFD05464146204638
:10B93000F4F7CEFD2946F4F7CBFD3146F4F770FD60
:10B940002146F4F76DFD3946BDE8F047F4F768BDD0
:10B950004FF07F42B2EB400F28BFB2EB410F03D252
:10B96000BDE8F047FFF7FBB940EA01035B0008BF01
:10B9700044F0FF410AD0B2EB400F08BFB2EB410FD9
:10B9800006D125F0804024F0804105460C4629E789
:10B99000B2EB400F12BF5FEA410245F0FF4004F0F6
:10B9A00000413FF41FAF4A0092EA40033FF51AAF4F
:10B9B000002AACBF4FF09F464FF03E563146F4F799
:10B9C00087FD054631462046F4F782FD04462846A9
:10B9D000214607E7DB0FC9BFDB0FC93FDB0F49403B
:10B9E000DB0F49C00000C9BF22AAFDB90000C93F52
:10B9F00022AAFD390060ED3EC30ACE37000049C0DF
:10BA000022AA7DBA0000494022AA7D3A2DAD65BD2B
:10BA10008FB8D53D0FB511BE61C84C3EA8AAAABECD
:10BA200000F10C0343F82120704770B504462079DB
:10BA3000A16888470546E07800F00700002802DD8D
:10BA40002088401C2080E078B5EBD01F13D0E07830
:10BA5000C008401CE17860F3C501E170C1F3C20089
:10BA600003280CDBE07865F3C710E070E07820F085
:10BA70003800E07003E0E07820F03800E070E07813
:10BA800000F00700062876D2DFE800F00326529D7A
:10BA9000E7C6E078C0F38010E178B0EBD11F15D194
:10BAA000A07820F0F000A070E06810B12046E168B6
:10BAB000884700202080A07820F00F00401CA07054
:10BAC000E07820F00700401CE07004E0A07820F04F
:10BAD000F0008030A070C5E0E078C0F38010E1781D
:10BAE000B0EBD11F11D0A07820F0F0001030A07082
:10BAF000206910B120462169884700202080E07825
:10BB000020F00700801CE07011E0208864280EDD22
:10BB1000A07820F0F0005030A070206A10B12046CC
:10BB2000216A8847E07820F00700401DE07099E026
:10BB3000E078C0F38010E178B0EBD11F1CD1A07881
:10BB400020F0F000A070E06810B12046E16888475E
:10BB5000A078401CA17860F30301A170606910B166
:10BB600020466169884700202080E07820F00700A7
:10BB7000C01CE07026E070E02088062822DDA07856
:10BB800000F00F0001280AD1A07820F0F00030303A
:10BB9000A070A06990B12046A16988470EE0A07806
:10BBA00000F00F00022809D1A07820F0F00040300A
:10BBB000A070E06910B12046E1698847E07820F084
:10BBC0000700E0704EE0E078C0F38010E178B0EB61
:10BBD000D11F19D0A07820F0F0001030A07020699B
:10BBE00010B12046216988472088062807DA0020FE
:10BBF0002080E07820F00700801CE0700BE0E07807
:10BC000020F00700E07006E02088062803DDE078D9
:10BC100020F00700E07025E0E078C0F38010E178C4
:10BC2000B0EBD11F0AD1A07820F0F0006030A070F6
:10BC3000606A88B12046616A88470DE0A07820F0EC
:10BC4000F0001030A070206910B1204621698847AB
:10BC5000E07820F00700E07004E0E07820F00700D2
:10BC6000E07000BF00BF70BD2DE9F04104460E46F4
:10BC700017461D462C212046F4F789FBA07820F0BA
:10BC8000F0008030A070A6602846A1688847E1785F
:10BC900060F3C711E170E07867F38610E0702571FA
:10BCA000BDE8F08101460948026805E08A4202D1F8
:10BCB0004FF0FF307047926A002AF7D103480068BE
:10BCC0008862024801600020F4E700002880FF1F1E
:10BCD00010B50548046803E02046FFF7A6FEA46AF5
:10BCE000002CF9D110BD00002880FF1F2DE9F04184
:10BCF000C1F30A52A2F2FF362F4A304B0D460446DA
:10BD0000142E2FDA002E12DAF4F752FC002213461A
:10BD1000F5F708F84CD2002DBCBF4FF000450024C9
:10BD200046DB55EA040018BF254D19D140E0DFF885
:10BD300094C02CFA06F705EA070C5CEA040C08BF6D
:10BD4000BDE8F081F4F734FC00221346F4F7EAFF73
:10BD50002ED2002D03DD4FF48010F0400544BD438A
:10BD6000002425E0332EC8BFBDE8F081A6F1140CF5
:10BD70004FF0FF3727FA0CF73C4208BFBDE8F081CF
:10BD8000F4F7BAFC00221346F4F7CCFF10D2002DD2
:10BD90000DDD142E08BF6D1C09D0C6F13400012141
:10BDA00001FA00F02044A04238BF6D1C0446BC4399
:10BDB00029462046BDE8F0819C7500883CE4377E2A
:10BDC0000000F03FFFFF0F0010B504462046F6F7D5
:10BDD0009BF910BD10B50146134B1B6803F001031E
:10BDE0006BB9124B1B6843F08073104C2360002327
:10BDF0000D4C636023461B6843F0010323600C4B2A
:10BE00001B680C4CB3FBF4F34B434FF47A74B3FB55
:10BE1000F4F000B90120044B5A6800BF024B5B6884
:10BE20009B1A8342FAD310BD001000E0FCED00E045
:10BE30003416002040420F0010B504462046F6F7A5
:10BE400083F910BD0246002100BF09E0064800EB5F
:10BE500001100068904201D108467047481C81B229
:10BE60000E29F3DB0020F8E7D481FF1F70B50446EC
:10BE70000D460E48007858B900BF80210C48FEF7E7
:10BE8000B1FB0028F9D0A1B20948FEF759FE0AE03B
:10BE900000BF80210748FEF7A5FB0028F9D0A1B21A
:10BEA0000448FEF74DFE204670BD00004C80FF1F89
:10BEB00000D001400010024010B5044601200349A3
:10BEC00008700348F5F724FB10BD00000480FF1F35
:10BED0001003010010B5044603A0FEF701FF0A4855
:10BEE000F5F716FB10BD00002D2D2D3E206B65795A
:10BEF0003020707265737320646F776E21203C2D43
:10BF00002D2D0D0A000000000803010010B50446A5
:10BF100001A0FEF7E5FE10BD2A2A2A3E206B6579B6
:10BF20003020707265737320757021203C2A2A2A94
:10BF30000D0A00000121014A117070470580FF1FA2
:10BF400010B504460220034908700348F5F7E0FAEB
:10BF500010BD00000480FF1F2803010010B5044637
:10BF600003A0FEF7BDFE0A48F5F7D2FA10BD0000A7
:10BF70002D2D2D3E206B65793120707265737320F5
:10BF8000646F776E21203C2D2D2D0D0A00000000DE
:10BF90000803010010B5044601A0FEF7A1FE10BD84
:10BFA0002A2A2A3E206B65793120707265737320CE
:10BFB000757021203C2A2A2A0D0A00000221014A1C
:10BFC000117070470580FF1F10B504460220034919
:10BFD00008700348F5F79CFA10BD00000480FF1FAD
:10BFE0002803010010B504460148F5F791FA10BD89
:10BFF000080301007047000010B504460120034902
:10C0000008700348F5F784FA10BD00000480FF1F94
:10C01000100301000EB5FF20FBF7DCF9F5F762F81D
:10C02000F5F7BCF8F6F76EF904F0E8F8F5F714FA4E
:10C030002348F5F76DFAFBF75DFCFBF746FCFEF7CE
:10C040005DF84FF4E13002F0D5FB4FF4E130FEF73C
:10C05000B5F9FCF77DF8FBF7E9FB0446214619A08A
:10C06000FEF73EFE702C01D1FBF738FBF5F7B0F977
:10C07000FEF7ADFD6A4601A902A8FEF7ACFD9DF8EA
:10C0800000309DF804209DF8081015A0FEF728FE4A
:10C09000002000F037F8F6F7B6FCFF20FBF7E2F9D6
:10C0A000F6F7EAFFF6F77AFAFEF7C1FD012205215D
:10C0B0000020FEF7F5FD00BFF8F7FEFDFCE70000ED
:10C0C000100301004D5055363530302057484F5F32
:10C0D000414D5F493D3078253032580D0A0000004F
:10C0E000464C415348204A454445432049443A2060
:10C0F00025303258202530325820253032580D0A4C
:10C100000000000010B504460C4951F824104A0004
:10C110000B4951F82400002100F09EF8094951F81C
:10C1200024200749091F51F82400002100F094F849
:10C1300001210348001D015510BD00004404010009
:10C14000A480FF1F4C0401002DE9F04704460F4670
:10C150000025A9462348005D20B92248103801680F
:10C16000204688471FB94FF0FF30BDE8F0871E48D2
:10C1700050F82400B7FBF0F61B4850F82400B7FB3A
:10C18000F0F100FB117000B1761C184850F8240043
:10C19000451E22E01348001F50F8240030F8150017
:10C1A00010B909F1010901E04FF00009B14513D1BF
:10C1B0004FF0000809E00B48001F50F8240005EB81
:10C1C000080220F8126008F10108B045F3D30648D0
:10C1D00050F824006843C8E76D1E002DDADA4FF0EE
:10C1E000FF30C2E7A880FF1F48040100440401009B
:10C1F00010B501460023002207E00B4850F821004B
:10C2000030F8120000B15B1C521C084850F82100A5
:10C210009042F2D864205843044C54F82140B0FBBB
:10C22000F4F0C0B210BD0000A480FF1F4404010060
:10C2300070B504460E4631462046FFF785FF054699
:10C24000681C08B9002070BD024850F8240028443A
:10C25000F9E70000A080FF1F30B5034601E003F8B6
:10C26000011B141EA2F10102F9D130BD037E062B81
:10C2700009DA037E20F82310037E00EB83035A8043
:10C28000037E5B1C0376704700210176704770B512
:10C2900004460D46204600F0F1F800B970BD29466D
:10C2A000204600F00DF800BFF8E70246481EC1B274
:10C2B000107E884202DC107E401EC1B208467047E4
:10C2C00070B504460E46B4F91A500021204600F01D
:10C2D000AEF80121204600F0AAF8607E38B104F1E2
:10C2E0001C0000F058F904F1340000F054F900BFCC
:10C2F0003146204600F045F803E00021204600F0DA
:10C3000096F804F11C0000F046F90028F5D003E08F
:10C310000121204600F08BF804F1340000F03BF9D5
:10C320000028F5D0681E05B2002DE1DC70BD2DE9B6
:10C33000F04104460F46154605EB450104F11C008B
:10C3400000EBC100067D00BF05EB450104F11C00B8
:10C3500000EBC1003146026920469047064604EBD7
:10C360008600B0F90200B84200D007E005EB4501B5
:10C3700004F11C0000EBC1000675E5E700BFBDE855
:10C38000F0812DE9F04107460C46B7F92850B7F97E
:10C390004060B7F93C80B8F1000F01DABDE8F081E8
:10C3A000B4F84600404500DCF8E7B5421ADA002E42
:10C3B00000DAF3E7B4F84400A84200DCEEE7002D11
:10C3C00000DA0025B4F84400B04202DCB4F84400BE
:10C3D00006B2701B83B21FFA88F2A9B2204600F0A1
:10C3E00004FB19E0002D00DAD8E7B4F84400B042AD
:10C3F00000DCD3E7002E00DA0025B4F84400A842A0
:10C4000002DCB4F8440005B2A81B83B21FFA88F21C
:10C41000B1B2204600F0E9FA00BFBFE70246481C6F
:10C42000C1B2107E884200DC0021084670472DE929
:10C43000F84F04460F4607EB470104F11C0000EBE0
:10C44000C106357D04EB8500B0F9029034F92580F2
:10C450002946204632699047054604EB8500B0F92D
:10C4600002B034F925A0357553464A464146304658
:10C47000CDF800B000F062F8BDE8F88F2DE9F0418A
:10C4800004462C4961642C49E162B4F90270B4F9A4
:10C490000260002130200155012517E004EB8500E2
:10C4A000B0F90200B84203DD04EB8500B0F9027078
:10C4B00004EB8500B0F90200B04205DA30200555E2
:10C4C00004EB8500B0F90260681CC5B2207EA8426A
:10C4D000E4DC6783608B801B00B26083608B10B9E3
:10C4E0000020BDE8F0813020015D84F84810012271
:10C4F00031462046FFF71BFF002231462046FFF75A
:10C5000016FF012060763020005D34F9201094F889
:10C51000480034F92000814202D00020607607E014
:10C52000608B401E00B26083608B08B90020D8E7A2
:10C530000120D6E71DC40000ABC20000F0B50C46D8
:10C540001E46059D371B39B2AF1A3FB24780458161
:10C5500002818481002905DB012707800B46002723
:10C56000C7810AE04FF0FF3707804F423BB2B0F976
:10C570000270C7F101073FB2C781B0F9027091FBA9
:10C58000F7F73FB28780B0F9027093FBF7FC07FB27
:10C590001C37C780F0BD0146B1F90800B1F90A2087
:10C5A000904201DB0020704788898A88104400B2DD
:10C5B0008881C889CA88104400B2C881B1F90E00C8
:10C5C000002809DD88890A88104400B28881C8895A
:10C5D0004A88801A00B2C8810889401C00B20881CC
:10C5E0000120E0E710B504464FF480710220F6F711
:10C5F00003FB012800D110BD0020FCE72DE9F84322
:10C600000446024652486946B0EB420F09D94FF042
:10C61000E640B0EB420F94BF00204FF0FF30009097
:10C6200030E04C4B22F00040834271D94A49204609
:10C63000F3F74EFFF4F7E3FA8046F4F75AF900F007
:10C640000300009045494046F3F742FF0546444940
:10C650004046F3F73DFF064642494046F3F738FFB0
:10C66000074641494046F3F733FF2146F3F72DFFD4
:10C670003946F3F727FF3146F3F724FF2946F3F74E
:10C6800021FF04462546009C002C45DB294614F07A
:10C69000010F08461ED0F3F71BFF05463349F3F799
:10C6A00017FF3349F3F7BCFE2946F3F711FF314971
:10C6B000F3F7B6FE2946F3F70BFF4FF07E51F3F781
:10C6C000AFFE14F0020F08BFBDE8F88380F0004011
:10C6D000BDE8F883F3F7FCFE06462749F3F7F8FEBA
:10C6E0002649F3F7F2FE3146F3F7F2FE2449F3F759
:10C6F00097FE3146F3F7ECFE2946F3F7E9FE2946AB
:10C70000F3F78EFE14F0020FE0D1BDE8F883FFE7E7
:10C710001046FEF72FFBB4E76800B0F17F4F09D257
:10C720002846FEF701FB042808BFFEF71EFB28463B
:10C73000BDE8F88306D10120FEF7E0FBBDE8F84331
:10C74000FEF70FBB2846BDE8F843FEF705BB000027
:10C75000B61F927E490E494683F9223F1A61342C56
:10C760000020A23300A0FD390000C93FB93AB2BA97
:10C77000CA9F2A3DDDFFFFBE336D4C39DA82083C8B
:10C78000A0AA2ABE70B50546F4F70AFA044620F0BE
:10C790000040C0F1FF40C00F08D025F00040C0F1BC
:10C7A000FF40C00F04BF0120FEF7A8FB204670BD6C
:10C7B00010B50446084B094A0949204600F0FCFC24
:10C7C000204601F069FC0021204601F081FC204652
:10C7D00000F014F810BD000065E60000B1E10000B3
:10C7E000FCF8020070B506460C4615462A4621465E
:10C7F0000148FFF73BFD70BDE815002070B5044609
:10C800002068057C94F8380010FB05F5ED002946FA
:10C81000606BF3F7BCFD70BD10B50248FFF734FD47
:10C8200010BD0000E81500202DE9F84380460E46B3
:10C8300014461F46089D601980B20090F01983B21B
:10C8400022463146404600F025FC08B9BDE8F88391
:10C850000BE000203B46224631460090404600F067
:10C86000D2F8601C84B2681E85B2002DF1D100BFE1
:10C87000ECE72DE9F84307460D4616461C46DDF861
:10C8800020803019401C80B200902819401C83B2CF
:10C89000301B82B2281B81B2384600F0FBFB08B97E
:10C8A000BDE8F8832346324629463846CDF8008055
:10C8B00000F075FD00BFF3E72DE9F84307460D468C
:10C8C00016461C46DDF820803019401C80B20090CE
:10C8D0002819401C83B2301B82B2281B81B2384613
:10C8E00000F0D8FB08B9BDE8F88323463246294654
:10C8F0003846CDF8008000F0E0FD00BFF3E72DE9F9
:10C90000F84381460D4616461F46089CA846301936
:10C9100080B20090E81983B232462946484600F0BA
:10C92000B9FB08B9BDE8F88300203B4632462946EA
:10C930000090484600F067F8022C23DBA01E84B26A
:10C94000701C86B2002C15DD012023463246294694
:10C950000090484600F057F8E81985B2681E85B285
:10C9600001202346324629460090484600F04BF805
:10C97000301986B200203B46324641460090484678
:10C9800000F041F800BFCDE72DE9F04104460D4627
:10C9900016461F467020005D30B101280AD00228DB
:10C9A0000ED0032818D111E02046E16D88473044AD
:10C9B00086B211E02046E16D8847281A85B20BE067
:10C9C0002046E16D8847301A86B205E02046E16DC9
:10C9D0008847284485B200BF00BF3B4632462946FF
:10C9E000204601F074F8BDE8F081F8B504460D4624
:10C9F00016461F4600203B463246294600902046F8
:10CA000000F001F8F8BD7FB582B004460A9D94F8A5
:10CA10008C00002863D0BDF8140000285FD0BDF85A
:10CA2000140001281CDD022D0CD1BDF80C00BDF84E
:10CA30001410401A80B20390BDF80C00401C80B264
:10CA400003900DE0032D0BD1BDF81000BDF81410BC
:10CA5000401A80B20490BDF81000401C80B20490CF
:10CA600005F00105C5B9B4F84C00BDF810108842B6
:10CA700001DD06B070BDB4F84E00BDF8101088425C
:10CA800000DCF6E7B4F84A30B4F8482005A903A85A
:10CA900000F05FFCC0B9ECE7B4F84800BDF80C103A
:10CAA000884200DDE5E7B4F84A00BDF80C10884282
:10CAB00000DCDEE7B4F84E30B4F84C2005A904A839
:10CAC00000F047FC00B9D4E70095206BBDF81430A6
:10CAD000BDF81020BDF80C1086682046B04700BF96
:10CAE000C7E72DE9F84F04460F4691461D46DDF88D
:10CAF00028A094F89280B8F1000F01D1012000E045
:10CB00000020834609F1010080B20090781983B2B9
:10CB10004A463946204600F0BDFA08B9BDE8F88F0C
:10CB2000012625E09AF80000304050B184F8928048
:10CB3000002001234A46394600902046FFF763FF54
:10CB40000CE094F8910048B984F892B000200123D9
:10CB50004A46394600902046FFF755FF781C87B2B9
:10CB60007006060E16B901260AF1010A681E85B282
:10CB7000002DD7DC84F8928000BFCFE72DE9FF4F6E
:10CB800085B00D4616461C46129F00200190A54216
:10CB900003DD281B1FFA80F802E0601B1FFA80F8F3
:10CBA000BE4203DDF01B1FFA80FB02E0B81B1FFA38
:10CBB00080FBC3450ADD01200190C146D846CB4623
:10CBC000A94635464E46A1463C464F46A54205DDA0
:10CBD000A94625464C46B1463E464F464FEA6800B8
:10CBE0000390B74202DD0120029002E04FF0FF30D7
:10CBF000029004964FF6FF70844201D1601E84B209
:10CC0000AA4622E0019828B95146DDE9042000F047
:10CC100021F804E05246DDE9041000F01BF80BF0A7
:10CC2000FF010398401A00B203900398002808DA25
:10CC300002990498084480B204900398404400B2DA
:10CC400003900AF101001FFA80FAA245DADD09B06B
:10CC5000BDE8F08FF8B504460D461646B4F84C0012
:10CC6000B04200DDF8BDB4F84E00B04200DCF9E798
:10CC7000B4F84800A84200DDF4E7B4F84A00A8423E
:10CC800000DCEFE7002001233246294600902046D1
:10CC9000FFF7B9FE00BFE5E710B50446214602489C
:10CCA000FFF7F5FA10BD0000E81500202DE9FF4F51
:10CCB00085B00D4616461F46DDE912A406EB0A00B4
:10CCC00080B20090E81983B232462946059800F0F8
:10CCD000E1F910B909B0BDE8F08F0495049D281959
:10CCE00080B204900396039E301980B2039002959F
:10CCF000029DE81980B202900298001B80B2029057
:10CD00000298401E80B20290B3460BEB0A001FFA55
:10CD100080FBABEB04001FFA80FBABF101001FFAB4
:10CD200080FB022023460090DDE903210598FFF7F0
:10CD3000C3FD012023460090DDE902120598FFF7AC
:10CD4000BBFD042023465A460090DDE90410FFF79E
:10CD5000B3FD082023465A46009002990598FFF734
:10CD6000ABFDB846A8EB04001FFA80F8A8EB04005E
:10CD70001FFA80F80498401C80B204900398401C6D
:10CD800080B20390B8F1030F15DBA8F102001FFA7F
:10CD900080F8601C80B2434632460090DDE9041002
:10CDA000FFF742FD601C80B243465A460090DDE921
:10CDB0000410FFF739FDD146A9EB04001FFA80F9F2
:10CDC000A9EB04001FFA80F9B9F1030F0BDBA9F1FD
:10CDD00002001FFA80F93B46CDF800902946039ADD
:10CDE0000598FFF721FD00BF74E72DE9FF4F83B0E1
:10CDF0000D4616461F46DDE9108406EB080080B29A
:10CE00000090E81983B232462946039800F042F9AF
:10CE100010B907B0BDE8F08FAB460BEB04001FFA6A
:10CE200080FB0296029E301980B20290AA460AEB5D
:10CE300007001FFA80FAAAEB04001FFA80FAAAF191
:10CE400001001FFA80FAB14609EB08001FFA80F9C9
:10CE5000A9EB04001FFA80F9A9F101001FFA80F97B
:10CE60000220234600905946DDE90220FFF701FD2C
:10CE70000120234600905146DDE90220FFF7F9FC2E
:10CE8000042023464A46594600900398FFF7F1FCD8
:10CE9000082023464A46514600900398FFF7E9FCD4
:10CEA000B946A9EB04001FFA80F9A9EB04001FFAA8
:10CEB00080F9C246AAEB04001FFA80FAAAEB04002C
:10CEC0001FFA80FA0BF101001FFA80FB0298401C48
:10CED00080B20290B9F1030F15DBA9F102001FFA2D
:10CEE00080F9A8F101001FFA80F84B4632465946F6
:10CEF0000398FFF77AFD06EB080082B24B465946CD
:10CF00000398FFF772FDBAF1030F12DBAAF10200DA
:10CF10001FFA80FA781E87B253462946DDE90220BF
:10CF200000F04EF8E81981B25346DDE9022000F026
:10CF300047F800BF6DE700002DE9F04104460D46BB
:10CF400016461F46044860603B4632462946204646
:10CF500000F026FCBDE8F0814FE100002DE9F0472C
:10CF600005460E4617461C46DDE9099ADDF8208085
:10CF7000FFF752FC3A4631462846FFF733FC42465B
:10CF800021462846FFF72EFC524649462846FFF721
:10CF900029FC2846FFF780FEBDE8F0872DE9F04127
:10CFA00004460D4616461F46044860603B4632461E
:10CFB0002946204600F0F4FBBDE8F08159E7000067
:10CFC000F8B504460D4616461F4601203B4632463C
:10CFD000294600902046FFF716FDF8BD2DE9F84FD1
:10CFE0008246884615461C46DDE90A692746F81D33
:10CFF00087B2FF10A81980B2009008EB040083B23A
:10D000002A464146504600F045F808B9BDE8F88F79
:10D010000CE023462A4641465046CDF80090FFF7E3
:10D0200060FDB944681C85B2701E86B2002EF0DC2B
:10D0300000BFEBE770B504460E463146204600F0CF
:10D0400067FD05460DB9002070BD2946204600F059
:10D05000B4FD7A20015D04F1600000F0ECFB84F87F
:10D0600090007B20015D04F1600000F0E4FB7C2077
:10D07000015D04F1600000F0DEFBE5E770B50446F9
:10D080000D46034860602946204600F0F3FE70BD5F
:10D0900059E700002DE9F04104460D4616461F46AB
:10D0A000DDF81880B4F84E10B4F84C004346324610
:10D0B00000F0A3FD10B90020BDE8F081B4F84A10DB
:10D0C000B4F848003B462A4600F097FDF4E710B557
:10D0D0000446204600F098FE204600F0E6FF10BD12
:10D0E0000FB438B5044606A800902046009A05996A
:10D0F00001F088F90020009038BC5DF814FB80F83E
:10D100009110704780F89210032902DB012280F809
:10D110009220704770B504460D46A06DA84208D015
:10D12000A565294604F1740000F0FEFD204600F0DC
:10D1300065F870BD0149C1657047000031D8000035
:10D1400010B50446002030342084A0844FF6FF70D0
:10D150006084E08454F8300941682046884710BD57
:10D160002DE9F04104460D4616461F46DDF81880AD
:10D170000020A065E762656384F8386084F83900B0
:10D1800000216D200155002084F89100012084F8D1
:10D19000920084F89300C4F83080206B0168204628
:10D1A00088472046FFF7CCFF2046FFF7C3FF00214A
:10D1B00070200155BDE8F0812DE9FC4107460C4681
:10D1C00015461E462B460A4A0A493846009600F084
:10D1D00089FF01A800F0A0FD8046074B00949DF850
:10D1E000042041463846FFF7BBFFBDE8FC81000044
:10D1F00031E30000D9E500002BDC0000816D01B9AE
:10D2000070478121095C80F88E108221095C80F8CA
:10D210008F1090F88D1099B390F88D10012914D1CA
:10D2200090F98E2090F983108A4203DA8321095CF9
:10D2300080F88E1090F98F2090F984108A421FDDBB
:10D240008421095C80F88F101AE090F97E2090F913
:10D250008010114490F98E20914207DD7E210A5CF6
:10D260008021095C114449B280F88E1090F98F201A
:10D2700090F980108A4203DD8021095C80F88F10CC
:10D2800000BFBDE710B523B1012B05D0022B09D19A
:10D2900005E04418A0B208E0841AA0B205E0441AE0
:10D2A000A0B202E08418A0B200BF00BF10BD10B54C
:10D2B00023B1012B05D0022B09D105E08418A0B2BF
:10D2C00008E04418A0B205E0841AA0B202E0441AB3
:10D2D000A0B200BF00BF10BD38B504465034E0888E
:10D2E00000906388A28834F850192046FFF7D2FED8
:10D2F00018B9002084F88C002AE0012084F88C0002
:10D30000B4F84800B4F85010884203DAB4F850007A
:10D31000A4F84800B4F84A00B4F85210884203DD7B
:10D32000B4F85200A4F84A00B4F84C00B4F8541011
:10D33000884203DAB4F85400A4F84C00B4F84E0064
:10D34000B4F85610884203DDB4F85600A4F84E0035
:10D3500038BD70B505460E46144629880A46308801
:10D36000104482B2914206DD994203DA1A46501EF9
:10D3700082B200E02146994201DB002070BDA2424A
:10D3800001DC0020FAE7A14200DA21469A4200DDE2
:10D390001A462980501A82B232800120EEE72DE928
:10D3A000FF4F83B08A4617461C46DDF840B0012582
:10D3B000281B05B2012002900026301B06B2700027
:10D3C00006B24FF00008A14653464A464146CDE911
:10D3D000007B039800F023F81CE0002D07DBA9F187
:10D3E00001001FFA80F9B01C06B2A81905B208F1B5
:10D3F00001001FFA80F80298801C00B20290029887
:10D40000284405B253464A464146CDE9007B03987D
:10D4100000F005F8C845E0DB07B0BDE8F08F2DE966
:10D42000F04781460C4615461E46DDE9087808F0AF
:10D43000010068B1781B82B2301981B24846FFF70B
:10D4400009FC381B82B2701981B24846FFF702FC12
:10D4500008F0020068B1781B82B2301B81B24846E6
:10D46000FFF7F8FB381B82B2701B81B24846FFF70A
:10D47000F1FB08F0080068B1781982B2301981B266
:10D480004846FFF7E7FB381982B2701981B2484667
:10D49000FFF7E0FB08F0040068B1781982B2301B96
:10D4A00081B24846FFF7D6FB381982B2701B81B2B1
:10D4B0004846FFF7CFFBBDE8F0872DE9FF4F83B06B
:10D4C0008A4617461C46DDF840B00125281B05B2E8
:10D4D000012002900026301B06B2700006B24FF009
:10D4E0000008A14653464A464146CDE9007B0398D1
:10D4F00000F023F81CE0002D07DBA9F101001FFA62
:10D5000080F9B01C06B2A81905B208F101001FFA93
:10D5100080F80298801C00B202900298284405B25C
:10D5200053464A464146CDE9007B039800F005F892
:10D53000C845E0DB07B0BDE8F08F2DE9F047814634
:10D540000C4615461E46DDE9087808F0010088B152
:10D55000681C83B2781B82B2301981B24846FFF74B
:10D560002FFD601C83B2381B82B2701981B248460D
:10D57000FFF726FD08F0020088B1681C83B2781B13
:10D5800082B2301B81B24846FFF71AFD601C83B29D
:10D59000381B82B2701B81B24846FFF711FD08F0BC
:10D5A000080078B1681C83B2301981B23A46484607
:10D5B000FFF706FD601C83B2701981B23A464846F7
:10D5C000FFF7FEFC08F0040078B1681C83B2301B42
:10D5D00081B23A464846FFF7F3FC601C83B2701BE9
:10D5E00081B23A464846FFF7EBFCBDE8F0872DE9EB
:10D5F000F84304460E4615461F46DDF82080E08FAE
:10D60000281A85B2CDF800803B462A46314620468E
:10D61000D4F82CC0E047BDE8F8832DE9F84305466F
:10D620000E4691461F46DDF82080B5F84440A01B09
:10D6300084B208F0010010B9E01B84B201E0601E62
:10D6400084B23B464A4621462846CDF80080FFF783
:10D65000CEFFBDE8F8832DE9F84304460D46164693
:10D660001F46DDF820803B46324629462046CDF84D
:10D670000080FFF7BCFFBDE8F8832DE9F84F0646B0
:10D680000F46904699460A9DBA46B6F84640A4EB26
:10D69000080084B2601E84B2681CC5B2022D05D198
:10D6A000A4EB090084B2601C84B200254B465246AC
:10D6B000214630460095FFF79AFFBDE8F88F2DE927
:10D6C000F84F0646894692461F46DDF82880B6F890
:10D6D0004650A5EB0A0085B2B6F84440A4EB090019
:10D6E00084B2B8F1000F04D1681E85B2E01B84B289
:10D6F00006E0B8F1010F03D1601E84B2E81B85B2C9
:10D700003B462A4621463046CDF80080FFF76FFFA2
:10D71000BDE8F88F2DE9F84F05460E4617469846A6
:10D72000DDF82890BA46B5F84440A01B84B2B9F1A0
:10D73000000F09D1601E84B2A4EB080084B2601C03
:10D7400084B24FF0010903E0601E84B24FF000097B
:10D750004346224651462846CDF80090FFF747FF42
:10D76000BDE8F88F2DE9F8430546894616461F4661
:10D77000DDF82080B5F84640A01B84B208F0010017
:10D7800010B1E01B84B201E0601E84B23B46224629
:10D7900049462846CDF80080FFF729FFBDE8F88309
:10D7A0002DE9F04706460F4690469946304600F070
:10D7B000CFFF4FF0000A00BF99F8001030467268A2
:10D7C000904705464FF6FF718D4200D12CE009F1DC
:10D7D00001094FF6FE708542EED02B46424639468F
:10D7E0003046FFF7D1F804467020805D30B1012843
:10D7F00007D002280AD0032810D10AE0381987B2CE
:10D800000CE008EB04001FFA80F807E0381B87B231
:10D8100004E0A8EB04001FFA80F800BF00BF0AEB89
:10D8200004001FFA80FAC7E700BF5046BDE8F08742
:10D83000014600207047F0B507460C4621463846A1
:10D8400000F00BF845B20126601EC4B206FA04F0DF
:10D8500046B2A81B45B22846F0BD70B502460C463C
:10D86000117B1568287808410B461D19EBB2082B6F
:10D870000EDB08256E1AF5B21668761C166016685F
:10D880003678AE400643F0B2A3F10806F3B200BF0B
:10D890000125A5406D1E2840137370BD2DE9F34F7F
:10D8A00085B0054605F160042846069900F085F923
:10D8B00095F96B607A20415D2046FFF7BCFF02902E
:10D8C0007B20415D2046FFF7B6FF83467C20415D0B
:10D8D0002046FFF7B0FF019094F90A00002871DD9F
:10D8E000237C06EB0B0149424AB2A0880299FFF75C
:10D8F000C9FCA080237C06EB0B0149424AB2E088B8
:10D900000299FFF7D4FCE080A788B4F80680B946F6
:10D91000C246207C30B101280ED002281AD003283C
:10D9200042D12EE094F90A0048441FFA80F90AEB2C
:10D9300006001FFA80FA37E0B81B87B2781C87B25E
:10D9400009F101001FFA80F994F90A0050441FFA06
:10D9500080FA29E094F90A00381A87B2781C87B255
:10D9600009F101001FFA80F9A8EB06001FFA80F800
:10D9700008F101001FFA80F80AF101001FFA80FA8D
:10D9800012E009EB06001FFA80F994F90A00A8EBEF
:10D9900000001FFA80F808F101001FFA80F80AF170
:10D9A00001001FFA80FA00BF00BF4B4642463946CD
:10D9B0002846CDF800A0FFF76DFB20B9019807B00D
:10D9C000BDE8F08F29E000202072607200BF762051
:10D9D000415D2046FFF741FF04907720415D2046DE
:10D9E000FFF73BFF039000BF00222846049900F098
:10D9F00016F801222846039900F011F8012120466B
:10DA0000FFF72BFF0028EFD194F90900B042DEDBCD
:10DA100000BF00BFA07B85F892000198CFE72DE9F9
:10DA2000FF5F80468A46934608F160045546277A90
:10DA300094F8099000BFA67AF01BC6B20396B542CF
:10DA400000DA0395A0880290E0880190237C4FFAC9
:10DA500089F279B20298FFF715FC0290237C4FFA05
:10DA600089F279B20198FFF722FC0190BBF1000F17
:10DA70000BD0A07B88F89200207C00904046DDE926
:10DA80000213019AFEF7BFFF0CE0607B50B9E07B08
:10DA900088F89200207C00904046DDE90213019A4C
:10DAA000FEF7B1FFB54200DA07E0A81BC5B20027B8
:10DAB00009F1010000F0FF09BDE700BF7819C7B206
:10DAC00078B220724FFA89F06072BDE8FF9F2DE9AD
:10DAD000F04704460D4616461F464FF000096420E5
:10DAE0000553662006533946204600F011F880465B
:10DAF000B8F1000F05D041462046FFF7CFFE1FFAD0
:10DB000080F94846BDE8F08702460A44107870471D
:10DB10002DE9F04107460D46BC6D1734FF2D18DC8A
:10DB2000612D03DB8820C05B044404E0412D02DB4F
:10DB30008620C05B044400BF607800B908E020780C
:10DB4000A84202D1A01CBDE8F08160780444F3E74C
:10DB500025E08A20C05B0444A04600BF0021404667
:10DB600000F01FF804440221404600F01AF806466F
:10DB700008F10408AE42F1DB00BF26784FF6FF70D3
:10DB800000EA06266078064306B906E0AE4201D1F7
:10DB9000E01CD8E7A0780444EFE700BF00BF0020F6
:10DBA000D1E702460A441078521C4FF6FF7303EA8D
:10DBB00000201378034498B2704770B505460E46AE
:10DBC00005F160042660002020737820415D204626
:10DBD000FFF743FE40B2A0727920415D2046FFF777
:10DBE0003CFE40B2E07295F89200A073A07B08B9A9
:10DBF000012000E00020E07370BD10B504468A42A9
:10DC000009DAA34201DD012010BD9A4201DD0120A5
:10DC1000FAE70020F8E7A34205DD9A4201DD012082
:10DC2000F2E70020F0E70020EEE72DE9F047044698
:10DC30008946DDF82080D1B201F00701012606FAFD
:10DC400001FA0AF0FF060027BC4694F892A0BAF148
:10DC5000010F00DC374694F892A0BAF1010F00D012
:10DC6000B446154625F00705D4F800A09AF810A090
:10DC70000AFB05FA1FFA8AF5606B28444844B8F19C
:10DC8000000F14D100BF90F800A04AEA070A80F8FC
:10DC900000A090F800A08AEA0C0A80F800A0401CBE
:10DCA000A3F1010A1FFA8AF3002BECD132E000BF86
:10DCB00090F800A04AEA070A80F800A090F800A0B7
:10DCC0008AEA0C0A80F800A001F1010A0AF0FF01BB
:10DCD00001F00701A3F1010A1FFA8AF381B9B4F830
:10DCE0003AA0504494F892A0BAF1010F00DC012749
:10DCF00094F892A0BAF1010F0AD04FF0010C07E09E
:10DD00004FEA476A4FEA1A674FEA4C6A4FEA1A6CC1
:10DD1000002BCDD1BDE8F0870146082008700148EE
:10DD200070470000C811002070B504460D46002160
:10DD30002846FFF7E9FE207001212846FFF7E4FEA0
:10DD4000607002212846FFF7DFFEA07003212846FD
:10DD5000FFF7DAFEE07004212846FFF7D5FE2071B8
:10DD600005212846FFF7D0FE607106212846FFF7FF
:10DD7000CBFEA07107212846FFF7C6FEE0710821FF
:10DD80002846FFF7C1FE207209212846FFF7BCFE96
:10DD900040B260720A212846FFF7B6FE40B2A07278
:10DDA0000B212846FFF7B0FE40B2E0720C21284656
:10DDB000FFF7AAFE40B220730D212846FFF7A4FE0C
:10DDC00040B260730E212846FFF79EFE40B2A0735A
:10DDD0000F212846FFF798FE40B2E0731021284635
:10DDE000FFF792FE40B2207411212846FFF7D9FEBA
:10DDF000608213212846FFF7D4FEA0821521284611
:10DE0000FFF7CFFEE08270BD2DE9F041044600250A
:10DE100094F8387094F83960206890F8118000BF49
:10DE200032462946204600F00AF8681CC5B2701C2C
:10DE3000C6B2BD4201DA4645F2DBBDE8F0812DE90C
:10DE4000F84305460E469146286890F810803446FF
:10DE50006F6B04FB08F084B24FF6FF7000EAC40455
:10DE6000274443464A4600212846009700F0FBF825
:10DE7000BDE8F8832DE9F04704460F466FF03F08F0
:10DE800000216A200155204600F062FC0025A946C9
:10DE900000BF397820466268904706464FF6FF700B
:10DEA000864200D113E07F1C4FF6FE708642F0D010
:10DEB00031462046FFF7BEF81FFA80F908F140000E
:10DEC00008B994F9908005EB090085B2E1E700BF3D
:10DED0006A20005D80B1A5EB090085B294F96A0063
:10DEE000284485B294F99000284485B2B8F1000F17
:10DEF00002DD05EB080085B22846BDE8F08710B5C5
:10DF00001A3050F81A2C817F4FF6FF7303EAC101D3
:10DF10004184117C03EAC1010184C17F03EAC1018C
:10DF20008184817FC37F1A380B44547CA34204DD73
:10DF3000537C90F839401B1B99B24FF6FF7303EAEC
:10DF4000C10130F83E3F43804388838083880B447F
:10DF50008380938AC380D38A03813E3810BD10B575
:10DF600004462046FFF7CBFF10BD10B504462046FF
:10DF7000FFF7C5FF2068808AA4F846002068C08AA1
:10DF8000A4F8440010BD10B504462046FFF7B7FFC3
:10DF900010BD10B504462046FFF7B1FF2068808A07
:10DFA000A4F846002068C08AA4F8440010BD10B54B
:10DFB0000446002040342081A08860812088A08110
:10DFC0006088E081403C2046FFF786F910BD10B51F
:10DFD000044634F8400F2081608860810020A081D1
:10DFE000E088E081403C2046FFF776F910BD10B58F
:10DFF000044600204234E080608820810020608157
:10E00000A08834F84219884205DB4234A088218870
:10E01000401A6081423C4034E0882188401AE08107
:10E02000403C2046FFF758F910BD10B504460020CB
:10E030004234E080608834F84219884205DB42347B
:10E0400060882188401AE080423C4034A0882188C2
:10E05000401A60810020A081E088E081403C204699
:10E06000FFF73AF910BD2DE9FC4104460D4616466E
:10E070001F46DDF820808DF805508DF806608DF87C
:10E080000470CDF800806B4601220F212046D4F8A1
:10E0900008C0E047BDE8FC8170B5044600231A467D
:10E0A0000A212046A568A84770BD70B50446002324
:10E0B0001A4610212046A568A84770BD70B50446D1
:10E0C0000D4600232A460D212046A668B04770BDA4
:10E0D00070B504460D4600232A460B212046A6684B
:10E0E000B04770BD2DE9F04104460D4617461E4667
:10E0F000DDF81880204600F00BF8A560E760266187
:10E10000C4F81480204600F019F8BDE8F081000042
:10E110000021016008498160C16001614161002105
:10E1200080F8231080F826108161FF2180F82410E8
:10E1300080F82810704700005DE6000070B50446C6
:10E1400000231A4609212046A568A84770BD02464B
:10E1500009B10A2902D14FF6FF7070470846FCE763
:10E1600070B5044600231A46192120462569A847A0
:10E1700070BD13B5044601AA0121204600F001F844
:10E180001CBD2DE9F04104460D46164633462A468D
:10E19000172120462769B847BDE8F08170B50446CD
:10E1A00000231A46182120462569A84770BD0000A3
:10E1B0002DE9F0470746884614469946B8F1140FF2
:10E1C0001AD0B8F1170F06D0B8F1180F15D0B8F162
:10E1D000190F30D115E04D460BE029781948027827
:10E1E0000078401C174B1870174881546D1C601E36
:10E1F000C4B2002CF1DC21E020E0002011490870BD
:10E200001CE010480078002800DC17E0F9F7F0FB6C
:10E2100097F82400F9F7CDFB002605E00A49885D50
:10E22000F9F7C7FB701CC6B2064800788642F5DBDA
:10E23000F9F7ECFB02E00020BDE8F08700BF012009
:10E24000FAE70000F182FF1FC815002070B50446F0
:10E2500000231A4619212046E568A84770BD70B50D
:10E2600004460D4600232A4616212046E668B0479C
:10E2700070BD70B504460D4600232A461521204680
:10E28000E668B04770BD2DE9F04104460D461646DC
:10E2900033462A4617212046E768B847BDE8F08193
:10E2A000F8B505460C4600BF2678641C182E21D010
:10E2B00006DC152E09D0162E08D0172E2CD110E012
:10E2C000192E18D0FE2E27D11CE000BF2078009018
:10E2D00000239DF8002031462846EF68B847641CAB
:10E2E0001BE0207800906A4601212846FFF7CBFF0B
:10E2F000641C12E000BF00231A4631462846EF682E
:10E30000B8470AE0207800909DF80020292128468F
:10E3100000F0FAF9641C00E0F8BDC5E770B50446EA
:10E3200000231A4618212046E568A84770BD000062
:10E330002DE9F04104460F4615469846A7F1140012
:10E34000062858D2DFE800F03903181D494D2C4843
:10E35000007810B12046FFF703FF2046FFF71EFFAD
:10E3600000212046FFF705FF29462046FFF701FF61
:10E3700001202349087040E029462046FFF7F9FEB6
:10E380003BE01F48007810B12046FFF7E9FE464603
:10E3900008E032461821204600F0C3F9A5F1180024
:10E3A000C5B21836182DF4DC32462946204600F056
:10E3B000B8F90020124908701FE094F82400FF28E3
:10E3C00002D1782084F8240043462A463946204664
:10E3D000D4F810C0E047BDE8F0810020084908707B
:10E3E0000BE00748007810B12046FFF7B9FE002087
:10E3F0000349087001E00020EDE700BF0120EAE7D3
:10E40000F282FF1F37B582B005460C462846FFF75B
:10E4100085FF21E0049810F8041B0490C8B2019015
:10E420002078612804D0632808D0642812D10BE03A
:10E430009DF804102846FFF712FF0BE09DF804102A
:10E440002846FFF716FF05E001AA01212846FFF73D
:10E450001AFF00BF00BF641C20780028DAD12846CC
:10E46000FFF7F4FE05B030BD70B5044600231A4630
:10E47000282120466569A84700231A461421204612
:10E48000E568A84701224B21204600F03DF92068AD
:10E4900002792921204600F037F900224B2120463D
:10E4A00000F032F9206802792921204600F02CF989
:10E4B00001224B21204600F027F9206842792921CA
:10E4C000204600F021F970BD01600268927C80F85E
:10E4D000222070472DE9F0470446884615461E461F
:10E4E000B8F10B0F09D0B8F10D0F11D0B8F10E0F24
:10E4F00021D0B8F10F0F60D12CE025B93249204668
:10E50000FFF7CEFE03E031492046FFF7C9FE57E092
:10E5100045B92F492046FFF7C3FE2068807C84F868
:10E52000220007E02B492046FFF7BAFE2068C07C96
:10E5300084F8220044E02046FFF7F0FE81212046C7
:10E54000FFF797FE29462046FFF789FE2046FFF792
:10E550007DFE35E02046FFF7E1FE7779F806070EED
:10E5600094F822003844C7B240212046FFF781FECC
:10E57000102040EA27112046FFF77BFE07F00F012D
:10E580002046FFF76CFEB07940F0B0012046FFF75F
:10E5900066FE00BF96F80490D6F800A04FEAC96066
:10E5A000010E52462046FFF76EFE681EC5B2002DD2
:10E5B000F0DC2046FFF74AFE02E00020BDE8F087CD
:10E5C00000BF0120FAE7000045FA02004AFA020003
:10E5D0004FFA020056FA02002DE9F04104460D46BA
:10E5E00016461F46092D1ED00A2D14D00D2D1FD101
:10E5F00046B916492046FFF753FE2068807C84F810
:10E60000220007E012492046FFF74AFE2068C07C3E
:10E6100084F8220017E02046FFF726FF0D49204628
:10E62000FFF73EFE0FE00C492046FFF74DFF0AE0E2
:10E630003B46324629462046FFF74CFF10B10120E9
:10E64000BDE8F08100BF00BF0120F9E75DFA0200DC
:10E6500064FA020010FA02006CFA020010B50446D7
:10E66000002010BD2DE9F04104460D4616461F4618
:10E670004D2D2DD00CDC2B2D13D004DC292D1BD0DF
:10E680002A2D39D10FE02D2D1AD04C2D34D11BE07D
:10E69000502D21D0512D23D0522D25D0532D2BD1AB
:10E6A00026E000BF2CE0002002E000BF411C88B241
:10E6B000B0F5A07FF9DB23E00120FDF785FB1FE02B
:10E6C0000520FDF7B9FB1BE03046F9F7AAF917E082
:10E6D0003046F9F7BBF913E0002084F827000FE07B
:10E6E000002084F827000BE0002084F8270007E0D2
:10E6F000002084F8270003E0012084F8270000BFF1
:10E7000000BF0120BDE8F0812DE9F04104460D462F
:10E71000164600233246294620466769B847BDE8B9
:10E72000F0812DE9F04104460D4616462046FFF7DC
:10E7300035FD40212046FFF71CFD33462A461721B0
:10E7400020462769B8472046FFF70AFDBDE8F0815B
:10E75000002180F826107047024609B10A2902D12B
:10E760004FF6FF70704792F8260068BBFC2905DB66
:10E77000052082F8260001F0010121E0F82905DBDF
:10E78000042082F8260001F0030119E0F02905DBDE
:10E79000032082F8260001F0070111E0E02905DBE3
:10E7A000022082F8260001F00F0109E0C02905DBF4
:10E7B000012082F8260001F01F0101E00846D1E7A0
:10E7C00011844FF6FE70CDE720329079401E907193
:10E7D00010884FF6FF7303EA8010108001F03F01AC
:10E7E0001088084310809079203A08B1581EB9E784
:10E7F000108CB7E710B50446202251010220F4F72F
:10E80000BFFA21224FF480510220F4F7B9FA012116
:10E810000806F4F781F80748FBF74CFE2146054847
:10E82000FBF72DFE044B40F2171204210148FBF7C1
:10E8300087FF10BD00D001407DA3000000BFC2686B
:10E84000126861F30A12C3681A6000BF704730B5DE
:10E8500002464C78012C05D10D7802F10C0454F8D5
:10E86000250004E00D7802F1240454F82500036823
:10E8700023F400138C78032C02D08C78022C01D165
:10E8800043F08053036030BD70B504460D469820B8
:10E89000005D022802D0032811D100E000BF688883
:10E8A00001280BD100219A200155D4F89402294661
:10E8B000826820469047204600F07FF803E020461B
:10E8C00000F060F800BF00BF70BD7CB505460E4685
:10E8D000F011019006F07F0000909DF8040040B117
:10E8E0009DF8000000EB800105F19C0000EBC104E5
:10E8F00007E09DF8000000EB800105F5C67000EB15
:10E90000C1040020E0709DF8000020709DF8040014
:10E9100010B10120607001E000206070214605F117
:10E920000800FFF794FF7CBD38B504460D460095FE
:10E930009DF8000038B1D4F8981248698047012149
:10E94000992001550BE0D4F8981288698047D4F8D3
:10E95000940241682046884700219920015538BD1E
:10E9600070B504460E461546C4F8AC50C4F8A8501D
:10E970000221962001552B4632460021204600F008
:10E9800026F970BD10B504468021204601F0CCF96F
:10E990000021204601F0C8F9204600F093F910BD8F
:10E9A00010B50446052196200155002304F51F7279
:10E9B0001946204600F052FF10BD10B50446042150
:10E9C00096200155002304F51F721946204600F0D9
:10E9D000FEF810BD70B505460E46002E50D105F16B
:10E9E0009C049620405D02283DD1D4E90210884263
:10E9F00011D9D4E90210401AE060A878012803D1A7
:10EA0000A168606A0844606200212846E368626A7F
:10EA100000F0DDF827E0A1682069B0FBF1F201FB0E
:10EA2000120080B9A168206988420CD3D4E904019E
:10EA3000884208D200231A461946284600F0C7F833
:10EA4000002060610FE09820405D032808D1D5F8D0
:10EA50009402C06820B1D5F89402C168284688475E
:10EA60002846FFF79DFF9B20405D012816D10C49E9
:10EA70000868E968486000BF00219B2041550DE00F
:10EA80009820405D032809D1D5F89402C06928B1C7
:10EA9000D5F894023146C2692846904770BD0000FF
:10EAA0005480FF1F70B505460E46002E35D105F582
:10EAB000C6749620405D03283DD1D4E902108842F7
:10EAC00018D9D4E90210401AE060A878012803D1CF
:10EAD000A168606A08446062D4E90210884201D2E9
:10EAE000E06800E0A06883B200212846626A00F076
:10EAF000B5FE20E00020E0609820405D032808D1AA
:10EB0000D5F89402006920B1D5F89402016928462D
:10EB100088472846FFF751FF0DE09820405D032805
:10EB200009D1D5F89402006A28B1D5F8940231468B
:10EB3000026A2846904770BDF8B504460E46154651
:10EB400000959DF80000012809D1D4F894020168CD
:10EB500020468847D4F898128868804707E09DF8D7
:10EB6000000020B9D4F89402416820468847F8BDD7
:10EB700010B50446D4F89812086980479720015DC3
:10EB80009820015510BD10B50446002340221946B7
:10EB9000204600F055FC002340228021204600F052
:10EBA0004FFC012198200155D4F8981248688047FD
:10EBB00010BD10B504469820015D97200155042131
:10EBC00098200155D4F89812C868804710BD2DE9E7
:10EBD000F84305460F461646984607F07F0000901A
:10EBE0009DF8000000EB800105F19C0000EBC104E2
:10EBF000012060709DF8000020706662A661002010
:10EC00002062C4F81C809DF8000030B9AA78214623
:10EC100005F1080000F082F805E0AA78214605F128
:10EC2000080000F02BF9BDE8F883000010B586B0AD
:10EC3000044604F1080000F027F800BFA068C0688F
:10EC400040F47050A168C86000BFE0688068E16867
:10EC50000968A2689269A3685B6ACDE90132CDE9CF
:10EC60000310E06A80680090E0684368E06A026927
:10EC700001680448FCF734F84FF40050A16848617B
:10EC800006B010BD44FB020010B543689B6803F05A
:10EC90000601C3681A6819B1022901D0062902D1F8
:10ECA0006FF30A0205E0042903D16FF30A0242F070
:10ECB0000302C3681A6043685B6843F48073446866
:10ECC000636010BD10B504464021C4F8A811C4F813
:10ECD0009811C4F89C11A17804F51F7204F1080082
:10ECE00000F002F810BD000030B50B460A4C456A32
:10ECF0002C61012B08D1456A6A61456A296841F097
:10ED00008021456A296005E0456A296841F004418F
:10ED1000456A296030BD0000400008602DE9F041DF
:10ED200016464F78012F3FD1C7683C68CF6927B995
:10ED30000022012342EAC3450CE0D1F808C0CF69A4
:10ED4000674503D98F68CF618A6800E0CA690123EB
:10ED500042EAC345C7683F6965F31C07D0F80CC099
:10ED6000CCF81070012E09D191F8008000F10C0749
:10ED700057F82870D1F818C0C7F814C044F00444FC
:10ED8000C7683C60F6BBCF69E7B347687F6B91F813
:10ED900000804FF0010C0CFA08FC47EA0C07D0F891
:10EDA00004C0CCF8347039E0476A3C68CF6917B9C1
:10EDB0000022012309E0D1E902C7674501D2CF68EB
:10EDC00000E08F68CF61CA69012342EAC34591F828
:10EDD00000C000F1240757F82C703F6965F31C0749
:10EDE000E04600F1240C5CF828C0CCF81070012E2D
:10EDF0000BD191F8008000F1240757F82870D1F862
:10EE000018C000E00AE0C7F814C044F0044491F8C8
:10EE100000C000F1240757F82C703C60BDE8F08179
:10EE200070B54D78012D09D10E7800F10C0555F81B
:10EE300026200E78012505FA06F409E00E7800F187
:10EE4000240555F826200D781035012606FA05F41C
:10EE5000136803F400455DB98E788D6845EA8645F0
:10EE6000CE8845EA865545F0805545F40043136049
:10EE70004568ED6925434668F56170BD2DE9F847A1
:10EE800005460C469246607801285FD1217805F14D
:10EE90000C0050F821000668E06928B94FF000081E
:10EEA000012748EAC74909E0D4F81C80E069401E00
:10EEB000A1680844B0FBF1F748EAC749217805F199
:10EEC0000C0050F82100006969F31C000A4605F1A6
:10EED0000C0151F822100861BAF1010F07D1227814
:10EEE00005F10C0050F82200A16941610CE0A07806
:10EEF000012809D0E06938B16868406B22780121A7
:10EF00009140084369684863A078012809D168687E
:10EF10008068C0F3002010B946F0005601E046F0CA
:10EF2000805646F00446217805F10C0050F8210087
:10EF30000660A07801284FD1CDF800A0A08B83B245
:10EF400022782846616A01F03FF945E0217805F111
:10EF5000240050F821000668E06928B9D4F8088038
:10EF6000012748EAC7490DE0A068401EE16908444E
:10EF7000A168B0FBF1F7A06800FB07F848EAC749B1
:10EF8000C4F81C80217805F1240050F821000069A4
:10EF900069F31C000A4605F1240151F822100861AA
:10EFA000BAF1010F06D1227805F1240050F82200B1
:10EFB000A1694161A078012806D1607910B146F0BD
:10EFC000005601E046F0805646F00446217805F1EF
:10EFD000240050F821000660BDE8F8870146486823
:10EFE00082694868C0690240100C704770B50446D9
:10EFF0000D46E888012803D02046FFF7C3FC18E03F
:10F000009820005D022802D003280DD105E00122DE
:10F0100008492046FFF7A4FC0AE0012204F194010C
:10F020002046FFF79DFC03E02046FFF7ABFC00BF46
:10F0300000BF70BD8C80FF1FF8B504460D46002050
:10F04000009000260027EA8869884BA0FBF748FE5D
:10F0500068880012082872D2DFE800F071040B14EF
:10F060007171666BD4F89C02016868468847064651
:10F070006AE0D4F89402416968468847064602204F
:10F08000707061E0A878032822D005DC58B101280F
:10F0900010D0022841D114E0042820D0052825D022
:10F0A000EE283AD129E0D4F89C02416868468847A6
:10F0B000064637E0D4F89C028168684688470646D1
:10F0C00030E0D4F89C02C16868468847064629E0CB
:10F0D000D4F89C02016968468847064622E0D4F8C5
:10F0E0009C0241696846884706461BE0D4F89C02AA
:10F0F000816968468847064614E0D4F89C021C30B3
:10F1000030B1D4F89C02C16968468847064603E0DE
:10F110002046FFF737FC012704E02046FFF732FCCA
:10F12000012700BF00BF0FE02046FFF72BFC01279F
:10F130000AE02046FFF726FC012705E0FFE720460E
:10F14000FFF720FC012700BF00BFA7B9BDF80000F2
:10F1500088B1E88878B1E888BDF80010884202DDFF
:10F16000BDF8000000E0E8880090BDF800203146BE
:10F170002046FFF7F5FBF8BD3E3E47455444455356
:10F18000432076616C3D25303478206C656E3D25DA
:10F190003034780D0A00000010B504460020034901
:10F1A000086001222046FFF7DBFB10BD9080FF1FA7
:10F1B000024602F1240353F82130986853685B69D2
:10F1C0001840704770B504460D469820005D02282F
:10F1D00002D0032812D100E000BF00200A490860D5
:10F1E0009A20005D20B10846006840F002000860E7
:10F1F000022205492046FFF7B3FB03E02046FFF754
:10F20000C1FB00BF00BF70BD9080FF1F2DE9F04122
:10F21000044600BFE1688869E168C969084081B2B5
:10F220000F4600256DE007F00100002866D0294652
:10F23000204600F0E7FA064606F0010068B3012018
:10F2400000FA05F8E068406B20EA0800E1684863CE
:10F25000012104F1140050F8250081602B4800685A
:10F260002946C26920469047A078012815D19620EA
:10F27000005D042811D185B94021C4F8A811C4F853
:10F280009811C4F89C11A17804F51F7204F10800CC
:10F29000FFF72AFD00219620015506F0020028B153
:10F2A000022104F1140050F82500816006F00800E6
:10F2B00028B1082104F1140050F82500816006F0FF
:10F2C000100028B1102104F1140050F825008160CD
:10F2D00006F0400028B1402104F1140050F8250048
:10F2E000816006F0800048B12946204600F022FFE8
:10F2F000802104F1140050F825008160681CC5B21B
:10F300007F080FB1062D8ED3BDE8F0818080FF1FEE
:10F3100010B5044604480068016A204688474FF447
:10F320008010A168486110BD8080FF1F10B50446A1
:10F33000D4F89402416A2046884710BD10B50446AF
:10F3400004480068416A204688474FF40010A168CD
:10F35000486110BD8080FF1F10B50446D4F89402A8
:10F36000816A2046884710BD70B5054600BFA86871
:10F37000406900F0010008B1012000E000200028F1
:10F3800050D100BFA9684869A9688969084000BFD1
:10F3900004461CB1214624A0FBF7A2FC04B970BDB1
:10F3A00004F4002010B1284600F086F804F4802010
:10F3B00010B12846FFF72AFF04F0020010B1022026
:10F3C000A968486104F0004010B1284600F0CAFA6C
:10F3D00004F4006010B1284600F034FE04F0080088
:10F3E00010B1284600F06EFC04F0100010B1284661
:10F3F00000F0D6FA04F4805010B1284600F05EFA0E
:10F4000004F4005010B12846FFF710FC04F48010FB
:10F4100010B12846FFF77CFF04F4001010B1284615
:10F42000FFF78CFF00BFBAE73E3E495352206769A1
:10F430006E747374733D253038780D0A0000000037
:10F440002DE9FC4105460E4690461F46F0110190FD
:10F4500006F07F0000909DF80400012808D19DF877
:10F46000000000EB800105F19C0000EBC10407E007
:10F470009DF8000000EB800105F5C67000EBC104AB
:10F480009DF8000020709DF804006070C4F80880AA
:10F49000A7709DF80400012802D19DF80000E080CB
:10F4A000022F01D100202071214605F10800FFF74D
:10F4B000B7FCBDE8FC8100002DE9F84F04460025AB
:10F4C000A178B8A0FBF70CFCA07801287DD104F14D
:10F4D0000800FFF783FD0746F6E007F0010000286B
:10F4E00074D0294604F10800FFF762FE064606F0D4
:10F4F0000100002818D0012104F12C0050F825004B
:10F50000816004F12C0050F82500D0F8088008F044
:10F51000080050B108F400400028EBD0C90304F102
:10F520002C0050F8250081608AE008F0200030B1FE
:10F53000202104F12C0050F82500816080E008F0C3
:10F54000280000287CD108F4004038B14FF4004175
:10F5500004F12C0050F82500816071E004F12C00CA
:10F5600050F825000069C0F3120B05EB850104F586
:10F57000C67000EBC10005EB8502816804F5C6701A
:10F5800000EBC200C069814207D205EB850104F59A
:10F59000C67000EBC100806806E005EB850104F54C
:10F5A000C67000EBC100C06900900098A0EB0B0191
:10F5B00005EB850204F5C67000EBC200016245BB95
:10F5C00005EB850104F5C67001E083E079E000EB0E
:10F5D000C100C06938B9A17804F51F7204F10800B0
:10F5E000FFF782FB15E005EB850104F5C67000EB23
:10F5F000C10005EB8502416A04F5C67000EBC2004C
:10F60000006A014405EB850204F5C67000EBC200F8
:10F6100041627DB105EB850104F5C67000EBC100C8
:10F62000C069A0EB0B0105EB850204F5C67000EB89
:10F63000C2000162614800682946826920469047FD
:10F6400006F0080050B15D480068416920468847CF
:10F65000082104F12C0050F82500816006F010000C
:10F6600028B1102104F12C0050F82500816006F02B
:10F67000020098B1A068D0F814A0E068D0F8049017
:10F680000AF0800020B149F48069E068C0F8049075
:10F69000022104F12C0050F82500816006F02000C2
:10F6A00028B1202104F12C0050F82500816006F4D7
:10F6B000005030B14FF4005104F12C0050F82500F7
:10F6C0008160681CC5B27F08002F69D0062DFFF449
:10F6D00004AF65E004F10800FFF780FC07465CE03A
:10F6E00007F00100002855D0294604F10800FFF773
:10F6F0005FFD064606F0010058B1012104F12C001F
:10F7000050F8250081602D4800682946826920460E
:10F71000904706F0020098B1A068D0F814A0E06805
:10F72000D0F804900AF0800020B149F48069E068C4
:10F73000C0F80490022104F12C0050F825008160EB
:10F7400006F0080050B11D4800684169204688470E
:10F75000082104F12C0050F82500816006F010000B
:10F7600028B1102104F12C0050F82500816006F02A
:10F77000200028B1202104F12C0050F825008160E0
:10F7800006F4005030B14FF4005104F12C0050F851
:10F7900025008160681CC5B27F080FB1062D9FD37C
:10F7A000BDE8F88F3E3E4F55544550206972712098
:10F7B000646D61656E3D25640D0A00008080FF1F49
:10F7C00090F87C220A7090F87D224A7090F87E3280
:10F7D00090F87F2203EB02224A8090F8803290F862
:10F7E000812203EB02228A8090F8823290F88322F1
:10F7F00003EB0222CA80CB88B02213500123962249
:10F800001354704710B50246D0680369D068446B42
:10F8100024FA01F000F0010043EAC01302F11400E1
:10F8200050F821008068184010BD024602F1140013
:10F8300050F82100806980B2704778B50C46056F9A
:10F84000D61C0096009EB6080096002302E02E68A3
:10F8500040C45B1C009EB342F9D378BD2DE9F84348
:10F8600004460F461646984607F07F0000909DF824
:10F87000000000EB800104F5C67000EBC1056E626C
:10F88000C5F81C800020286268709DF80000287070
:10F89000A078012800D1AE619DF8000030B9A278AF
:10F8A000294604F10800FFF739FA05E0A278294655
:10F8B00004F10800FFF7E2FABDE8F88370B50446EA
:10F8C000E068406820F00101E0684160002104F137
:10F8D000080000F0E5FB00250BE0FF2104F1140017
:10F8E00050F82500816004F12C0050F8250081605B
:10F8F0006D1C6078A842F0D84FF0FF31E06881615C
:10F900004FF00111E068C1610B21E0684161E068DE
:10F910000161E068006820F4FE61E0680160402158
:10F92000C4F8A811C4F89811C4F89C11A17804F582
:10F930001F7204F10800FFF7D7F94FF48050A16857
:10F94000486107480068016820468847A07828B9C0
:10F95000E06A006840F00441E06A016070BD0000A8
:10F960008080FF1F10B50446E07838B1D4F89000CD
:10F97000006820F00301D4F890000160E06840685E
:10F9800020F00101E068416004480068C168204639
:10F9900088474FF00040A168486110BD8080FF1F7C
:10F9A0002DE9F0470446A068806920F01000A168A6
:10F9B0008861A068076A07F00F09C7F34348C7F3D7
:10F9C0000A1633464A4641461BA0FBF789F909EB64
:10F9D000890104F5C67000EBC105B8F1070F21D20B
:10F9E000DFE808F0201D041E1F2012005EB1324621
:10F9F00004F10800696AFFF720FF686A3044686212
:10FA0000286A304428620EE0082204F51F7104F1D0
:10FA10000800FFF712FF286A3044286203E000BFA5
:10FA200000BF00E000BF00BFA068806940F0100088
:10FA3000A1688861BDE8F0873E3E52584649464F6E
:10FA4000207374733D253032782065703D25642025
:10FA5000636E743D25640D0A0000000070B5044615
:10FA60000D46A888F0B9E888E0B9A87800F07F06CC
:10FA70009820005D032803D12046FEF783FF14E0A1
:10FA80009520065531462046FEF7D8FE2046FEF763
:10FA900094FF1EB102219820015506E00121982013
:10FAA000015502E02046FEF76DFF70BD70B50446BB
:10FAB0000D46A8783149087008460078012803D916
:10FAC0002046FEF75FFF58E09820005D022804D032
:10FAD00003281AD004284BD149E02848007880B187
:10FAE0002648007884F894000321982001550122CB
:10FAF000224801782046FFF71FF82046FEF75DFFF9
:10FB000002E02046FEF759FF36E01C48007880B935
:10FB10000221982001551948007884F894000022A9
:10FB2000164801782046FFF707F82046FEF745FF04
:10FB30001CE094F8940011490978884213D094F895
:10FB4000941000222046FEF7F7FF0C48007884F856
:10FB500094000122094801782046FEF7EDFF204677
:10FB6000FEF72BFF02E02046FEF727FF04E003E04C
:10FB70002046FEF707FF00BF00BF70BD9480FF1F47
:10FB800010B502464B78012B13D10C7802F10C030F
:10FB900053F82430186800F000430BB140F0804067
:10FBA00040F400100C7802F10C0353F82430186074
:10FBB0000DE00C7802F1240353F82430186840F467
:10FBC00000100C7802F1240353F82430186010BDA3
:10FBD0002DE9F04104460D46688801280CD1012129
:10FBE0009A200155D4F8940229468268204690470D
:10FBF0002046FEF7E2FE12E0688802280FD128793D
:10FC000068B9E06847682879061200BF37010548DF
:10FC1000076001219B2001552046FEF7CEFEBDE87E
:10FC2000F08100005480FF1F3EB5044601A9204624
:10FC3000FFF7C6FDBDF80A000090BDF806309DF83C
:10FC400005209DF8041013A0FBF74AF89DF8040066
:10FC500000F01F0020B1012807D002280FD109E0D1
:10FC600001A9204600F08FF811E001A9204600F01C
:10FC7000A1F90CE001A9204600F0CAF807E09DF8C0
:10FC8000040000F08001204600F04EF800BF00BFE5
:10FC90003EBD00003E3E534554555020626D3D250B
:10FCA00030327820625265713D253032782076619D
:10FCB0006C3D25303478206C656E3D253034780DF0
:10FCC0000A00000010B504460B4800680169204690
:10FCD00088470820A168486108480068052809D2BB
:10FCE00006480068401C054908600846016804A0F1
:10FCF000FAF7F6FF10BD00008080FF1F8480FF1F11
:10FD00003E3E534F4620636E743D25640D0A00004D
:10FD100010B50446D4F89402806920B1D4F8940256
:10FD200081692046884710BD7CB505460E46F01116
:10FD3000019006F07F0000909DF8040040B19DF80E
:10FD4000000000EB800105F19C0000EBC10407E01E
:10FD50009DF8000000EB800105F5C67000EBC104C2
:10FD60000120E0709DF8000020709DF8040010B1A3
:10FD70000120607001E000206070214605F108005C
:10FD8000FFF7FEFE7CBD70B505460C466078062880
:10FD900004D121462846FFF74FF938E0607805285E
:10FDA00004D121462846FFF759FE30E06078092843
:10FDB00004D121462846FFF779FE28E0607808281C
:10FDC00004D121462846FFF711F920E0607820B9D8
:10FDD00021462846FFF7F6F919E06078032804D198
:10FDE00021462846FFF7F4FE11E06078012804D18F
:10FDF00021462846FEF748FD09E0D5F89402214641
:10FE000082682846904710B12846FEF7BBFD70BDBA
:10FE100038B504460D46287900906878002867D0E8
:10FE2000012833D0032877D19820005D022802D022
:10FE3000032825D10CE09DF8000040B19DF800009A
:10FE4000802804D09DF800102046FFF76DFF1BE0CE
:10FE5000688858B99DF8000040B19DF800008028DE
:10FE600004D09DF800102046FFF75EFFD4F89402FE
:10FE700029468268204690472046FEF79EFD03E013
:10FE80002046FEF77FFD00BF00BF8FE09820005D99
:10FE9000022802D0032825D10CE09DF8000040B1D3
:10FEA0009DF80000802804D09DF800102046FFF740
:10FEB0003BFF1BE06888A0B99DF8000070B19DF879
:10FEC000000080280AD09DF800102046FEF7FDFCB7
:10FED000D4F8940229468268204690472046FEF7CF
:10FEE0006CFD03E02046FEF74DFD00BF00BF5DE066
:10FEF0009820005D022802D0032850D10DE09DF823
:10FF0000000040B19DF80000802804D09DF800104A
:10FF10002046FFF709FF46E047E09DF8000000F0AB
:10FF20008000802818D19DF8000000F07F00062195
:10FF3000B0FBF1F201FB120000EB800104F19C0028
:10FF400000EBC100C07818B101201949086020E019
:10FF50000020174908601CE09DF8000000F08000B8
:10FF6000B8B99DF8000000F07F000621B0FBF1F267
:10FF700001FB120000EB800104F5C67000EBC1002C
:10FF8000C07818B101200A49086002E00020084941
:10FF90000860022206492046FEF7E2FC03E0204604
:10FFA000FEF7F0FC00BF00BF00E000BF00BF38BD9F
:10FFB0008880FF1F70B505460C460026607828B97A
:10FFC00021462846FFF7FEF801261EE060780A2841
:10FFD00007D12078212818D02846FFF7DDF8012620
:10FFE00013E06078FE2804D12846FFF7D5F80126F3
:10FFF0000BE0207800F06000402806D1D5F894028C
:020000040001F9
:1000000021468268284690470126012E19D0982063
:10001000405D032812D1207901280BD8D5F894022D
:100020002146826828469047E08850B92846FEF766
:10003000C4FC06E02846FEF7A5FC02E02846FEF7D1
:10004000A1FC70BD70B50446144800688168204664
:100050008847E06885684FF40060A1684861972090
:10006000065D9920005D012816D1032E14D1E07899
:1000700090B105F0010078B1D4F89000006840F02C
:100080000101D4F890000160D4F89000006840F0BD
:100090000201D4F89000016070BD00008080FF1F55
:1000A0007CB504460D460020009005F01F0020217D
:1000B00041EA8010019001982168086100BF206822
:1000C000006901900A490098884203D80098401CB2
:1000D000009000E007E0012000F00CF8019800F02B
:1000E00020000028EBD100BF032000F003F87CBD06
:1000F000400D030008B50C4A126AC2F302630B4AB2
:100100001268DA400A4B1A44521EB2FBF3F202FBA9
:1001100000F10022009202E0009A521C0092009A24
:100120008A42F9D308BD0000004005403416002083
:1001300040420F002DE9F84F06460F4607EB8701B6
:1001400006F19C0000EBC104D4E90701451AA06840
:10015000A84200D2A568E81C4FEA9009394630460B
:10016000FFF763FB80461DE0D4E90701451AA0684C
:10017000A84200D2A568E81C4FEA9009B078ABB25B
:10018000FAB2009006F10800616A00F01DF8606A9A
:1001900028446062206A2844206239463046FFF7CE
:1001A00044FB8046C84503D3D4E907108842DBD31B
:1001B00045B9012000FA07FAF068406B20EA0A000E
:1001C000F1684863BDE8F88F2DE9F0410446DDF899
:1001D00018C00F46BCF1000F0ED1DE1CB60804F1AA
:1001E000700858F82250002004E057F8048BC5F836
:1001F0000080401CB042F8D3BDE8F08100B585B066
:100200006846F2F7A3FE0020ADF802004020ADF8EA
:100210000A000020ADF810006A464FF480710220F9
:10022000F2F7F2FB00231A460E490F48FBF71CFDBC
:100230000E4A00210C48FBF7F3FB0D4A01210A4846
:10024000FBF7EEFB0B4A05210748FBF7E9FB0A4ADF
:1002500003210548FBF7E4FB0348FBF723FD05B04A
:1002600000BD0000E5C500006485FF1FE5BF00007C
:10027000F5BF0000C9BF0000F9BF0000200040002A
:100280005D008000BA000001740100020000060158
:100290001501260137014A015D01720188019F01A4
:1002A000B801D201EE010B022A024B026E02930248
:1002B000BA02E40210033E037003A403DC03170434
:1002C00055049704DD0427057505C80520067D063D
:1002D000E0064907B8072D08AA082D09B9094D0AF3
:1002E000EA0A900B400CFA0CC00D910E6F0F5A10D9
:1002F00053115B1272139A14D41520178018F51934
:10030000801B231DDE1E0000190007003D000000B9
:1003100018000700000002001B0006000000020099
:100320001E0006003D00000006000500000002005F
:10033000060005003D0000000D000B00000002005B
:100340000D000B000000020014000B000000020072
:1003500014000B000000020016000B000000020059
:1003600016000B000000020014001600000002003E
:100370001E000B00000002001E000B000000020027
:1003800029000B000000020029000B000000020001
:1003900033000B000000020033000B0000000200DD
:1003A0000D000B003D0000000000140000001400D0
:1003B000000014000D000A000C000A000A001400DE
:1003C000110028000D000A000A000A000C001400A9
:1003D0001200140011000A000F001E000D000A0098
:1003E0000F000A000D000A000F000A00110014009F
:1003F0000D000A000C000A000A0014000F0014008F
:100400000D000A000C000A0000000A000A000500A6
:100410000C0005000D0014000A0014001100140067
:100420000D0014000F001400160014001400140036
:1004300012000A00110005000F0005001100500015
:100440003D000000C0030000200000000078000014
:100450000000000000000000E00F0000E00F0000BE
:100460007CFCFF3F7CFCFF3F7CFCFF3FE00F00007B
:10047000E00F00000000000000000000000000008D
:100480000000F8030000F803FCFF1F3FFCFF1F3FC4
:10049000FCFF1F3F0000F8030000F803000000000D
:1004A00000000000000000000000000000F0070055
:1004B00000F00700FC3FFE3FFC3FFE3FFC3FFE3FDD
:1004C00000F0070000F0070000000000000000003E
:1004D000000000000000000000000000000000001C
:1004E0000000000000007E0000007E000080E701A8
:1004F0000080E70100E0810700E08107007818062E
:1005000000781806001E8607001E86078087E10116
:100510008087E101806178008061780080191E0089
:1005200080191E00808107008081070080FF010084
:1005300080FF010060000000600000001800000063
:100540001800000000000000000000000000000093
:10055000000000000000000000000000000000009B
:1005600000E0030000E0030000E0030000E00300FF
:1005700000E0030000E0030080FFFF0080FFFF00B9
:100580008001C0008001C0009819CC0C9819CC0CD7
:100590009819CC0C9819CC0C9801C00C9801C00C7F
:1005A00098E1C30C80E1C3008001C0008001C0005D
:1005B0008001C00080FFFF0080FFFF0000000000FE
:1005C000000000000000000000000000000000002B
:1005D0000000000000000000000000000060E007D4
:1005E0000060E007006018180060181880610618A5
:1005F00080610618008601180086011800000006B8
:1006000000000006F8018001F8018001000660008A
:10061000000660008001801F8001801F60000000D4
:100620006000000018806100188061001860860179
:10063000186086011818060018180600E007060062
:10064000E0070600000000000000000000000000BD
:10065000000000000000000000000000000030006A
:100660000000300000003C0000003C0000000B00D7
:1006700000000B0000C0080000C0080000300800A7
:1006800000300800000CF801000CE00100036000DD
:1006900000037800C0031800C00F1E000008060009
:1006A000008807000088010000A801000068000021
:1006B00000680000001E0000001E00000006000090
:1006C0000006000000000000000000000000000024
:1006D000000000000000000000000000000000001A
:1006E000007E000080FF0000E0FF0300F0FF070035
:1006F000F8CF0600FCCF0C00D4FF0D00C03F0F0068
:10070000F00F0E00C0070C00E0070C00F0270C00F3
:10071000F8FF0C00FEFF0F00FF9F0F00FFA70F0068
:100720003FB80701FFDF8701FFEFC701FFF7F700C1
:10073000FFF97B00FFFC3B00FFFF1B00FFFF0300F6
:10074000FFFF0300FFFF0300FFFF0300FFFF0300A5
:100750000000000000000000000000000000000099
:100760000000000000000000000000000004000085
:100770008004000000010000000000006000000094
:100780000000000000C0070000EE1F0000FF7F0017
:1007900080FFFF00C0FFFF01C0FFFF03E0CFFF03AA
:1007A000E087FF07F007FF07F007FB0FF003F20FEA
:1007B000F003E00FE03DBC07C0000003A0381C05BB
:1007C0002010080420000004400000028000000106
:1007D000000000000000000000000000800FF00199
:1007E000E03FFC07E03FFC07F07FFE0FFCFFFF3F10
:1007F000FCFFFF3FFCFFFF3FFCFFFF3FFCFFFF3F15
:10080000FCFFFF3FFCFFFF3FFCFFFF3FF0FFFF0F40
:10081000F0FFFF0FE0FFFF07E0FFFF0780FFFF0192
:1008200000FFFF0000FFFF0000FC3F0000FC3F0056
:1008300000F81F0000F00F0000F00F0000C00300E0
:1008400000800100008001000000000000000000A6
:100850000000000000000000000000000000000098
:1008600000000000C00FF003C00F0000F03FFC0FBD
:10087000F03F0000FCFFFF3FFCFF0000FCFFFF3FDC
:10088000FCFF0000FCFFFF3FFCFF0000F8FFFF1F24
:10089000F0FF0000F0FFFF0FC0FF0000C0FFFF03EC
:1008A00000FF000000FFFF0000FC000000FC3F0014
:1008B00000F0000000F00F0000C0000000C00300C6
:1008C0000000000000000000000000000000000028
:1008D0000000000000000000000000000000000018
:1008E000000000000000000000000C0C00000C0CD8
:1008F0000000CF030000CF0300FCFF0300FCFF0358
:1009000000FCF00000FCF000C03FC000C03FC00091
:10091000C00F0C03C00F0C03C0CF0003C0CF0003F7
:10092000F0030303F0030303F003FF00F003FF00F1
:10093000F0000C00F0000C00C0000C00C0000C0027
:1009400000000000000000000000000000000000A7
:100950000000000000000000000000000000000097
:100960000000000000000000000000000000000087
:1009700000F0030000F0030000FC0F0000FC0F007B
:1009800000FF3F0000FF3F00C0CFF300C0CFF300E7
:10099000F0FFFF03F0FFFF03C0FFFC00C0FFFC00FF
:1009A000C0FFFF00C0FFFF00C0FFFF00C0FFFF004F
:1009B000C03FF000C03FF000000FC000000FC000BB
:1009C0000000000000000000000000000000000027
:1009D0000000000000000000000000000000000017
:1009E000F0FFFF0FF0FFFF0F0C0300300C0300308F
:1009F000030C00C0030C00C0030C00C0030C00C0BB
:100A0000FFFFFFFFFFFFFFFF030C03C3030C03C344
:100A1000030C33C3030C33C3030C03C3030C03C322
:100A20000F0FFCC00F0FFCC0030C00C0030C00C074
:100A3000030C00C0030C00C0030C00C0030C00C07A
:100A4000FCFFFF3FFCFFFF3F000000000000000034
:100A5000D6F8FFE71F4BFCFF8C3F17C87F103A0FFB
:100A600080FF00308FD3FF4D70E7EFFFFB76F7FF7D
:100A7000FFFF7DFBFFFBFFFFFFFFFBFFFFFFFFF91A
:100A8000FFFFFFFFB9FFFF7FFF78FBFF7FDF70DB1A
:100A9000FF6FDF709BFF6F4D70BA7F2F4530327F45
:100AA000274120207F073FA01F7EE74040E03E0710
:100AB0000000003E0F1E011E1C0E2501251C8E0C81
:100AC000024C2C9908024844110000004611000015
:100AD0000042110000002122000000112400020049
:100AE00009280002800450000280036000004000DA
:100AF0008000004000800000200000010E20000067
:100B0000020010000004000800000C00040000189F
:100B1000000200007E800300C0E961060020881FFB
:100B20001A00100A006200080A008A000809008AF8
:100B30000008090012070409001209070500121A2B
:100B400004030014620201000882000F0000000F7D
:100B50000000C0300000C0300000C0300000C030D5
:100B60000000C0300000C0300000C0300000C030C5
:100B70000000C0F0F33CC0F0F33CC0300CC3C03008
:100B80000CC3C0300CC3C0300CC3C0300CC3C03069
:100B90000CC3C00000C0C00000C0C00000C0C00046
:100BA00000C0FC0000C0FC0000C0030000C0030047
:100BB00000C0030000C0030000C0FCFFFFFFFCFFFB
:100BC000FFFFC00000C0C00000C0C00000C0C000E7
:100BD00000C000FFFF3F00FFFF3F00FFFF3C00FFA2
:100BE000FF3C00FFFF3000FFFF3000FFFF3300FF3E
:100BF000FF3300FFFF3300FFFF3300FFFF3300FF31
:100C0000FF33000000000000700EF81FFC3FFC3FA7
:100C1000FC3FF81FF00FE007C00380010000000058
:100C200000005F0203020304010204060A00FE073B
:100C3000FE0700017602F904632007D6F8F92300C5
:100C4000210AD6F891B43B985300220BD6F8932C86
:100C5000C9929C37002310D6F8932C89062989065F
:100C600029C9929C00240DD6F891704AC23189C6D8
:100C70009C02250DD6F8A3A429092B51D294132642
:100C80000ED6F8C3244BC24A53A6E430002709D637
:100C9000F891B4CE23002809D6F8A1B05AAE132992
:100CA00009D6F8E36AB14E022A0ED6F8D12C4AA230
:100CB000414AA22CA7022B0AD6F8F1341BB43467A0
:100CC0002C09D6F87913EB18002D09D6F8D9069D12
:100CD0001B002E09D6F8790BC71C022F0AD6F8B1D3
:100CE00034EC9AD3003010D6F8913089B2244BB24C
:100CF0002809730A00310CD6F891504BD2B64187BF
:100D000001320CD6F8A72CCDB4301D7418330CD694
:100D1000B807350CE5248B7602340DD6F8A1504B7C
:100D2000A2D220A63901350DD6B807254D24294D6C
:100D3000B26827360DD6F8112D4C13494AB26827F0
:100D4000370BD6B807354CC36A4E02380DD6F8A714
:100D50002CC9A2294BB26827390DD6F8A72C892CAB
:100D60006998E914003A0CD6F8F170CCC170CC2126
:100D7000003B0BD6F8F170CC41B18E013C09D6F89E
:100D8000B1B0B91D063D0AD6F889833EE88C003E15
:100D900009D6F8E3C67612003F0BD6F8A72CACE6CE
:100DA000604E01400CD6F8A72C89942E52BC1341FA
:100DB00010D6F8913089B2244B06254BB21C06425E
:100DC0000CD6B8872C6ADAA2962127430BD6F8A74F
:100DD0002C49DBA29D00440BD6B8872CEA5F869C89
:100DE00000450DD6B807254D87284D071D06460C32
:100DF000D6B807254D8728ADD300470CD6F8A72CC9
:100E0000494B4A16ED044810D6B8B3244BB264508F
:100E1000B2244BB21C064908D6F8C7B4E34E4A0BBD
:100E2000D6F891316DAAE914004B0ED6B8B324AAB6
:100E300064629245B51C064C09D6B8D35E071D0600
:100E40004D0ED6B8B3244B2CDD922CC972184E0F20
:100E5000D6B8B3244BA4A4939225590E034F0ED6B3
:100E6000F8A72CC9922CC9922CDA09500DD6B88754
:100E7000284BB26488D23A0D510ED6F8A72CC992ED
:100E80002CC992A639075210D6B887284BB264886D
:100E9000922CAAE53000530CD6F8A72C89E7248BB6
:100EA00076025409D6B8072DED9D02550FD6B8B37A
:100EB000244BB2244BB2248B76025610D6B8B324FE
:100EC0004BB228C9922C09730A00570ED6B8B32426
:100ED0004BB2A42F962C8701580FD6B8B3248B920F
:100EE000B012654996C300590CD6B8B3248B923022
:100EF0006DA7005A0BD6B80735EC3AE830005B080E
:100F0000D6F8B7B4EB4E5C09D6B8D3B86B0E035D18
:100F100008D6F8D7DE76025E0BD6F8913089B29CFF
:100F200027005F08D6F8F93CE8006008D6B8E29CD4
:100F30005F00610DD6F8A97334245934E43000629F
:100F40000DD6B8D38A2425592225894E630BD6F8AD
:100F5000A95396A459B413640ED6F8B134524A4A30
:100F60009644961C06650BD6F8A953960C4ABC13FA
:100F7000660CD6F8112D2A0E595A2701670FD6F89C
:100F8000A94392255934A449164D00680ED6B8D30A
:100F90008A2425599225590E03690AD6F8911C53C3
:100FA0001B77026A0BD6F8B11C539BBA49006B0D34
:100FB000D6B8D35A12455B54CB61006C08D6F8D52D
:100FC0001E77026D0BD6F8894A94F46F390C6E0EB9
:100FD000D6F889892425599225590E036F0CD6F825
:100FE000A95396644916ED04700FD6F88989242513
:100FF0005922258994A600710DD6F8A94A49C992AB
:10100000C8925600720BD6F889892425699D06730B
:101010000AD6F8A9533C27434E740BD6F8D370C8B0
:10102000D252A613750DD6F88959922559125972C4
:1010300018760DD6F8895992454996843905770C6A
:10104000D6F8895992257D4A7202780DD6F88959C9
:1010500094849528CB6100790ED6F8895992259110
:10106000254DB268027A0BD6F88983D838E830006B
:101070007B0CD6F8212DCEE430D661007C09D6F861
:1010800091B4EF14007D0BD6F8E530D6E24CA70002
:101090007E0AD6F8A3A453CE1B0000000004FFFF75
:1010A0000000600203020304010304070F00FD09AE
:1010B000FD0BFE01C603B805702007FFF9F3FF031F
:1010C000210BFFF9B3C57D87733600220EFFF9238C
:1010D0005116655116E5FC2700230FFFF9B344D1E3
:1010E00030D5A26898EA7C022415FFF94371BA252D
:1010F000A5244CD235099328A9AD710E022514FF01
:10110000F9B30C43922951D296D492A6444BC49C75
:10111000052611FFF9B36CA55A9256C228A9654B52
:10112000CE022709FFF963713BFF0D280BFFF983FE
:101130006973DFDB2100290BFFF92379735FDB5132
:10114000002A0EFFF93385496DDC9262CE47002BF1
:101150000CFFF9F3290E0731CE39022C0AFFF9F3FF
:101160009F5439AD022D0AFFF9F39721E713002EA2
:1011700009FFF9F39F549D0D2F10FFF953E3344EEF
:10118000E3344EE334CE61003015FFF9B30C5198CF
:10119000644A9434255A12266134E44C00310BFF22
:1011A000F9B38573DF862167320EFFF9B30C51184E
:1011B00057BB0E3B0B003310FFF9B30C5118D7F699
:1011C0003809A32167023410FFF933A6629245B5AE
:1011D0006858E37467013510FFF9D387258E073D02
:1011E000AE84D19033013613FFF9B30C511C0F526A
:1011F0009884499884D1903301370BFFF9D387B98C
:10120000DADCCE083815FFF9B30C51988449180D73
:1012100051988449180D3913003912FFF9B30C5154
:101220009884499884D12097869C093A0BFFF9F35A
:10123000A4EAAC7636003B0BFFF9F3A4EAACE6B4C3
:101240000A3C09FFF9B3F6DE9D053D0BFFF9731F5C
:1012500076CAB0F3053E0AFFF9B3E45DBBB3023FC3
:101260000DFFF9B30C511857DBE19C114013FFF946
:10127000B30C5198444B2929259114E783CE0241A0
:1012800012FFF933A9629445C56458C2244CC29C2C
:10129000054214FFF9D307294CC2244C06294CC23D
:1012A000244C069D09430EFFF9B30C5198C43D46EA
:1012B00043CE044414FFF9D307294CC2244CC22462
:1012C0004CC2244C069D09450FFFF9D387252E0FEC
:1012D000525C1E761600460DFFF9D387252E0F525D
:1012E000DCCE0C4712FFF9B30C5198C435254CC223
:1012F000248C869C094814FFF9D3C3244CC2244C87
:1013000086254CC2244CC29C05490DFFF9D3872188
:101310008BFB360C39034A0FFFF9B3C65DC2244C70
:10132000C268C899004B12FFF9D3C3248B6A49A83D
:1013300026619495C29C054C0BFFF9D3E37E1E7683
:1013400016004D0FFFF9D3D36DA9489114A9AE39FA
:10135000034E15FFF9D3C3444B4A4994D494300942
:101360009330097316004F15FFF9B30C5198844957
:10137000988449988449180D3913005010FFF9D307
:1013800007294CC2244C06296E67065116FFF9B393
:101390000C519884499884499894922889863CA74E
:1013A000005214FFF9D307294CC2244C06294CC221
:1013B000244CC29C055312FFF9B30C5198C4F99008
:1013C000C749180D391300540BFFF9D387218BFB44
:1013D0009D0D5514FFF9D3C3244CC2244CC2244C98
:1013E000C2248C869C095610FFF9D3536B92455941
:1013F000254CD2386703570EFFF9D3534F91142968
:10140000956DCD195812FFF9D3C3244CC2A8A88AF0
:10141000513109731600590DFFF9D3536B9255D210
:10142000B89D0D5A0DFFF9D38739ED391E76160098
:101430005B0BFFF94363DC3FEF24005C0FFFF953C4
:10144000E23CCEE33CCEE33CCE015D0AFFF92373E0
:10145000FF71A7015E0BFFF9B3A54956E75F005F77
:1014600009FFF9F37F1F861C6009FFF923799DFFAF
:101470000D6111FFF9F36550C2244C32254A22292F
:1014800067016212FFF9D3E3F220854998844998F5
:101490000C3A1300630EFFF9F36588C224AE0F3ACD
:1014A0000B006412FFF9B3C6A541099330099330CC
:1014B0001A741600650FFFF9F36588C26458E27C60
:1014C000D05900660CFFF9B38971BAC6DD190167FE
:1014D00012FFF9F36550C2244CC2248C06B934447F
:1014E000006812FFF9D3E3F2208549988449988473
:1014F000390B00690BFFF9B3E554B9EBCE046A0B65
:10150000FFF9B3E554B91F45006B10FFF9D3E3B6FB
:10151000A896844A560A7316006C0AFFF933C9FD6F
:10152000BA33016D10FFF9F33E2C51244552244586
:10153000529D016E11FFF9F31E4949946849988440
:101540004998B3006F10FFF9F36588C2244CC22498
:101550008C869C097011FFF9F33E486112266112D6
:1015600026831497017110FFF9F36550C2244CC211
:10157000248C06B905720DFFF9F31E494994A87130
:101580009D19730EFFF9F36550F2218F93416702A5
:10159000740CFFF933C5D5356ED799007511FFF975
:1015A000F31E266112269912259194B300760EFF40
:1015B000F9F31E2661548B425567037710FFF9F348
:1015C0001E45522445522455EC2C00780EFFF9F3A9
:1015D0001E4645558C8A390B007912FFF9F31E26F9
:1015E000611226611246835C1A22007A0BFFF9F31E
:1015F0003EAC5D879D057B0BFFF98971AF79DCBB44
:10160000047C09FFF96371FF770C7D0BFFF9E8712A
:10161000EF69DCA3087E0BFFF9F3454A229D9F008A
:101620007F07FFF9F3FF0300000004FFFF000060E5
:101630000203030405010305091100FD0BFD0DFE66
:10164000023904B006C2200919271FFFFFCF00216D
:101650000D19271F27B97E4792CB71032212192734
:101660001F26114A8412A1442891E3FF230023116D
:1016700019271F6F12D9E926919D6E1239FE002499
:101680001319271F2A17134D125DBBE893912C974E
:101690008301251319271F17D345175A955AA3E815
:1016A00069248BE304261619271F1731512413C907
:1016B00024D229492221A9DD28721C270B19271FB2
:1016C0002AD71DFF5F01281219271F2ED65DDF21A3
:1016D00072881C2287C88100291219271F2687C8F3
:1016E0002172881C22D767DD51002A1319271F2772
:1016F000A144E510A3D20E118D72FC09002B101924
:10170000271F9FE58A87C8212857C72B002C0C1953
:10171000271FFFDFC6EB6265002D0B19271FFFADEA
:1017200058C7BF012E0B19271FFFDFC6EBB8012FCB
:101730001519271F492E968BE562B9582E968BE511
:1017400062B91C00301719271F17A24928914D4470
:10175000142D24C94C221419E93801310E19271F00
:101760002729BB3E1E2287380E321119271F17A2C8
:101770004928118AF57C881CE238331619271F176F
:10178000A24928110AA973884828118A8C749C00E0
:10179000341419271F47F194289189D44487C8210C
:1017A0002CA6D271351419271FF3217288C86D77C2
:1017B000885C452832D27102361519271F979A493D
:1017C0006E3B0925428950221419E93801370F1957
:1017D000271FF32172882B6BD71D37003815192767
:1017E0001F17A24928118A8C449350221419E938F2
:1017F00001391519271F17A24928114A8412A1E897
:101800006617D9EA38013A0D19271FBF8FD7B18D56
:10181000D771033B0E19271FBF8FD7B18DD7C5CA0C
:10182000003C1219271F57B1DE2172881C2287C87D
:1018300021721C3D1119271FBF1E228738EC103959
:10184000C4F133003E1319271FBB1C2287C8217225
:10185000881C22D63BAE003F1219271F17A2492829
:10186000118AB5C7D1E472DC00401619271F17A2F0
:101870004928115124155D2AA2911C72B3E300413D
:101880001719271F273195289289142587C82122E7
:1018900094082542390E421519271FB3ED249408E8
:1018A00025279B925022949CEC3801431419271F42
:1018B00017A24928114AE41A254291918E13004437
:1018C0001819271FB3ED2494082542895022940843
:1018D0002542C9C98E1300451319271FF3217288A9
:1018E000C8E5369B5CFD1039C471461119271FF3FA
:1018F000217288C8E5369B5C779C01471719271F22
:1019000017A24928114AE4228A8822940845463AB7
:101910004E00481A19271FB3502294082542C921A6
:1019200072880825428950229408E5384910192701
:101930001FF3217208CAF5F11039C4714A11192731
:101940001F57B95E8412A1442832D271024B161976
:10195000271FB3502213A94984D431552214C994A6
:1019600084721C4C0D19271FB35C7F3F440E711C01
:101970004D1619271FB350329A1C228788FEA344A4
:1019800028114A84721C4E1919271FB350329390A4
:10199000243A516413A14428114A8412A11C074F10
:1019A0001819271F17A24928114A8412A144281187
:1019B0004A8422231D2700501119271FB3ED2494B8
:1019C0000825279B5C779C01511919271F17A249ED
:1019D00028114A8412A14428D18964ACCB21721801
:1019E00000521619271FB3ED24940825279B925007
:1019F0002294082542390E531519271F17A249288A
:101A00009143AAF58950221419E93801540E192777
:101A10001FF3217208CAF577DC00551919271FB387
:101A20005022940825428950229408254289506406
:101A3000A4E304561719271FB3502294082542899E
:101A400050A4261252C972396E00571719271FB3B6
:101A500050229408254289FEE51039444613A11C02
:101A600007581619271FB350229408458A6431512C
:101A7000A428114A84721C591419271FB3502294A8
:101A8000082542C9686424CBB5E3065A1019271FFC
:101A9000F32172888BF5FD1039C4715B0D19271F76
:101AA000CA2AD77FA7D281005C1A19271F2497431F
:101AB000E472885C0E91CB217239442E87C8E51000
:101AC000B9005D0C19271F46A5EB7F6507035E0F64
:101AD00019271FB7F85422538AC6F1BF025F0A19AB
:101AE000271FFFFFD3E140600F19271F1687C8216A
:101AF00072481CFF7F01611319271FBF9B2E42896B
:101B000050229B88586422390E621419271FB35C37
:101B1000DD76124A8412A1442839D9710263111961
:101B2000271FBF134D4289502297436E761C6414C1
:101B300019271F57B99AE92294082542895074B38E
:101B4000E300651219271FBF134D42C9217288C8CF
:101B500021373B0E660F19271FC729514C25CBF59E
:101B60008E1B00671419271FBF9B2E428950229499
:101B7000084537BBAC4803681519271FB35CDD76F1
:101B8000124A8412A14428114A84721C690F192731
:101B90001F27B91C4EA5EB6AB3E3026A0F19271F72
:101BA00027B91C4EA5EB47EA18006B1319271FB382
:101BB0005C9B484D22A416453225A11C076C0D19CB
:101BC000271F3B95AE5F6D765C006D0D19271FBF1B
:101BD000DA4E12FDFF3B0E6E1619271FBF8A6412E4
:101BE0001249329308254289502294E3006F131959
:101BF000271FBF134D42895022940845463A4E0094
:101C0000701419271FBFDA4E4289502294082527E5
:101C10009B5C1D00711319271FBF9B2E4289502208
:101C200094084537BB1600721119271FBF8A64122A
:101C300012493293C8B5E30C731119271FBF5B0E0D
:101C400011B9D52E3944EC3801740F19271F27B963
:101C500032952CD70E21CF71751519271FBF0A2574
:101C60004289502294C826221699488E0376131969
:101C7000271FBF0A25428950A4261252C972DC00D0
:101C8000770F19271FBF4AF4FF2F87903A2E00784D
:101C90001119271FBF0A458A64B998285294E30096
:101CA000791619271FBF0A25428950229408254218
:101CB000D1CD2E2BD2007A0D19271FBF9ECE3A9F71
:101CC000EEB8007B111927533C96EBAC0E9143E420
:101CD000BACF65007C0B19271F2AD7FF7730007D0C
:101CE0001019274B3ED73B440E11ABEB3C96027EBE
:101CF0000E19271F3FCF225A6273FC47007F091934
:101D0000271FFFFFCF0000000004FFFF0000C900F5
:101D1000030204040504050D1000FD09FD0AFE017F
:101D200082030F056A200500102D2108A1F32E0E55
:101D30008900220834F12D225300230FB6F06EA241
:101D40005E8625EA6558A25E002411B5F1AEB2A503
:101D5000A264A296448952D922002511971071429B
:101D6000254ADAA2B494254D89980026109710B11F
:101D7000C4288BB224ADB445993405270631F22B23
:101D800006280CC3D2AE9228897A8BB200290CC3E4
:101D9000D22EB2288B7A8992082A0E7730F1C2A40B
:101DA000360D43B425C50C2B0B7730EFE2DA3064E7
:101DB000710D2C0842D12A8644012D0616902F0E53
:101DC0002E0722112B86002F0EC6D06E8B699886A7
:101DD000699886690A300C96106F8624F463322461
:101DE00000310995102DC67E1A04320B96106F86AD
:101DF0002414FB3A0C330E96106F86244C4B732A36
:101E0000264302340F9610EFB424EA922559328CFF
:101E10006902350E96102F0E693AC8692A264302C8
:101E2000360F96106F8624549345138DC990003752
:101E30000C96102F8E699816D31A00380F96106FD3
:101E40008624342643121A932101390F96106F8687
:101E5000243426839A8AC990003A0872322D8678F3
:101E6000083B0A92F22C86784814003C08B6D06EE3
:101E7000C39E7B3D0846502FEEE8303E09B6D02E7B
:101E8000E21E7B053F0FA6F06E862414D34C4C73E4
:101E9000308D004014A710B1B64A226989A42815D4
:101EA000A522254A964D0041109810F364350AA3E7
:101EB0002C8CC268586239420E96102F0625340EBB
:101EC0004B681C1600430C9610AF86244C3BC7434E
:101ED00000440D97103106294C521F934102450CC6
:101EE00096102F0E697550D2EA30460C96102F0EC0
:101EF000697550D25600470F9710B18628946B43EE
:101F0000AA26613408480A97103152D7E1EA1A49E3
:101F10000993102996A82F034A09C3B0A8FA4F0BBA
:101F2000004B1096102F422D892A999864512D0943
:101F3000034C0996102FD27E1D064D0F981033C406
:101F4000215CA2448912C9B3394E11971031C45192
:101F5000C9944C8AA4484BB444144F0C9710B1B6A2
:101F60004AEA35C9B209500C96102F0625741C9602
:101F7000B40A510CA7F0B0B64AEA35C9B25D520FA7
:101F800096102F0625340E4B544BB2240C530F964B
:101F9000106F862454E3214EC5644800540A9710FC
:101FA000310E59DC6F00550B97103152BF26593650
:101FB00001560F971031526B924559254CD2380378
:101FC000571A9B1039C2500CB5244BA224AA64495D
:101FD00094644994644996866904580F9710315265
:101FE00035C92A6925ABA46A00590C971031D2244F
:101FF000ABA4716F005A0B9710310E71DAE76108CC
:102000005B09C3F22E86A87F1A5C0DA5112FC2347E
:102010004CC3344CC3005D09C3F22EA6FE69085EB2
:102020000835F1AFB2A4165F0616F02E0E60073326
:10203000D22FA42C610C76106F863819469BB204FF
:10204000620DA6102FD29645138D9BB200630975C1
:10205000106D06B1EB10640CA6106F5B166D745317
:102060009600650E76106F86241487410D9321012A
:10207000660BA4106B862C1BB4DE00670EA6B06E38
:10208000166D745396B4322400680BA6102FD296A6
:1020900045133D0669089110259261086A0AC2B08D
:1020A00066B2A45F14006B0EA5102DC236292969F3
:1020B0004954C9026C07A110251E026D1079103514
:1020C0001249916C999669999669056E0A76102F56
:1020D0009245133D066F0C7710B1B64A6A4DB26C4B
:1020E00002700EA6B02E9245138D9BB2A4550071BE
:1020F0000CA6B06E166D745396B401720A74102B50
:102100009221CABA01730B75106D964C5DB56401CE
:10211000740B94106BB26848B28E02750976102F5A
:1021200042DF9425760E771031D2248BB24A98A4E0
:1021300071067710791035B24CAB744A9A92B66238
:102140001601780C75102D322DA9556A5A00791197
:10215000A7B0305235C9A2AC1226699CC621007ABC
:102160000A75102D0631EB38087B0CD3D2AE92A83D
:102170004B94456D017C06C1F32E3E7D0DD3D22ECE
:10218000B2A85B94442D11007E0935716FB2A496FC
:10219000008011B6F0ECB42849C3410A07298DA389
:1021A0004C01A40B56102D12A5D44BA204A70EA4CB
:1021B000F16C944854222911A54401A80713B12DAC
:1021C0009200B00843916D2A4A05B10B75F0ACC27C
:1021D0006890C27C10D70D773031D224ABA495AC77
:1021E0009206E00EA613BBE21C1AE264188DC92009
:1021F000E10EA610EFC21C1BE264188DC920E81086
:10220000D714BFF23A71ABA4C3394DB26C02E910D6
:10221000A610EFC21C1B92501C06354C8604EA1116
:10222000A610AFB4284786241487410D932101ECF2
:1022300009A21027A22CE903ED09A21067B4A42F6C
:1022400000F20EA6106FE21C1B92D063322400F342
:102250000EA610EFC21C1B92D063322400F70D773C
:1022600012F1E21C1B861C8B3300F90CA610AFE2A6
:102270001C097D539600FA0CA610EFC21C0A7D5370
:102280009600FC0B96106FA23CF44D590200000022
:1022900098248407F74E3D08C64F260A88513F0C04
:1022A0009052370B5953890B9954800B6656BC0CCE
:1022B0005159070B5C5B590BE45C550B585E9F0B47
:1022C0004D604D0BFA624B0CA8631F0BE264A40C2B
:1022D000DB665A0C2967F40BA66B470C6A6CC50BBE
:1022E000E66E240C5C70E60CA273A90C46761F0BFC
:1022F000F478300C657A840BF07E820BE67FCC0C90
:102300002081700CF4835A0BA7869C0BE38BA40BE3
:10231000FD8D260C148F7B0CC190B10C72950B0CAB
:10232000AD96C50CF9FFFF01010F96106F861C19C1
:10233000E264188DC920011311A6137B061DD7A2D4
:10234000241C06398B1600011B11A613BB9230C743
:10235000B428098741CEA205012B0A931029C6A8EB
:102360002F00014D10A7137B069DB655526B926549
:102370001300016B0DA6106F861C0E7D5396000195
:10238000CE13A713BB923407979A1226611226998F
:10239000B40801D00BA3153B926A22751901D21023
:1023A000A713BB923447B74A6A4DB26C0201D414EA
:1023B000A713BB923407B34492B2288BB228D2142D
:1023C0000101D614A7137B061DCA724492B2288B52
:1023D000B228D2140101D813A7133BD330CB114933
:1023E000CAA22CCAA248530401DA14A713BB923420
:1023F000CC724492B2288BB228D2140101DC13A70C
:1024000013BBF230CB1149CAA22CCAA24853040212
:10241000C70E66533BC2248B926C53230002C9073C
:1024200016F43B0E20160AC4D43A22FFA700201847
:102430000842D87B942120190942D23B86440120CE
:102440001C0B45D77B2229518644201D0C45D13BCE
:102450009421512229012026081B713B3449203048
:102460001FCCF07A722CC9A124AC646912C5495BF7
:1024700014296D49A74AB7A42226CD590220320853
:1024800022F27B140020330A34F17BB2444900204D
:102490003B19BBD13A322D8AA4B01C8592458BD40E
:1024A00024CFD25AA4259918210316B9F17AF2241F
:1024B0009A6A619E2339922339942359BA002116CE
:1024C0001CACF03AA459CAA53C294D495B122959C4
:1024D000122959924553164FC92021600AB3F53A83
:1024E00096A8BF0C216117B8F23AA6258CC2288C99
:1024F000C2288CC2288CC2284CA601216217BBF1CD
:102500003A964B56CA4A59292B65A5AC9495B252B6
:10251000567921631BBBF13A964B56CA4A59294C4E
:10252000B230C9C2240B932C0DD36CCC002164169D
:10253000B9F23AB6258DD2AC9885599AC4499E23F2
:10254000391202216519BBF13A964B56CA4A594BCA
:102550009825619684591256C3340C07216621BC14
:10256000F03A966150B224AA25512D89B224AA25A9
:10257000512D896A4954CCA2308BC268182167203A
:10258000BCF03AB26418B2A45BD22D694AA2A494FA
:1025900044492989925AA556A9556AD93021681803
:1025A000BBF13A964B560A932C4CB2344CC34A16A4
:1025B0002659535679216915B8F23AA6258CC22CB2
:1025C0000AA35456A32C8CC2641A216A18BBF13A90
:1025D000964BD6126649580DD330CD92304BC22857
:1025E000AB3C216B24BCF03A966150B22889B228EA
:1025F000C9922CC9922C092B61254BB2244BB224D1
:10260000CAA2249986212190127C30FB724C8776D5
:102610006478D9311DCC110021910CD5B4BAB265C2
:1026200090C2FE0921920F5D30FBB11C4E86871CC3
:10263000CCC10821930CD5B4BAC2FE6950B60822A9
:10264000080DA6F3FAA6B03A0C695C1E220F15A974
:10265000F23A5ED2288DD2288DD2288DD2284DB65E
:102660000122111099123B5EE2288772286F1E0E1C
:1026700001221A18BDF0FA873947733407733447BB
:10268000733087EA483B984300221D106C317B86EB
:102690007008132DED98884338221E126B317BB6DB
:1026A000254B323114432DC9926D0122200B991212
:1026B000FB91BCDF870322250AD4B53A22FF4F01E4
:1026C00022271299123B73244FE224CDC2AC1AA5E3
:1026D000491E22281399123BF2248DD2AC98A549A9
:1026E0009CE439120222290B8613BBB428097D0C05
:1026F000222A0DA8F33A627F4EC26C8800222B0D6D
:10270000C5D3FA2A51D84F499601222E13C5D3FAC0
:102710002A51B6549444A96C619464190022340C73
:102720007812FB649D591C420122350E9AF23AE45C
:1027300021D6F95547440022360881163BE2002293
:10274000370A87133BD29CF734223D126C30BB52C0
:102750002D8D923414D3244A3335022248148C1020
:10276000BB863409B324DED9873409B3249E002202
:102770004C13AAF27AC225CCB4301973FA70A70FA1
:10278000170022600F8812BB4BC320C6E13048718E
:102790000C22610C79123BDE89C39D381C22640F28
:1027A0009812BB45774447744447864122650EA87A
:1027B000F33A7444477444F46700226E1199F23A74
:1027C0002371B58459AAE43A324702226F15BAF24E
:1027D0007A432D56724487F6489D2DA196432100D9
:1027E000229913B9D2FAD6AC9AE45AA665BA9EA435
:1027F00059750322A5149A123B7328877228877291
:10280000288772281D0E0123120E5B513B674DCBAA
:10281000931CD2A10024601DCCF03A8758D4C22C5E
:10282000CAB4240DD5500DD53009B328CC32511E71
:10283000420024611CCCF0FA8635CE322DC9A24C60
:10284000CEE44CB4C55A9C444394C5E9B00124621B
:102850001ECCF0FA8635CEA2214AA230D22371D303
:10286000233D92C2288986288BD3610324631DCC23
:10287000F0FA8635CE322DC992504B42A92815A5C3
:102880004153C324CCCAE9B00124641DCCF0FA86BC
:1028900035CEA2214AB2588BB521D3233DD24A4925
:1028A0003665713A6C0024651CCCF0FA8635CEB2E0
:1028B00029C9622DD6864C2B6925AD94645316A781
:1028C000C30624661DCCF0FA8635CEA2214AB22872
:1028D00093333554433115D3240BB3381D360024BC
:1028E000671ECCF0FA8635CE322DC9A24C8B32D180
:1028F00016655A94695196645A391D360024681C2D
:10290000CCF0FA8635CEB229C94A5A492B8943A45C
:10291000477A94645316A7C30624691FCCF0FA863D
:1029200035CEA29648296949494B4A5A52D29292C9
:10293000969492A82D4E870D24741BBCD07AC22C7D
:10294000CAB4240DD5500DD5500DD5500D93308BF4
:1029500072240124751ECCD07A7224CAA6242B6955
:10296000253D92333514532DD60629C99128471297
:102970000024761CCCD07A7224CAA6242BE9911E9E
:10298000899B1EE9911E69A5249BEA480224771CB5
:10299000ACF07A72240AB324B425A1968452512A49
:1029A0004A839684591466090024781BACF07AA2F5
:1029B000216A4DB2588BB521D3233DD2A324CA92AC
:1029C000289B120024791AACF07AB2A935C9622D7D
:1029D000D6864C2B6925AD94445912655302247A4E
:1029E0001AACF07AA24189E2A41EC9991AAAA11AC6
:1029F000AA61126651982500247B1BACF07AB2A91B
:102A00002DA995B492B88949A695B45212654994F6
:102A10004D0900247C1EACF07AA221AA8449298C9D
:102A2000A43092C2481B243DD2A3244EA26888122F
:102A300000247D1DACF07AA22E4AB7A4A425252D32
:102A4000296949494B4A5A524AA2A4A90B00247E3B
:102A50001BACF07AA22EA6248B322DCAB428D3A2A6
:102A60004C8B322DCA92A85F00247F1EACF07AA254
:102A7000488912A55B52D24A5A498B322DCAB424D6
:102A80004CA2248B2A4B0224801CACF07AA244AACC
:102A90006849ADA495B428D34A5A492B2551964488
:102AA000152901248121ACF07AA22C891249A9258B
:102AB000252D296949494B4A5A52D2922129654903
:102AC000544B120024821FACF07AA2648912254B69
:102AD000B224D492504B26ADA495B45212654954F9
:102AE00091120024831FACF07AA2488912254BB2C0
:102AF00024D492504B262D296949494B4A49943494
:102B0000750124841CACF07AA26489122DA995B4B5
:102B10009216655A946951A6455912F50B00248501
:102B20001EACF07AA29648E99694B4A4A4459916EE
:102B3000655A52D292929634254B940024861CAC4E
:102B4000F07AA22E4AB7A4A425252D296991ADA417
:102B5000959228694A96280124871FACF07A12A919
:102B6000646954225189B4A4A42525A91249952841
:102B70002925A56489120024880BB7D57A52B9BFDC
:102B8000A90224890EB8D47AC6AC3DEE9E0F8A2CD9
:102B9000248A10B8D43A861CC98B3B92B70D912C6D
:102BA000248B16B9D37A86300BB3300BB3300BB30A
:102BB00070D87324D205248C10B8D43A062DAF0FE8
:102BC0003992B70D912C248D0FB8D47A862CAF0F83
:102BD00061D68F932C248E0DB8D43A06AD1ED77BC8
:102BE0009305248F14B9D37AD62CCCC22C9D933460
:102BF0000BB3304B375D249016B9D37A86B0166686
:102C0000611686838EE4488E8443A40B24911CB9FC
:102C1000D37AB24C4AB228C9A2248B922C4AB22849
:102C2000C9A2248B92ACA20B249217BAD27AB250CA
:102C300052B3344BB3344BB3344BB3348B7444245E
:102C40009316BAD27AB2504AC228097B4BA3388A6B
:102C5000A3385A7444249416B9D37A924DCCC22C1A
:102C6000CC22B11666611666C9A20B24951CBBD195
:102C70007AA25189D2244A93284DA23489D2244A77
:102C80009341AC86910E09249618BBD17AA2219368
:102C9000F2288FF2682DA6611AA66134E99000240B
:102CA000971ABAD27A32531CC5511CA951124649FF
:102CB000182561948459A42302249817B9D37A92D1
:102CC0002112B3302B466994466994466914E9028F
:102CD000249918BAD27A32532DAA45B54C8C6A5130
:102CE0002DAA45B54CD11101249A17BAD27A325384
:102CF0002DAA45B5A8966D699666512D5374442446
:102D00009B1CBAD27AB45252AA54936A5293922814
:102D10004CA23089C2241AA244470425A00DBBF15D
:102D20003AFEFFFFFFFF430025A117CBD13ABE4378
:102D30003AA4433AA4433AA4433AA4433A343C2540
:102D4000B217ABF17A732C87F6411ED46108872144
:102D50001B4EC365380825B315ABF17A732C8792E7
:102D60003C8BB3B49866799427C34125C619CBD15F
:102D70007A73681FD461C886CBF08764B80D433A74
:102D8000E83B940225C718CBD17A7328C9B3B4960F
:102D90002739A443499EA5B53CC9A11425CB1CCC19
:102DA000F03A8758D47224CA913AA6633AA6634986
:102DB0008E44399289F2100225CE20CCF03A875801
:102DC000D47224CAB4248B32298CA430D2A22CC948
:102DD000B4284732511E420025CF1BCCF03A8778E9
:102DE00018B4E1100D8764F8FF97E1100D876C1897
:102DF000E42104260516ABF17A732C87C6E1A00CFA
:102E0000B7614807751935AB02260617ABF17A731F
:102E10002C879270500625CFD24A3569D4AC0A006F
:102E2000264015C9D2FAD6AC1AA55975CF9170387B
:102E3000E6488E8400264213C7D3FAD22D69AAC56C
:102E4000E95649D524CB260030010833F33A32291C
:102E500030020B44F37A94484A140030030A445475
:102E60007B5A941600300514A9F1FA72244786297A
:102E70004D62394DF21CCA910830080DC3D8BA2AE8
:102E80005112B545591430090FC3D23AA22CCAA227
:102E90009628892200300A0EA616BBBA442D515B33
:102EA000D41635300B10A6103BA2B6A82D6A895A4D
:102EB000A22600300C0995373B8EFD08300D099491
:102EC000D2FAFA6D10300E1295373B6ECA90444913
:102ED00094444994441300300F1195D1BAA6244A62
:102EE000A2244AA26448B46130100EC5F23A5EA62C
:102EF00049739B0EC92030110EC5F23A0665886EE3
:102F00009E2EC30130130EAAF13AFE7FC8C9C3FF3B
:102F1000870030140AC3D8BA9252BF1530150BC3BC
:102F2000D33AB252BF9400301616C6D53A0E591293
:102F300055B2244BB2244BB2248B6AC930301716D9
:102F4000C6D23A2E59544BB2244BB2244BB224AAC7
:102F500064C31030FB0711903B0232201CCCF0BA46
:102F6000E22C47EA988EE9988E29C3A0E8988EE96A
:102F7000589223591C0132211DCCF0BAE22C47EAA9
:102F800098344C3AA6633AA663CA30283A96E44885
:102F900016470032221DCCF0BAE22C474AC3A46384
:102FA0003AA60D998EE9988E29C3A0D4912C8E0053
:102FB000322322CCF0BAE22C474AC39048498B9482
:102FC000B448498B94B448D222A589340C491DC910
:102FD000E20832241ECCF0BAE22C474AC324A6628F
:102FE0002A0D9318455A492B29C3A0D4912C8E0041
:102FF00032251FCCF0BAE22CCC9234948621D13108
:1030000031C9C424D34A5A494A933A92C51100326D
:10301000261DCCF0BAE22C4A932CD6622DB20CA21B
:10302000166BB156128728C9912C8E0032271ECC00
:10303000F0BAE22C478A9B9C6951A6459916655ABD
:10304000490A23254EEA48164700322821CCF0BA17
:10305000E2AC9884A934686292894926269916259B
:1030600089162589942D75248B230032291CCCF0D8
:10307000BAE22CCC923454433594862151433554D2
:1030800043354CC2AC1C014E00092CB0FBB1647836
:103090004E0117BCF03A3EE7600EE6600EE6600EA9
:1030A000E6600E253916034E0317CCF07A7330070D
:1030B0007330542379088724077330ED79184E074D
:1030C00015BCF03A3EE6600E0E731887719876AC28
:1030D0006471064E0819CCF0BA733007D3E139CFCA
:1030E000F22C47A21CD2C11C52C475084E0910BC58
:1030F000F07A8643CE4FC3A0F3CBF0004E0A18CC33
:10310000F07A7330077330078739077330077330ED
:1031100007E3E1014E0B19CCF03ABEE6600EEA5827
:103120009243919EE539988339988331004E0D176B
:10313000BCF03A3EE7608EE5989227511A658D49BA
:1031400058CEC1184E0E1BCBF0FA722CC78641CB5D
:10315000B11C1B061DCBB161D0722C4F7228024EE0
:103160001118BCF0BA8641CFF22CCFF22C1C0639D4
:103170008CC3388CC368784E1319CCF07AF3E11005
:10318000E7583E3CE6580E0E438EE54A8EE5680849
:103190004E1417BCF0FA86398CC37898C3388C87E4
:1031A000398CC338CC86074E161ECCF07AB330CAA1
:1031B000C2288B86A75A1865619485D120465998F4
:1031C0008339381C024E1819CCF0BA8770C8911C8C
:1031D000CCC11C1C6E611CC6611CC661383C4E19FA
:1031E0001ABCF03ABEE6603E1CA22C8C322DEA25B9
:1031F0008BEA481427511E014E1A1FCCF03AA31C2B
:10320000897224CA91A89245BD8449948449A447EF
:103210003912E548140E0F4E1B1BCCF0FAC2388C45
:10322000C3388CC334C9D228A9556A6196646A8EA2
:103230000E0F4E1C1ACCF07A73301E1E931C89722E
:1032400024CA877B8E44C5AC5409D3184E1D19CCB3
:10325000F0BAD21ED3A89225D1100D611AA6E1A012
:103260000C3AE3F0004E2219CCF0BA876CD0C17C46
:1032700038C439180FAF3916E5613A0C6A094E2483
:103280001BCCF03A3E463912A5C321EAFFA5A24461
:10329000491499C22847A278014E251CCCF07A86A1
:1032A0008398A54996849A9C85C341C9C11CCCC109
:1032B0001CCCB11C044E271BCCF07AF3E110E7487C
:1032C000544E8AC3531D89B2304BD2304E32511600
:1032D0004E2A1ACCF07A7330C7921CC9E2A898958E
:1032E000C250CDC11CCCC11C8C014E2B17C9F23A67
:1032F000F2248EC2ACACE7488EE4488EE4488E845B
:10330000004E2D17CAF13A73281D0E5AA8855A3857
:10331000BC857528877228054E3018CBF07A732C3F
:103320001D0E6A8EC5C339C7D2E1A0E6588EA5002E
:103330004E3219CAF13A73281E06A9160D839A0E49
:10334000072DD4C2E120E6500A4E3422CCF0BAEA6E
:10335000481427D13028F5440B93344B9261489A96
:103360002A4DB524AA25C3902569024E381CCCF0FD
:103370003A73300773641872248A9328977244C989
:10338000937A560AB379084E3918CCF0FA86216D33
:10339000C9D2A81A554BC35BDA1887952CCE004EBC
:1033A0003A15CAF13AE3284FD2E11076D44AB5A8CB
:1033B00039C965054E3B18CBF13A73301D0E6A8E44
:1033C000E5583C9C732CC7722C1D0E024E3D18BC58
:1033D000F03ABEC3433444FD498994289112A9FFB1
:1033E000172951004E3E1DCCF07AA2B0548D927038
:1033F0003888591C15934189C2508D87839C83312D
:10340000004E4318BBF07A866B16677194278316BB
:1034100067719447799226F5084E451ACCF03A73B5
:103420003007873CCBB3388BC31C4B7224CAC334E0
:103430008E74444E4817CBF07A732C87722C8AB363
:10344000344BC376284B6BC3290F4E4919CCF07A05
:1034500073344AA36A639EE5510E2539966349AEDB
:1034600049BB004E4B1BCCF03A733407A370B843F2
:1034700039966339966339A44375241B06014E4C73
:103480001ACBF03A736418C2344CC34CCDB1E18E00
:103490000DA71CCBA31C51004E4D18CCF0FA723076
:1034A0000787533D8BC361CEC11C1CE61CCCC118E1
:1034B0004E4E19CCF0FAB761C7A2342A2775281EE0
:1034C0005E7330077328C9B11C4E4F1BCBF07A07CF
:1034D00065D0B11C8C87418772288772284774A4F5
:1034E0009E0D43004E501BCCF0BA8770C8911CCC87
:1034F000F22C1F0E712E2569166561B686E10A4E03
:103500005219CCF0FAE5214772300787412C87D950
:10351000F04EC9B11CD231004E5317CCF0FAD54150
:10352000CFC11C1C6EF52C1DDEA9399AA30A004ED2
:103530005419CCF0FAB76187F2E1AD9C8649964404
:10354000B548AB67719816014E561CCCF0FAB761BE
:10355000C7E2E12D290E49294C9235292BA5442992
:10356000CD3918034E581CCCF0BAC74107E3E12D02
:1035700029254392AC4929794CCA514DCBD630010B
:103580004E5919BBF13ADEA11CCAA11CCAA11CCA22
:10359000A11CCA211D4A8643004E5D19CCF03A7326
:1035A0003007B36C38C4599EE5599EC5611C46D599
:1035B000681F4E5E1ACBF0BA722CC78641CAA11C96
:1035C0001D762487722887F228CF86414E5F1ECC55
:1035D000F0BA733047A2488C9630D1B2254B94286C
:1035E0002946D52847F22C0F87414E6016BAF13A8A
:1035F0001E72284BC3EE492A65E210E7498E24006B
:103600004E6119CAF13A732847B2300B071D09B34E
:10361000301A861CC9915CDD014E6618CCF07AB375
:103620003C54864B9AE5599E45C36B4F499CE53106
:10363000004E701CCCF07A86838E855139C9B31C3C
:1036400089D2E139C7921CC95275D091044E711EBE
:10365000CCF03AA5708CC338CC862189C3380C07CE
:1036600029CCA2308B2A8354C9B2014E731DCCF0F1
:103670003A8770488A51528D8AC39223519EE54BF6
:1036800038647956A995D2214E7E1DCCF0FAC26CD1
:103690001892381C924149B3E82046596DD0D23077
:1036A0001B96ACC7214E8618CAF13A1E7224477287
:1036B0001DC9A11CCAA11CCAA13CC991144E881ADB
:1036C000CBF07A864187622587D2E1A0667194E7C4
:1036D000588EE5481D8A014E8919CCF0FA72709017
:1036E000B378B867D1F09AE55936DC7328C9B11CB4
:1036F0004E8B19CCF07AE3E1354786218D8AC33DA4
:103700008B86D72C1BEE3926034E8C0C8C30BB8657
:1037100041E73F0E0F4E8E1ACCF0BA864147723009
:1037200007D3E13907733007733087921C8B014E42
:103730008F19CCF0BA8621671E1E732CC7864107ED
:10374000733007F3288744004E9118CCF0BA8641B5
:10375000E76D78CDB11CCCB1308DB3E190E50900B7
:103760004E9217BCF03A3EE6600E0E6B18877198C9
:103770000E3B9883E1F0004E9419BCF07A86439C8E
:1037800083399823C39067799667711887D9F000B9
:103790004E9518CBF0FACA599C65C3412B677196B8
:1037A0000D07AD1AA66135034E9A1ECCF07A8643FA
:1037B0001AE5489423511AF55B12256112E9518EDE
:1037C00044391285C3034E9B1CCBF0FAA23C6A51CC
:1037D0006A4924265196244A3684430E0F43CE3636
:1037E0001C044EA119CCF07A733407D3E12D077372
:1037F00030077330077330078741014EA219CCF0B0
:103800003A73341EDE29839EE5599EE5591C46D540
:1038100028C917004EA419CBF03A73301D0E5AB5C3
:1038200096644929CB931CCAA124D6245D4EA519C0
:10383000CCF07A73341D1E73AC3CE8589447E9947D
:103840006349AE497B024EA61DCCF03A73341E1E6E
:10385000A31C89E2244AB2A8258B8A599EC551929D
:103860008629004EA71ACCF07A73341E0E62962376
:10387000E5E110E5600EE6580EE6580E024EA81A75
:10388000CBF07AD3E1A0C3C310A6E130E4F830E86E
:10389000480EE5481D8A014EA91DCCF07A73341DEF
:1038A000DEF16110B328CCA27018C42C0AB3281C16
:1038B00006318E004EAB1ACBF07AD3E1A0C3C31011
:1038C000A6E130E4F830E848381CD41C59014EAC6D
:1038D00019CBF07AD3E1A0C3C310A6611A0E435EE0
:1038E0004AC22C6AC9D2184EAD1ACCF07AE3E12D47
:1038F0008C879D323CE458340C3A92833998632A81
:10390000004EAE1CCCF0BAD3E12D4D8721A70C0799
:103910002587926890C22CCFE2304AE4014EB21B58
:10392000CCF07A73341E0E613D0A87E77838E439AB
:103930001225691665D196004EBA1BCCF07A733009
:10394000077330077330C7921C4A72248BD3301F21
:103950007228014EBF1DCCF0FA723019B6384C43B4
:10396000B192E5591EE5489423E52889A368180219
:103970004EC019CCF0FAEA591CC661AA0C97300E59
:10398000E3300EE3300EE330044EC11CCCF0FA728B
:1039900030C7A261CB311D4A7230077330077330D4
:1039A00019062987004EC520CCF0FA727018C4247D
:1039B000CCA22C8CB24CCAA2244BD22C49C3384B7B
:1039C000D2280B93544EC61ACCF03AA31C89F22C81
:1039D000CF624D4CB224AA455AEF599EE559084E84
:1039E000C721CCF0FAA21C89F22C4F864D8B2A59A4
:1039F0001466519845619485519644499844B200A3
:103A00004ECA1ACBF07A732C87923C4B932CD2324D
:103A10001D1E861CCAA11CCBA1144ECB19CCF07A5A
:103A2000735087EA611A47529688599EE5591CC619
:103A3000615A034ECD1CCCF0FA723019B63E695172
:103A4000258BA62C8CAA5135AA464996646A044E49
:103A5000CE19CCF0FAEA599EE5599EE5599CB42658
:103A6000AD51D6539A4479004ED119CCF07A7350A7
:103A700087EA611A474AAC6572A2233A96360F1359
:103A8000004ED31BCCF07A735087EA611A47CAB054
:103A900068619C4471A4C7619C0E43024ED419CC4A
:103AA000F0FA9261C8E22C0ED350CD926418A4B4FF
:103AB000BF256918024ED51ACCF0FAEA591CC66126
:103AC000AA0C97300EE3300EE3300EE36858004E38
:103AD000D624CCF0FAEA591C2551162583224D49EB
:103AE00032245116255116258916257194645135B5
:103AF000CA86014ED71CCCF0FAC2384C5B864151C5
:103B0000B324AA66499A256918876A168589284EBA
:103B1000D81CCCF0FAD2C6384C864191A324CAC234
:103B20002C0AB3288CC338AC8469064ED915CCF066
:103B3000FAC2384C9B5AA49212F5FF7F1A86A81A33
:103B40004EDF14CCF0FA523119D28E6A9624C3207B
:103B5000A5FD6F004EE31BCCF0FAA2248E8A599E7D
:103B60000DCBB026599EE5611CC669544EA25C4E31
:103B7000E41BCCF07A735087EA49946651A423D2AF
:103B800030E4602CE5900EE668084EE519CCF0FABA
:103B9000A12C0AB37ECFF22CCFA22C4C424D8C121A
:103BA000B1A8064EEA22CCF0FAA21CC9A22C4AA265
:103BB0002C0A23298B92280BB324CD92348CB32466
:103BC0008DB23049054EEC1DCCF0FA921CAA0C5176
:103BD0008E44D5444A95288DAA5135AA46D5A81AAF
:103BE00015054EF01FCCF0FA227D1AA2248B2A591B
:103BF000942859A4D4A24A165592A922B52652DA7D
:103C0000064EF216CCF0FAC2384C9B8621914A4AF5
:103C1000D46918A25EFB0D4EF617CCF0FAC23889B3
:103C2000D2A81A0D939255D2CA304869FF064EF7B2
:103C300020CCF0FAEA599C256994654ABA645198F7
:103C400045611685591466511865611246004EFB90
:103C50001BCCF0FA7230DCA2394CC54A1827C320BD
:103C600085711887711827C3204EFD22CCF0FAC247
:103C7000384AD22C0AA32C53D2A434285116855981
:103C80001466511865619414932C034EFF19CCF0FF
:103C9000FAEA61DA320C8A9626D9A0F59FC22CAADC
:103CA000644918014F011CCCF07A735087EA611AFD
:103CB000659116AA39120D699423518E44F1F000D2
:103CC0004F0A19CCF0FA723019B63E29C325EBCB56
:103CD0003064F52847A21CA9034F0D18CCF0FA72E6
:103CE00070388571988A956418B230CAFA7F1906BF
:103CF000014F0E1ECCF0FAEA599C0C8314A66225E3
:103D000019862CCAC2280BB3240DE32C1113514F72
:103D10000F1CCCF0FAEA591296B23055864B188730
:103D20007196A45992465998A4991E4F1021CCF02F
:103D3000FAA2248E8A599E2543320C61924561165F
:103D4000855992867196446D4994A4024F111DCCF9
:103D5000F0FAEA591CC6C9304462255BB3354A8A79
:103D600051524CA29A560A43004F171ECCF07A7358
:103D700030C7921CC9E25452C2440BE3304DA22416
:103D80008C925A9825611A4F181CCCF0FA2A6916A1
:103D900065619C0C832256423554B324CD9234EA9B
:103DA0002FE1004F191ECCF0FAEA591CC6611449E4
:103DB000492989123589E250CD92348BC228CC92A0
:103DC000384F1A1BCCF07A735087EA611A47CAB091
:103DD000E8F07088732CC7C2741824004F1E19CCE9
:103DE000F07A7330C7925CB36553735287E2E12077
:103DF000E7600EC6004F1F1FCCF0FAEA599C0C83F7
:103E000014A6D2B014E36418A4308BC2A41446598B
:103E1000188721004F201BCCF0FAEA591C0D5B9843
:103E20002AC325CBB33C1AB638CC92348CD30C4F72
:103E3000241FCCF0FA921C4A72241A862889D22DAB
:103E40004CA2610BA32C8CB27EAA644918014F26A8
:103E50001ECCF0FAEA599C256994654ABA4879164D
:103E60008559926672164659188583004F2A20CCD0
:103E7000F0FAC23889D22C498BCA7009B328948AC7
:103E800049298B92280BA35A122569024F2F1FCC68
:103E9000F0FAC2388BA36188AA89942A511A45C3C3
:103EA0001055A36A548DA26188AA014F301ECCF030
:103EB000FAEA591CC6C9302862258CA3618BC22C32
:103EC0000AB328CCA2618BC2044F341DCCF0FAEAAD
:103ED000522D4AA22C4A6A622519862C8CC3783846
:103EE00044611CC661084F361BCCF0FAEA599C2588
:103EF0006994654A5449C4A80E46C31687D9DA1C8A
:103F0000014F381ACCF0FAC2384CA36188BA482560
:103F1000251A86A87F1A86A8D736004F3A1FCCF0FC
:103F2000FA723019862847A26458121D51A221EA5C
:103F30003F0D511D89E224CA13004F3C20CCF0FAFA
:103F40007230CEA224CAA24A24559AC22C0AB3289F
:103F500089B2480A134D4BA39A164F4319CCF0FA75
:103F600072301986A8BF482525EA340C51FF4FC38B
:103F70001055034F4620CCF0FA723019B628CCA267
:103F8000309286A5146651984561160D5B0EE66069
:103F9000320C024F4D1DCCF0FAEA619A83C93028E9
:103FA0003A9444591865611685599236C6C9300845
:103FB0004F4E1CCCF0FA523119D2A81A15A55A123C
:103FC0000D43D41A55A35E9AA249EA004F4F1DCC67
:103FD000F0FAA21CC9E2304E8641112B611CC6D1F9
:103FE000B08571188771320C024F501DCCF0FAEA7F
:103FF000599C0C8394C55A9A4439120D5B92A54979
:10400000968A69CB30084F511CCCF0FAEA599C0CC7
:104010008394C55A9A4439120D5B52CBA4ACB74174
:104020006B014F531DCCF0FAEA599C0C4316A6DAEB
:1040300096444931896A5A291AC472188721004F57
:104040005520CCF0FA723019862CCEF22C1A9248F8
:10405000AA3455B26848B2A892E5599A6471044FDF
:10406000591BCCF0BA732CC9912C55236558E478B0
:1040700038E4391215B3525855014F5B23CCF0FA8E
:10408000A2248E92341986484BBA0C4396B426ADBE
:10409000C930485912D512256AC9922C034F5C1DAC
:1040A000CCF0FA921C4A72241A8628294F69920D84
:1040B0005A3DCBB341AB677996024F6022CCF0FA00
:1040C000A21C89F26818A262A444499484719414D1
:1040D000A324CA92288BB452186722004F631ACCCB
:1040E000F0FA72301986A8BF48C3A044FD6918A22F
:1040F000FE258B2231114F6923CCF0BA869B1C25FB
:10410000C9B0285954498629699192162969919212
:104110001629A90C4A2D52C42C4F6C20CCF0FAEA77
:1041200059291AB6308AC4244A926190C2388BB495
:104130006848936294855138084F6F1DCCF0FA920D
:104140002C8D8A69651814B112C6C93064611CC609
:10415000C3210AE330044F701FCCF0FA865B9886C7
:1041600071984AC3520AB328CCA2618BC22C0AB3FD
:1041700028CCA261014F731CCCF0FAEA591C0D5BEC
:10418000988A956418A4300EE368D8C2388C93617D
:10419000104F7F1ECCF0FAEAC3298C93618894A853
:1041A000D2544B86214BA2384AE22C8F12751C4FF9
:1041B000841DCCF0FA72703865799465CA3024F5A4
:1041C0002C8CC33819862C8CC37838044F881ECCAD
:1041D000F0FAEAD1A0455998348A952C0A136988D7
:1041E000C22C8A945A1C866AB2024F8B22CCF0FAF7
:1041F000F26C986A61544B1269499452524AA2A4D3
:10420000A474CAA224CAC2A81A25A9004F8D1CCC26
:10421000F0FAEAC9B08571982AC3250E9361906AB5
:10422000611685715809D30C4F9727CCF0FA72703C
:104230003825719424439228B15219922829255186
:10424000524AA22419922889A3244CA2244D004F3B
:104250009B20CCF0FAA26A54CCA2301906458B2AD6
:1042600059146651381CA22C0AB3A6344AE2004FF6
:104270009D20CCF0FAA21CC9E26418A430D5A4A4F5
:10428000148989942A511A6561941423AD94064FB8
:10429000A01DCCF0FAC2384C936190D2502A295913
:1042A000524B86414A8B495809B316354FA321CC4E
:1042B000F0FA723019B628CCA2309286A51466396D
:1042C000980C8394C4511247C93048491C4FA51E0D
:1042D000CCF0FAA21C1906AD1E269928299134E5C6
:1042E00060320C5296A45912F5251C4FA618CCF03A
:1042F000FAEAD9208571340C89942A51FFFFD294AF
:10430000B5A8014FA719CCF0BA72241AB6484BFAD7
:104310007F59FAFFFF9B9844958E49024FA822CC03
:10432000F0FA523119D2304E8641D1A24A14664970
:104330002989B228CCA2308BC2280B9330024FA916
:1043400020CCF0FAEA5192465998A4D132284A0E6C
:1043500026C3208571964759980C439627004FAE87
:1043600023CCF0FA921C4A8621AA239541929228E6
:104370002955B26418A44A9445952C190629CF52A0
:10438000094FAF21CCF0FA92412DC661320C8A144C
:1043900027C9306449146B71320C5296A451162609
:1043A000A9004FB51FCCF0BA92618CB368D8F2481F
:1043B0001AB61C4C86414AE2281AB65218AA83340F
:1043C000044FBF20CCF0FA7270388571320C911214
:1043D000552AC39025512D19862C4AE22C8F12752F
:1043E0001C4FC321CCF0FA92614CC22C0AB3288C2A
:1043F000A46129C6511247C99045491C257192C82C
:10440000E2104FC421CCF0FA3279486A95A896841C
:10441000CA70C992345BB248A92D5198454994B4E9
:1044200048952C4FCA1FCCF0FAEA51561A94288BA3
:1044300032294C9AB2281BB4480A433554B3284C4D
:1044400044014FCF21CCF0FAC23889DA925A1A4A85
:10445000C3A04469140D43548DA26188AA512D89CB
:104460008A09004FD025CCF0FADA8630CAA224CAD5
:10447000A224518645C9A2248A96525251A2A494DC
:1044800044591865619465024FD71CCCF0FAA26AB2
:104490009495D2288952514BB2288CC26C19A6AC83
:1044A0006F83D6024FD81CCCF0FA5271985AB228BA
:1044B0004B4ACA3024E530AD0C8394764BD230049D
:1044C0004FDD20CCF0FA92614CC22C0AB36898D42C
:1044D0002C492BC320856A968851254BB2A89A0196
:1044E0004FDE23CCF07A732CC9912C4E1649479499
:1044F000214AB2A8920D519245956C88922C0AB32C
:104500004493004FE11ECCF0FAEA619A0C83946365
:10451000D2B0D4C168D872301AB628CCA2308B86FB
:10452000054FE925CCF0FA865B54CCA2301906453C
:1045300029254A53122589524A5AA4446A89B22825
:104540000993284913004FED20CCF0FAEA599C2535
:104550006994654A9A24CAA04439984459D492452A
:10456000952C0E9361104FEE22CCF0FAA21C898696
:1045700029A955A224533229A9485222A549948435
:10458000495325AAA56234024FEF20CCF0FAC27835
:10459000382569964425A596540E5152AB744B4A62
:1045A0005A52CBA42C9322054FF122CCF0FA9261FF
:1045B0004CC22C1AB6288CA461298559346C5198A8
:1045C00025C320655118855912074FFA20CCF0FAFF
:1045D000EAC3294B42292925D1B0254A53348851B1
:1045E000528C06B1168559940E01500D20CCF0FA6C
:1045F000EA619A0C83548CB4A8920C839483D1B052
:104600004561168559346C519800501225CCF0FA4A
:10461000F26C98DA922889928A322C4A1625511621
:1046200025513224A52C4AA24C8B122D89F204501C
:104630001420CCF0FA869B1C2571940C83A26495FF
:104640004E95A64A324C4996264D95A6481A0650D4
:104650001826CCF0FA92A81625512DA9A5A1325CF6
:10466000CA51920C49949492284986244AE2280916
:104670009328491300501921CCF0FAA2212D26C30A
:104680002025652519948A9426599A0C8394646987
:10469000122561D69406501A21CCF0FAEAC93044AA
:1046A000619C25A19445C97088F22C1A922CAA64A9
:1046B000D1906479962E00501F21CCF0FAA26A5452
:1046C0004C8641CAA24C192E39180D5B1466D1B024
:1046D0004561160D5B14260050211FCCF0FAA24153
:1046E0008CB2DAA03569835207A36188AA51340CD1
:1046F00051358A8621AA06502621CCF0FAA462D22E
:10470000584E8641D1D2241906A99825C9904459FA
:104710001466899885513808502A20CCF0FAEA8925
:104720003455A36859A45489D2281A86A8D294452E
:10473000611625512D899254503A20CCF0FAEAC3E3
:10474000298C936188C44A320C520E46C3162551F7
:104750001625515649134D01503C1FCCF0FAEAC3BF
:10476000298CA36192C2A4346C519845C316855913
:10477000346C519825C320503E24CCF0FA72301A84
:10478000A6244B9368509421534A49298992521286
:1047900025A544699A92304DB24C0B504723CCF07A
:1047A000BA92439414A3A418258744C993E410250E
:1047B0005954C9A2CAA42561254BB224CA02504F3C
:1047C00021CCF0FAC2381986A81A45C39048711254
:1047D0000D435469AA3445C310254A93D2A92850E1
:1047E0005A22CCF0FA92284EA234AA0ECA90484916
:1047F00094942A59B2D4926E49294CA630E916668F
:1048000001505C1DCCF0FAEA619A0C839463D2B03B
:1048100094C22C19062989A368D8D26E1B00506552
:1048200025CCF0FAC23451862CAA444A320C492DC8
:10483000C91265C8A2AA920C5992A549324C4A9451
:1048400066C300507625CCF0FA92614C4A59346C1C
:10485000511245D2B014E36418A424CAA2244A4ACF
:10486000C9B044491C25A900507726CCF0FAEA517A
:1048700092465998248BB22395218B92282925435F
:10488000524AA2A4940C492989B228499401507F24
:104890001FCCF0FA92A81625B5B4320C8A122BD18F
:1048A000B0E560320C5218672DC3205503508025A7
:1048B000CCF0FAA21C19062D896AC930444A54A9C1
:1048C0000C43560A33258C12258B92414AA22C1296
:1048D0008700508522CCF0FA4AE1700AE36898A478
:1048E000244A4AC3162551160D5B944459320C5282
:1048F0001685A904508820CCF0FA9261C82A613448
:104900000C51A5454A2A4A340C515A1906292D8EB4
:1049100059528B1A508D1DCCF0FAEAC3A9989532E2
:1049200065B8D4A2CA3048599E0D5AA74A96841138
:104930000050A31ECCF0FAEAC3A0D5936188B4342A
:10494000190E5112D5944ED99A28452DCA321150BC
:10495000A821CCF0BAD2548C922819A438492CC37F
:10496000126561140D51456A1AA24889FA3A240069
:1049700050AC21CCF0FAC238899A8621CA9250AA4A
:1049800025D1304489942AC310B546C310B546C317
:104990001050B220CCF0BA922C1D9430CAC26438A8
:1049A000484DC310F5654AA2A4A425B54CAA4415E8
:1049B0002D50BB22CCF0FAEAC9304495A62E5252B3
:1049C00051A261888A59920C4994456194A8611258
:1049D000469A0050CF21CCF0FAA2214DA2341906FC
:1049E000A98B340C4A1646891265153151C62CA97B
:1049F0002552A30650DA1FCCF0FAEAC329E99654EF
:104A00003469582A5A12458318656134884954D349
:104A10004A990850E722CCF0FA92B0544C86414AA9
:104A2000A4C452B124C320E560346C519845C31628
:104A30008559342C0050F323CCF0FA865B94A4C93A
:104A400030484953A20C972889B24C09874394AD4A
:104A500051524CA2480A430050F525CCF0BA92615D
:104A60009072301A26298992D2B045499425C320E4
:104A700055A22C1AB62889B22889B2E11050FB261B
:104A8000CCF0BAD27490B2241A9652525186284B66
:104A9000B2414986284B94285392618992288BA66B
:104AA0002C8F00511222CCF0BA926190C2381906B4
:104AB00025AA25D9622D0D8392968641899252129C
:104AC00025A5244A0551211ECCF0BA9261C892A8AE
:104AD0006918A22ED2304439980C977E192EFD32D7
:104AE0005C6A05513F19CCF0FAEA599EE5599EE5FA
:104AF000599EE5591CC66196A4993E04514119CBB3
:104B0000F07A732887B2B4361CA36294477914678D
:104B1000A52C5B8700514316BCF0BA8641E76D783F
:104B20008C7224CAB33C2B85D93C04514419BBF088
:104B30007A86418BB3388BB36150A33C8AB338ABD0
:104B400084993C0451451BCCF07A73341D1E732CA0
:104B50004C87418E9238CA9128CF4A61360F015155
:104B6000461ECCF03AA31C89D2A82D89923089F434
:104B700028973625AA44599E95C26C1E0251481C9E
:104B8000CCF0FAA21C89F261D0C21C8C878318E594
:104B900048946779560AB3790851491BCCF0BAF3A7
:104BA000AC1895933A940E8F518E443912E55929D9
:104BB000CC927808514B1BCBF07AD3E1A0E6C3101E
:104BC000A6611A0E4398342779944559B60E0151BF
:104BD0004D1ECCF03A736C90B3743884511646591C
:104BE000380C62528A931C89C2280BD74151511B41
:104BF000CBF0BAD25A9EC4C310A6611AA6E130A463
:104C0000511E655196AD430051541BCBF0FA7268AA
:104C100058B374B868A5AC345C931C698D925296F5
:104C2000AD4300515A1CCBF0BA5A93DAF00E29C3A7
:104C30009044699886C3102779944559B60E01515E
:104C40005C1ACCF07A736548A49E86A87F5286448D
:104C5000A7453912656D433A04516224CCF0BAD2AB
:104C60006C508629CD066550B2244BB2244B0665A4
:104C70009092B0521113A5A46449A4690351651B15
:104C8000CCF0FA7434077330C7921C4A7228C99169
:104C90002CCFE234CCA31C1251681ECCF07A732CBA
:104CA000C9912C4EC33C4A86215173304786214717
:104CB00072301E0E0A00516B16BB11BBF3288FF227
:104CC000288FF22C0DD35A9CE5490E05516C17CC58
:104CD000F0FA6B79983667C5244CC31C8CF2301DF2
:104CE00006B504516D18CCF03A73340773E2F04EF8
:104CF000C9F2308DC338CB913A9400517013CCF087
:104D0000BAE234CC49C321E7711874DE86075171C9
:104D100019CCF03AB33CCBB37038A4599EE5593660
:104D2000BC93B238CD7401517317CBF0BAD25A9EEE
:104D3000A4C339C7D2E1A0E65092676949175174FC
:104D40001ACCF07AC3280BB3521A55C31C0B8777C1
:104D50005216A7611EE54802517519CCF0FAD541EB
:104D6000CFC1E116C6611C86C33B254C6345471283
:104D70000051761ACCF0FAC2703884E5610EE33047
:104D80001EE6301BDEC234CE72240151771BCBF0FD
:104D9000BA86214CC36108D37018C2341C86308D8A
:104DA0008683562DE902517820CCF03A931C4AE2D2
:104DB000E116255116255136DCA224CAA2248A8682
:104DC000B7729AE90A0051791BCBF0FAC238CA8649
:104DD0008314A6612989924119C29E926C580631AA
:104DE0000D517B1CCCF0FAC27038C439320C7A3CBD
:104DF000BC85691225915412A33C8BC310517C1DB4
:104E0000CCF0FAC23C0A87C7281DCE51120D8F5133
:104E1000920D57494DA224924A02517D1ACBF0FAC5
:104E20008AC3292B0DA7AC34DCD1E1A0C3C310A6E3
:104E3000E130440051801BCBF03A9328199439C9D2
:104E400086A7C66108A3DA7008A36C388851785128
:104E50008519CAF13A73281D0E5AA8855292492520
:104E6000254CD6444774441751881CCAF13A1E7425
:104E7000444EA42CD19248CCB42492B24409131DC0
:104E800091133D01518917CCF0BA73301F6E6DC379
:104E9000AD2FC3539EE5599A647104518C28CCF010
:104EA000BA8664C8A224CAA224CAA224CAA2244AD6
:104EB00086A74A944549944549544BA25A1225590C
:104EC000122900518D1DCCF03ABEE6C8308851162B
:104ED0004659380C62948551160D4F711887A904F4
:104EE00051921ECAF13A1E744419161D51862507A7
:104EF0008741CAA2484BA224936AD1302800519519
:104F00001ECCF0BA86418CC36448C2381DE42C1E06
:104F10004E499485C3204759DB900E0151971ABC26
:104F2000F07A86839223757CD0B33CCBB3529845FC
:104F30006196A4993E0451991DCCF07A86839243E0
:104F40005A9A0E738EE5E030E860340C4A0EE6485B
:104F50001DCB00519B1CBCF07A8683928549982317
:104F6000C320273912E5C3A023E9F09C832900510F
:104F70009C1BCBF07A732C1E0E5A1A2679548C92F5
:104F800050CB942C0ED3240BD50051A022CCF07A18
:104F900086839243499E4443964383324C61122553
:104FA00061122561125632A5148BC31051A41CBC8A
:104FB000F03A3E647136AC61381CC2280B8741D789
:104FC000A1A4944595211C0451AC19CCF0FA72703F
:104FD0001842B1548774A82C4A9A3D477434474309
:104FE0000051AF20CCF03A872947B230CA92A81AB4
:104FF00015A36188726487926858EA50924339A475
:105000000051B01DCCF0FAD37218A54A314AD42809
:1050100011B3A42455B2A84B56C9921C4B0151B2EE
:105020001BCBF0FAB3384CC3681832A9256A89A2A1
:10503000C390442D6998E6580651B317CBF0BAC314
:10504000B434EC51562A4695E11A56B2A66A960730
:1050500051B520CCF03AB26188AA513554B36418E6
:10506000B2A4539864621256C22CAA445994A50360
:1050700051B61CCBF0BAC3B4164761960C439427C3
:10508000D1B04861548C8A5134AC610251B71BCC09
:10509000F0BAD354CDA2300A432993C234198648BA
:1050A000CF4A61A8D6D10C51BB1DCBF0BAC368184A
:1050B000942C8F923489F26148D24C4B4A5D6A51EC
:1050C0009225611151C01FCCF03AC23C1BB4288B11
:1050D00087410BA32C1906298C126918A2B45B9284
:1050E00063290051C420CCF03AD2381A06258CE24C
:1050F0006190A33019C62C8A94E19245611685A16E
:10510000128B0251C623CCF03AC224CDA23049867C
:10511000214BA23491D26858B428CC86298BC22C5A
:105120000AB36148630051C91DCCF0BAD3384D862B
:105130004B0E27831865619445DAA0A5B5A41635F2
:10514000465A0051CB1ECBF03A87418B2AD13024EE
:1051500051E33044491A25C929E994F4B43427B2FB
:105160000051CC1CCCF0FAC36C18A2B4793844B509
:105170005292254A3424B5A6A418CEDB0051CF2183
:10518000CCF0FA2125475A865B1A0E4B96A449CBE0
:10519000924849458992252A2A511829991851D1AE
:1051A0001FCCF07AD23819862CCC916108A33C1917
:1051B00006294913259A92B4320C52563551DB1EFA
:1051C000CCF0FAC368B844495365496BC9306439B7
:1051D000A40D5A0E26C3256A8CB40051DD23CCF0F1
:1051E0003AB2248E94418992D6294CA2414AA6A46F
:1051F0005BA40CCA9225B52851B2285AA34C51E0A1
:105200001ACCF0FA063DCBB33CCBB33CCBB33C8BD2
:10521000C32C0AB324CDF42151E11CCCF0FA863919
:105220008CC33889E22889A3248E92384C4BD52828
:1052300089231D1951E421CCF0BA86418CC36448FE
:10524000C24A9844491825C52C0AB3288C92A62432
:105250004ADA911D0B51ED1CCCF0FA522D19D430C5
:1052600055864B1847C396C3839EE55994855122B2
:105270000F51EF23CCF0BA7228A90C51D2140D4A69
:105280009423513428519C44D1A044D5A8254B9453
:10529000284BA67051F025CCF0BA86418CB230195B
:1052A000923089923019923089927018C42C0A93E6
:1052B00021698C92CAB0EC580051F31FCCF07A8669
:1052C000A49864499886C9A04439A40D7A160EEFB3
:1052D0009441CFA2641C120051F61CCBF0FAB32803
:1052E0008BB42413439B966452162961A4433A3429
:1052F0003CE4500051F81ACBF0FA06398BB3388BE6
:10530000B36CC8061DD2211DD2A1E121870251F93B
:105310001CBBF13A866C90B248CA22298BA42C920D
:1053200006498774488786871C0A51FA19CAF13AD8
:10533000E3288B6A512D1A063587D22CD4422D1CB6
:10534000DE910051FB18CBF07A732C1ECE39960EED
:105350000735CE4A59292B0DA73C0151FD1CCAF136
:105360007A86414772248D2A515291124994942889
:1053700049B6680B87772451FF22CCF03AA3346AF0
:105380004BA2241A1EB3304BA2CAB044611625C3E7
:10539000128559341CA21C4900520012BAF17A86B7
:1053A00063FF2DCDD2284EC2A41C0152011ACBF0AE
:1053B000FAA16838E4508EE5519CA561A6267A8E44
:1053C000E5490E650052031ACBF0FAA16838A459DA
:1053D0009C95B2521615D3B01AA6592552330052D5
:1053E000061CCCF0BA7324CBB3380DF328198644CD
:1053F000CCF22CCFE2308D92344C01520721CCF00C
:10540000BA7230190629CCA2308BA66C08B328CC0E
:10541000A2A418496194856994A46104520A20CB1E
:10542000F0FAB16410B330C9C2240B9361506A61C1
:105430009285491626599C8549962600521120CC02
:10544000F0FAC16418B2A89644B524AA25C3A5549D
:105450004BA25A12D5925A9A6415B102521221CC1B
:10546000F0FAF22C49B3A8920D4A32A8491655B267
:10547000A892255912C6619455BA68150052171C96
:10548000CCF0FAC16110B330CAC2289BFAD21469B9
:10549000A5308BB23CCA911D1152181CCBF0BAF248
:1054A0002C1E8624CAA330AA445DA25A29933A2608
:1054B0005994E84802521920CBF07A862D09B3A4FA
:1054C00094744A3A259D924E49A7A4A6255131C904
:1054D000A244471200521A1ECBF13A0E999AA949DA
:1054E000322515A58B5449A44AA27499928A9AA987
:1054F00099A80C521B23CCF03AE350CDA24A1426B3
:1055000095614A942C4AA22C4AA2A49444B5240A38
:10551000B328CCB24112521D20CCF07A72341A9EBC
:10552000B24E61962851A668A524CAA22C8CB2302E
:10553000AA2551922600522017CCF07A6E49FFFF1F
:10554000BF0C07A5FFFFDFA4A4A62CCA005224208D
:10555000CBF0FA62A996342599960C83520B932CC2
:105560004C864129A549942771A223090052282578
:10557000CCF0BA7224CA916850A2244CA2612925A9
:1055800051524A86A494844994644A94E4501296F1
:105590000669522920CCF03AD5648CB230CAC26870
:1055A0001894280BA3688B2225AA949248CAB33C6E
:1055B0004B07522B22CCF07A0635C9D2248B2A8392
:1055C000540BA32C8C864189B228896A49540B93C9
:1055D0002809C550522E21CCF07AD361CEC2280BB7
:1055E000A36150A22C8C9241AA6451258B2A599A0E
:1055F0000C6A92650352301FCCF0FAC16110B330CF
:10560000EA6558A22C8CB2304A8625CAC228CBB390
:10561000211CE201523623CCF0FAF2A49E0C4B245A
:1056200085D13028511646C9B04449298992521271
:1056300025A530A988593A52371ECCF0BA862D0AD2
:10564000B3284C4AC352AA25512D8986A5A4F4FF3C
:105650004D4AB6341B52381CCBF07AB2284CA23CCF
:105660001F8EF97090D2481994308BB26A94844599
:1056700000523921CCF07AB2344AE2688B92A65AB1
:10568000180D831265619434554A492455A22C8F14
:105690006401523A23CCF0FAF26150A22C8C926150
:1056A0008992521225A5244A2A4A146D51D21449CE
:1056B0009528CBB358523B1FCCF0FAF2301E06258A
:1056C000CAC2A897218BB228897A89B2484AD228BF
:1056D0000B931C11523D20CCF0FAF24C8EBA844947
:1056E000A40C511D89864189B230AA46491645C38A
:1056F00020C69900524122CCF0BA8634AA46B5247D
:10570000AA25B525D1C2241986A4262651A225A5ED
:1057100024D4A22C0C07524220CCF0FAF2301E2ED8
:10572000A52C4AB22D89B22819A2A4A99644B52461
:10573000AA26592A6603524323CCF0BAB2304BD280
:1057400064189262949486A5294C9261486A5252D8
:105750004AA2A4A9A6255A180E524A21CBF0BA7221
:10576000250A13256A8C862189C4241A862412935B
:10577000681892480CA524D4B201524D1ECBF0BA41
:10578000D25A361C747408A396688892A8251AA267
:10579000246A898A51A22900525022CCF07A86319B
:1057A000092B619424C3946469325C12294B124919
:1057B0004A12254AB25193335519525121CCF03A2D
:1057C000E350CDA24A14262D4394E8482DAA949282
:1057D000288992521255C3211B6401525422CCF0E5
:1057E0007A8631092BC31225611225C31255A36491
:1057F0005822A553122525A91865E1A40D52562259
:10580000CCF0BA7224CB874189922C6AC9A261502C
:10581000A21C899241AA6451254B93414DB26C520E
:105820006524CCF07A86310EA3414AE228498621CC
:1058300029464953122551A22551524CA29A1626A7
:10584000999A00526723CCF0BA862D0AB368584A59
:1058500095A65A120D4BA99644C352D22AB54A3284
:1058600028899445090052691ECCF0BAC36450B32C
:1058700034192EBD254B2225DD9225594A63D25578
:105880002A66E900526A1DCCF0FAC26C78C9C26877
:1058900050A25A12458312D5321D1E0E6A314E5641
:1058A00009526F23CCF03A0E610E268354C9A2CA66
:1058B00020D59168189448AA44C3A044527118A4F2
:1058C00044CD1200527221CCF0FAF2E1A6454965AE
:1058D0009892B0120D521256864BB1920C6312463A
:1058E00049326C0900527F25CBF07AA22493923082
:1058F0008992CA3028895449864149A44A320C4ABF
:105900002D4C86414B4A99942502528822CCF07A3C
:105910000629CC86211994A8360CC9206549340C77
:10592000CA10E560381CD2621C891300529B18CB48
:10593000F07A732CC7E2E19086699886D530CDE283
:10594000284DF604529D1CCBF0FAB3218BB3523292
:105950002CB5A81815A348CA925226B625599A0004
:10596000529E1ACBF13A732CC7E2E19C9532A9966C
:1059700048619285D52C4CA23803529F1DCCF0FA79
:10598000911CCC062D8D86214AA36A548D8A5934E8
:105990006563354AD2300252A025CCF0FA72304706
:1059A000862119B22889B22889B22889B228896A41
:1059B00049544BA25A1225613268520152A11DCCA2
:1059C000F03A736C18D2304DA21CD211499BB269C7
:1059D00018F42C0ED32C09D30C52A317CBF07AF366
:1059E000A8561B135D1C74301EAE611A562351025B
:1059F00052A821CCF0FA9170C87230878683165570
:105A0000A36A94445994444A3628B5248C92344C61
:105A10000052A91FCBF0FAC3210AA362940CCA104A
:105A200055A29621AA442D514B3264439614B504D5
:105A300052AA1FCCF0BA723049066518B2A8254C9C
:105A4000B2384BA2A5A6E6C830E8591C669B0652A0
:105A5000AB21CCF0FAC2380C07298E862D8C8641FA
:105A600089B230AA64514B960C4A1665619A290096
:105A700052B125CCF0FAA16C18922CCF866548AAB9
:105A800049658892A64A531225A5244A4A49A44446
:105A900049A664910252B21BCBF0FAB3418AB354C7
:105AA0001A94A82426D1303546C5A8565A2A5B0533
:105AB00052B316CBF0FA6AC341ABE3C363351EAEF3
:105AC000611A5623510252BF1CCCF0BAC2703884FE
:105AD00095506919B228892A2D46351FCE615A136F
:105AE000350052C31FCBF0BAC26C58D26C38289123
:105AF0009844C91015A35A69986A51969492522DE8
:105B00000152C71BCBF07A86418EC2E19495865331
:105B1000561A4E5965388869160FA90252C920CC09
:105B2000F0BAC2784AA3EA704894A64A533428517E
:105B30009644B5A4569194522C0E430052CB1FCCE0
:105B4000F03A06ADDBA0E5D070D022ADA4D422A5FA
:105B50001629B54811A324AA89920252D222CCF068
:105B6000BADA862149A3EA70C8C2281996282925DD
:105B700051322C511646C930643D450A0052D81F97
:105B8000CCF0BADA866B541D9241EA34443D0D8361
:105B900012254D958A122569960C930252DF1DCC71
:105BA000F0FAC26C780BD36110E37018C4381A9EF7
:105BB0008A89320C4958DB340052E423CBF07AA2B4
:105BC0002C1AA62CCAA2E125AA0C43944469320CD3
:105BD0005112A5C93024512D1B86480152FA1ACB07
:105BE000F0BA722CC7864B8EE85098A65A9CE5589E
:105BF0008EE5490E450052FE1ACBF0BA722CC786CC
:105C00004B8E88AD6192354583528B73A40E25006F
:105C100052FF1DCBF0BA722CC7864B1625629484B6
:105C20005131AA45599455B2B09464620453001A94
:105C3000CBF0BA722CC7864B8E486AAAE5582C4521
:105C400043986339944F0053051ECCF0FA7230C765
:105C5000865B1E2583944459146651384861A8E632
:105C6000591E0E830053061FCAF0BA722887864158
:105C7000899228899248916A43548B922C49B43076
:105C80004B13510153081DCBF0FA722C87864B1A27
:105C9000293DB54449274D89D2241A862447EA5024
:105CA0000253161CCCF0FAA21C89F2AC53A625595B
:105CB00092C9599EEC599E85511646E12053171FF3
:105CC000CCF03AA31C897224CAC2A83248491CE904
:105CD000518E44B914275136D5C26C08531921CCC2
:105CE000F07A0629CCA270902A59944483A463D9EF
:105CF0003024711825C9B6D4A11DC98641531D1D74
:105D0000CBF13A1E921C0BD3304D86214AA296A8A5
:105D1000256A8912294CC374380853201ECCF03AE6
:105D20003EE460AC45431AE548340C4A948551166C
:105D300046599884A11A0E0F53211CCBF03ABE632A
:105D400039960C8312A6611A0D53988669320C4A53
:105D50008E0D070153231DCBF03ABE63C930444971
:105D6000D4320C5112B5442DC31085699886E97060
:105D700010532A20CBF03ABE6395705086244BC254
:105D80004119922C09076548B224CC9230C786830A
:105D90000053391CBAF13A1EA4248C92304AC2280E
:105DA0008992288992DAA22339341C7408533A184C
:105DB000BAF13A1E742809A3B64C6C4BB2288B92E8
:105DC00030CAA1E110533B1BBBF03ABEC5D1302411
:105DD000B5300D93E1108A5994456194C4C970108F
:105DE000533F1DCBF03ABE4559320C4A1665613A15
:105DF000BCC5D13025B5281BA41C1B0E025341186D
:105E0000CCF0BA733007733007D3E139077330072A
:105E10007330075300534318CBF0BAB741C7722C05
:105E2000C7D2E1A0E6588EE5588EE5580A534719C7
:105E3000CCF03AA5708CC3388CC36C780BE3300E71
:105E4000D3629CE5190053481ACBF0BA722CC7866E
:105E500041CA722CC7D2E1A0E6588EE5588EA50043
:105E6000534918CCF07A73301F0E710E25511C6601
:105E7000C35B188769C73803534A17CBF07AE3AC82
:105E8000A99AD4917838E7583A1CD41CCBB1145352
:105E90004E1CCBF0FAA2388B226D4A922DCA4AE1F1
:105EA00010D5B17438A83996632900534F22CCF02D
:105EB000BAC2388CC3381AA4414AC22849B42869E6
:105EC0004AA2A49445611685511626910653511D88
:105ED000CCF07A736418C4280B87418CB27018E434
:105EE0002447A27478CEC11C4C0153521BCBF07ACC
:105EF000D3E1208569984A49166949980E0735C744
:105F0000722CC7520053531ACBF07A736C90F36122
:105F100008D37018C2341C863C1D0E6A8EA500532F
:105F20005519CBF0BAC2384A8753561A4E596938B8
:105F3000A7C341CDB11C4B0153561ACCF07AF3E103
:105F40001E0F6F719A44619623513ABC467998CDE1
:105F5000090053571ECCF07AE3E13507F3E1102531
:105F600059D49245C920D5C22819A45A1865D1021E
:105F7000535A25CCF0BAC2284B86410AC32119B620
:105F80002889B268D8A224CAA2618B92284B864184
:105F9000CAA2309500535C0EC6F43AD2563191B283
:105FA000516D05535E19CBF03A73301D0E6A8EE5C4
:105FB000980E253912E5519E6339960253601AC92D
:105FC000F2FA7224477264D872241D06254EE22428
:105FD0004E8641891300536119CCF07A7370D073E7
:105FE000301E5E7330C9A13A92E5599E8331005349
:105FF0006218CCF0BA73300787391F6E799667C381
:106000002DCF722CC7721053641BCAF13A736818F3
:10601000D3E1A0234A164949A6855292295934BC96
:106020002301536724CCF0FA916C18922C0AB32800
:10603000CC86490AA3A41845C3106551984561163A
:1060400085D930241900536B18BCF07A86431CC6DE
:10605000611CC6611CC6511267790EC6C303536F1B
:106060001ACBF0FAE46D5833A926D5A49A541BA490
:106070004CAAD4A25A510C0153701BCBF0FAE46D18
:1060800058333553B361C9D44CCD24A532645192F1
:10609000E6580853711ECCF0FA727058C374384831
:1060A00039180D6294855116469118A54996AAC3D0
:1060B00000537321CBF13A0665D8926C58322DC942
:1060C0008625D3924CC932A992284B94484998E628
:1060D000580853741DCCF0FA72301B9441C9FA363B
:1060E000DC3A85599444499312254352074300539F
:1060F000751CCBF1FAE46DD8926C4A24A58BD2457D
:106100004B3265C9A6A42DAA15C51053771DCCF036
:106110007AB2288D921CCA87439A0F07B13A2C9104
:1061200092455AA4A7F1300153781ECCF07A7270D0
:10613000508629EB360C49D62559B2A456A9252DEF
:106140004B948C391802537F21CCF0BA72485A060E
:10615000A593922C91D249499648E9342459A474C4
:106160005122458CB27A06538218BCF0BA86439409
:1061700083399883399883399863399863390853F8
:10618000841FCCF0BA8643948339180D62948551EC
:106190001646591825C5A898A54996AAC30053853F
:1061A0001ACCF0BA86439483399883C3210AE3302A
:1061B0000EE3306D4BC23405538619CCF0BA8643DA
:1061C0009483599EE5C3ADFF1446591855932894FE
:1061D0000053891DCCF0BA8643948339381CA22C15
:1061E000CFF26CD03A85511646D5240A2500538B40
:1061F0001BCCF0BA86439483E5300EE36418B230CA
:106200000E93B0548DAA61341C538C1DCCF0BA8609
:1062100043948395B0948571320C521867499A253E
:1062200061D69426511E53951ACCF07A86839283B8
:10623000C9A025B5A45BD2FFFFFFA44A45258C0465
:10624000539822CCF0BA86439483C9306449544BA6
:1062500086214BA25A320C59188769340C511A46C0
:10626000C301539A1DCCF0BA86439483C93026618A
:10627000651893B0320C591A26C3256D4C4500534E
:106280009F22CCF0BA864314C6599E0C4396A4595B
:10629000320C599266C93064619C444916B54491E8
:1062A0001653A222CCF0BA864394835134449D867F
:1062B000216A1AA264892AA6488986248B2A59341D
:1062C00088510153A620CCF07A86839283C9700945
:1062D000E36818A26A140D43548DA26188925A94FF
:1062E0006ED13653A826CCF07A86839283C920D506
:1062F00091281992212965511225A564484A49948B
:106300004591988453928C0A0053A922CCF07A8646
:10631000839283C9214A6A95A596744B2A83926C0D
:1063200095504BA42491921649C90453BB19CCF043
:106330007A733007736418F41C8C87C71C8CF23096
:106340001C8E710453BF19CCF0FA86398CC378982F
:10635000C37898C36C78CCB1301C8E710453C11AC9
:10636000CBF03A73284B8721CF92E1A0554BCAA0BE
:10637000E8F030E4F0701053C21ACCF03A732C4CB1
:1063800087418F87B7308DA44851657DCB217550EB
:106390000153C817BCF07A866BE72CCF72A48EE548
:1063A00058922359AA463A2253C918BBF13A1ED330
:1063B0003089E2A41CE5481DD1B11C4A624DD205CA
:1063C00053CA1DCCF07A866B188771964783A886CE
:1063D0004996265998256998668A94AC0253CB1A37
:1063E000CCF03A73301F1E732C0787212D26599845
:1063F00025619A438AB80E53CC1FBCF03A0665500B
:10640000932C4DB2A892556A952849B3240DD324F4
:10641000D3D22809C50053CD1BCCF0FAC741CFC158
:106420001C1C0631092B61A91A2569186789168970
:106430000353D11ACBF0BA1AA32CCAE2E110E6D862
:10644000B08695288D92B04D89225153D421CCF03D
:10645000FA72301AC4B1168559940C839266499623
:1064600094C2244AB2284BA2B64C490353D621CC3D
:10647000F03AEE513248952C1A922CEA976C889299
:106480002CCAC2480A872889A4244BD50053D71A9E
:10649000CBF0FAA7618EB2304AA2E11D528621C923
:1064A000EA490EE550221E53D81CCBF03A73301D3A
:1064B0000E52D2162551922559321CB33CC9A11C4B
:1064C000B1AD0353D921CCF0FA722C4906294BA265
:1064D0002495A24189C22C4A86414943710B934EAF
:1064E0006D99920653DB21CCF0FAD2214A863051C5
:1064F00072248A878316259561488A51522B8551CB
:10650000D694D4A22C53E020CBF0BA86214EF2A42C
:10651000361C945212258952195ED2241A943019CD
:10652000C4341A0E0253E315AA113B1E7444477477
:106530004447744447746478470253E41ACCF07AB1
:1065400073301E5E733007736418C4388CC3381CF4
:1065500006318E0053E51CCBF0FA722C8786539ED1
:10656000E488344859292B65839495722C4714008C
:1065700053E61ACAF17A86418AA3381A06A996A662
:10658000C321ACA5591A65D1AA0053EA18BBF0BAC9
:1065900086418BB3388BB3381B062D0E9BA31CD1C1
:1065A000A10053EB1ECAF1FAA1341B944C4A3229C4
:1065B000C9A42493926C5092214AA41CCAA11C0A1B
:1065C00053EC19C9F13ADEC22CCCC2284BAAC970CF
:1065D00089933889936150E20053ED23CCF07AA37C
:1065E0006C48A22C4AA22C4AA22C4AA22C4AA22CC9
:1065F0004AA26C48B2388CC334CE722453EE1ECCFF
:10660000F03A87C72C0AB328CCA2308BC22C0AB32D
:1066100021CCA230077328C9B11053EF1CBCF03A4B
:10662000BE43E12085591466519845E1208559946F
:10663000833994E4580653F01BCAF13A732447C2D5
:106640002C4E86430EE5E03048711447C320C5093F
:106650000053F218CBF07A732C1E4E59292B0DB72C
:106660002847EA500E2579661E53F319CCF07A7349
:10667000301E1E7330C7726C18B4248DAAADC3903F
:10668000960053F61ECCF0FA911CCC86308BC22CAF
:106690001A0E5198456136845914E6600EE660067C
:1066A00053F719CCF0BA8621ED3A0C396578CBB1A5
:1066B00061C8C11CCC913A960253F81DCAF07A8683
:1066C0003B9443C3258792614AC22809A3649892E8
:1066D00030CA931C490053F920CCF07A8783942563
:1066E000512D896A499425512D898AD91066519670
:1066F000E4489487691C53FC1CBBF03A866418A2DA
:10670000588AA53091B248AA0D4AA8A53996237592
:106710002801540120CCF07A876508B328CCA23038
:106720008BC22C4A86410AB321CCA230077328C9F8
:10673000B11054031DCCF0BA73301DA26188923899
:10674000D2A364908A59948543944649DA3C0C5408
:10675000041ACCF0FA72701842B154877444D2E62D
:106760006D98C3388C8739CC00540819CCF07A73F3
:1067700030C7921CC9E254520649C78721ED3A0C32
:10678000690D540919CCF07A73301E5E73301F0EF8
:10679000396518C4388CC36110E308540A1AC9F16A
:1067A0007A86214AA3341A863447C2E190655AA6F4
:1067B000655A248600540C1ECBF03ABE43CA3024DE
:1067C0003A240D92944552164959240D9294453A13
:1067D000A42302540D1BCAF13A73284786210BB338
:1067E00024CA321DC987215297344BB36108540E15
:1067F0001ECCF0FA916D98733007874394833998D3
:106800000C4396A451358A8621C9D204540F19CB62
:10681000F07A732C1D0E6A3C9CB2D2708B72A40E5F
:10682000E550221E0254101ECCF0FA73301CB23018
:10683000CAC2281996280BA32C8CB270C8C228CBC8
:10684000C17C3854111ACAF13A73241E0E3AA2239D
:10685000D2104925A9240D918EC8899E0054131F7A
:10686000CCF03A87B730CAC2280BA34C8BB224AA0B
:1068700045C990454994E5600EE66008541517BA7D
:10688000F17A86418AA3381A069D3E1C74444774E7
:1068900064380854171BCCF03A876948A3FE3F0DB3
:1068A00043940FBA340C490EE65092630900541B0E
:1068B0001BCCF07A8673180D8FE5301BAE39360C81
:1068C0005A9246D57418D21200541D1ACCF07AE3AD
:1068D000E12DCCA31CD2A1B22829C3A285711887AF
:1068E000F1B001541E1CCCF0BA86214772301E0E46
:1068F0006216A7611E25C3904869EB30A435005489
:106900001F1FCCF0FAC3B1922559126551D29624BB
:106910005AA624C33447499A8339966329005420E0
:1069200020CCF0FA733089862C4AA22C8C864394B2
:106930008551160E519245951CC9E234CC0354265C
:106940001ABBF03A1E441D698D4A5AA686D130847E
:10695000699886C310A6110054271ECCF03A8721EF
:1069600059A24A53A5A9D254A90C43D2BEE449392D
:106970008CC3381D860054281CCCF0FA73301C1EC2
:1069800092B052AA34559A2A8721477230CBB31C51
:106990001902542923CCF0BA936C4BB224CAA22416
:1069A000CAA2A49A24CAA02859146D5125CAF22C4F
:1069B0008E9250CC00542B1ECCF07A732CC9912CA3
:1069C0004EB2302B25C390E839960F831887713863
:1069D0000C1200542C1BCCF0FA216588B6A81A556D
:1069E000A36818A27E1AA2BE677916871100542DDB
:1069F00024CCF0BAD3210BA36150A21C8992218B25
:106A000092288B92281B92288B922847A2621645C7
:106A1000EA00542E1FCCF0FAC3210BA35EC2241A45
:106A20000E512E25513624518E44391215B3285259
:106A300007542F19CBF0BAE3E1944779349C722CB8
:106A4000C786939C94936438C501543121CCF0FAE5
:106A5000C3210BA36150A22C8CB2304A86254AB2C6
:106A60006888922CCA722CC9912C35543419CBF0F9
:106A7000BA86214CC3341C861C1FCEE97050732883
:106A8000C9B36C1D54351FCCF0FAC3210BA3A4A9C4
:106A9000524AA2A4264995288B92214BA2628EE5E8
:106AA00090BE03543821CCF03A8769CAA224AA25A3
:106AB000512D8992212985C9528AA3240DE34CCDF9
:106AC000A22C120554391FCCF0BA73301DA2618874
:106AD000923089A424AA8551160E5918557228C9D6
:106AE000912C35543B21CCF07A73301E92619092F8
:106AF00016296991A424915A062989A424AA6771A8
:106B000094846202543C22CCF0FA8624DB922C89D5
:106B10006A49544BA25A1229593244D9544BA23AC9
:106B200012D592A8180E543E1BCCF07A867B8E0CA0
:106B3000439EE55936BCE3C320C6611C0E8318474B
:106B40000054401BCCF07A87831AF55FB2A8320C50
:106B500052280D591275CF523187260054461BCC4E
:106B6000F0BA86418CC3381C063D07E3E151C99356
:106B7000288DB2480BD51854481ACCF0BA86418CEF
:106B8000C3381C069D321CF21CCC87414772301D55
:106B90001E544A1ACCF0BAB23CCB87539883E9F022
:106BA0008E0F83188771380C621C0154501ECBF075
:106BB000FA732C5B864129454A29524A91D265488D
:106BC000B4A51AA6619684150054551CBCF03A87EA
:106BD000839227C52869AA94B4A45629694BA9921F
:106BE0008869751804545818CAF1BA86B138ECF09F
:106BF000304871548B6A512D4CE22C5307545B2260
:106C0000CCF0FA732CC9A62C4AAA49A20C8A1265A8
:106C1000511265D1949492A88E8471980F0A0054F1
:106C20005C1DCBF0BA736850A62C29654929594AD6
:106C300069120D7725D70625C7724401546220CB0F
:106C4000F07A8743124A492825C310256994D4A2B3
:106C5000A43428C91225F5A818D5C201546822CB3E
:106C6000F07A86439285C93028B5301906A58E542E
:106C70000629A945492D4A9241D2131D4900547352
:106C80001BCCF0FAC3B1120D4BB1125692E1128631
:106C9000DB964449392A66F510547523CCF0FA8600
:106CA000E72889A324199228292551524AA2A4949D
:106CB00044CB9044499C833994E4580654781DBBD6
:106CC000F03A966150D22809B324D39228E9291AC0
:106CD000C24809732CA70D8300547B20CBF0FA73B4
:106CE0002C5B864129454A29529261504AD19044F1
:106CF00091920C439E63399601547C1DCBF0FA119E
:106D0000E5902561A49422254A3A66C9F098256148
:106D10008EE5481D0A01547D1ECCF07A75A81EA68A
:106D200071A40C8B0E0FC92055B2A8924543D254C2
:106D300089722405548020CCF07A073D8B86248B01
:106D40002A595419A44A1655B2684806A992E55919
:106D50009E85C32154861DCCF07AE3294EA2616939
:106D60004D1265489A2A4D95641A92A64C4E9B87FF
:106D700001548B1ECCF07A73301E9261909434AA29
:106D800046D1A044D5214AA368D07330075300549C
:106D90008C1BCCF03AF51DCC06AD360C49D669CA31
:106DA00022A5967493B241EB8E00548E1DCCF0FA5E
:106DB000C27848D2289A9252A49513250D8721872C
:106DC0008721ED3A0C1100548F21CCF0FA75CA10CE
:106DD0006D51184943D254915AA4218992521225D7
:106DE0006916655112E52100549022CCF07AB368FF
:106DF000CAA2A41825956148C62829464953B44417
:106E0000499414E3308E9238CB0054921DCBF03A63
:106E1000866848A296A8658886246AA70C79944754
:106E200079944559B60E01549521CCF0FA916C082D
:106E3000B328CCA26418A4308BC22C8A066588B211
:106E400024AAE5593EE85902549621CCF07A7330D1
:106E50001E06658892162969919216296919941659
:106E600029E918256394472200549922CCF0BAA34B
:106E70001CC992214AA3E11055B2A8D254A90C51C1
:106E80002255A21C49A4302965E90054A81FCCF062
:106E90007AB21C8986214DA22C89423109B3A654AD
:106EA0001A06310EE37018C4380254AC1CCCF0BA88
:106EB00073341C1E922CAA4461D2293195B6244BFE
:106EC000421DCB21453554AF20CCF07AE369909236
:106ED000288B926E4958C9922C89B26119A644C96F
:106EE000F22C1FF42C0254B120CBF0FA73281C9220
:106EF000618892504A422919862809A5643824A13C
:106F00009484E9B0860154B31DCCF0FA73341B1E8F
:106F1000A22C8C7A19B2284C92218B92A859D2A11A
:106F2000481C0354B81FCCF0FA931C2A0D0725AD5A
:106F30002C5135C992A596744BA6302945AA926862
:106F4000A20054BD22CCF07A8783924A4914494961
:106F50001449C9304849144949140D4A8B94686A48
:106F60007518D20254C01ACCF07AE3E11D1F86B422
:106F70003A0CB9964649AA854A1827D9A60354C19E
:106F80001ECBF0BA86214CC3344CC361C8E1411911
:106F9000B624D3924C4BB26119B6240B54C419CC0D
:106FA000F0BAA31C89A2216A1A0E51FFA7E121475A
:106FB000A2F6308D0354C620CCF0FAC36D504A615E
:106FC000D2A9126A49B26449380C5AA8244A944397
:106FD0003A240F290054C71CCCF0FA73305C862188
:106FE0002956C24A325C7268AC24C3902339980F88
:106FF0000754C821CCF0FA73301CA2248B922C8A3F
:10700000D42919A43A12258334245954C9F241CF02
:10701000220054C920CBF0FAA23C4AA26188C228BF
:107020001C0E72140D49D4528B5AA24849864989C4
:10703000D20054CD1DCBF0FA73285C8641A92A9565
:1070400045E9A274199216A5B268699886A1005400
:10705000CE20CCF07AB37478CAA2248792288B927F
:10706000288B922CC9922CC9C61C4B72244B0D54F0
:10707000D120BCF03A96E1922559922559222591CA
:10708000D2FF32295292253994E450920E8700544F
:10709000D71FCBF07A936C4A22A594542645A94871
:1070A0004A6D58A22C09B36818F41CCBB10C54DFFC
:1070B00022CCF07AA31C89B2251B948AA60C49A67F
:1070C0004425A52951862C19722415332DC9B108E0
:1070D00054E51DCCF07A86830EA5439446D521CA8B
:1070E000C1687887D2214AA3EA10E5D00454E62289
:1070F000CCF0BA93E2140D512D190E4A544BA24A0A
:1071000093D232445212958628694BA4244C0554DC
:10711000E81ECBF0FA4BD110251DB3241906A5AA01
:1071200024C32149956418C234CC92B00254E92298
:10713000BCF07A876548A2A4940C4B9444492989F1
:107140009252322C439845C9B04339980F8300546A
:10715000EA1FBCF0FA86E4D2FF322852D297418966
:1071600086A4494B12258B926294A491920154ED0E
:107170001ECBF07A8664882A514BD412454332C420
:10718000498E44D17010933C4B4BBA0054EE21CC45
:10719000F0FAB37458C6244A92E1926649342CB589
:1071A000289A6A49320C5A9843498E850054F21E37
:1071B000CCF0BA622D3B2879361C9428CCA24CCA5C
:1071C000C26110E3300E87418C230054FA21CCF0C9
:1071D000FA931CAA0C0F495849862169AA548621A2
:1071E00059A24A6518D2A81A55A3440154FC1DCCD3
:1071F000F0FAC365B8E450120D4B294C4AC35287CC
:107200000E4B39C7723087360055011ECCF0FA7329
:10721000345B864B0E25D1B0D4A1241A961D4AA208
:10722000610EE3610E1300550620CCF0BA73ACB4C6
:107230000C43528792288B92B62491866488B22898
:10724000E98EE558126F0355071FCBF07A864392FB
:1072500063C9304439361C92A62C49B6481B727457
:1072600018B4381B0605550921CCF0FA732C8A8610
:10727000244CA26458A26A140D4A9444591466C35B
:10728000439CE44896AA01551022CCF0BAF3E110D1
:107290008571320C591865C3210AA32C19862C8CD0
:1072A000936188AA49360C0900552421CCF0BA73A1
:1072B0007088A65A920C439228A5A494444929891F
:1072C00092E12109732CC9912C35552C20CBF0BAB1
:1072D00087640B9364189436A53224954D290D4389
:1072E000122795354AD228299506552E1ACBF0BA81
:1072F000B2783865E970A9C5C3A095873B3C0C5AA4
:107300009C0D8302552F24CCF0BA936C88BA0C8361
:10731000944459346551322C51126543322C511228
:10732000E5489423C390C600553120CBF07A076519
:10733000CA92D2A094B2A4342875A4321C925449A3
:1073400086214CC3341C8600553E23CCF0FA11E94B
:1073500098849564189252524AA2A4940C0F5152E8
:107360004AA2A43C0C399223C3900055431FCCF091
:10737000FA916C8A0625AA25C970C9A1241A9652C9
:10738000984CC3129687398C3305554420CCF0FABB
:1073900086B73489D4A4544924254A125B520AA7DB
:1073A000214BA2A41C15935A9C0255461ACCF07A84
:1073B000E3E12DCCA3743844BD8449A40C89D43FA7
:1073C0000D515D01554A1BCCF0BAF665B854934493
:1073D0005AFAFF5F9664C992345BB334C9E2085528
:1073E0006124CCF0BAA3688B2AC934245954C9A2A9
:1073F0004A320D491655B2285AA621C9A21C8972D3
:10740000248A00556422CCF0FAC3691894A8A444D5
:10741000C3A04425251A06254CA22DAA24C3A043A7
:107420003998831100556520CCF0FA911CCC862C3C
:1074300089DA9228491629CCA264388859140D7A21
:107440009667F9A000556620CCF03AA31CC9B22576
:107450008C92E1A0D493B6A4A244493255962889CF
:10746000C338C79461556A24CBF07AB3388AA664CE
:107470005086498992488926654886214A22254AAC
:10748000A23489B22419C2A800556E1FCCF0FA7339
:10749000281992290993280993E1A0E45012864BF8
:1074A00054E9ABA656872101557823CCF0FAC36581
:1074B0009892308992E1A084499424C394942A4BF1
:1074C000B2B428891A15B3280BA304557C23CCF039
:1074D000FAC365B844599464499624C3A59429D144
:1074E000B04C49949492284EA23849742404558093
:1074F0001FCBF0FAB3651894AA120D51D22909B323
:107500002D8992289B8621CEE241CE120055821F02
:10751000CCF07A0769489A2A835469AA0C521D89CB
:107520008687A49444497B9423ED9A0055841ACC11
:10753000F0FA8AC36B3E1CE278784BA26C78C7875E
:10754000418CC3619000558723CCF0BAC3709086FC
:107550002C4A94645894A644694A946458862C4AE8
:1075600094682926A52C0AE368558920CCF07A93E3
:107570003D8B96304A92E1B2A44965502A52B60C2E
:10758000975A1E257192A56A00558A1FCCF0FA11F0
:10759000694D5A864BAD922CBD252D4B65A94849A6
:1075A00053BC28611469511855981FCCF0FAC325B3
:1075B000AA548621A943C97050B23449862159FA88
:1075C000AF496BD21A2A00559C1ACCF07AE3E13508
:1075D0001F0E591C0E831C85C33B3E0C621C0E8380
:1075E00004559D1ECBF03A87650993CAB0342695A1
:1075F0006129A5CB302853712986E210E588025510
:10760000A71FCCF0FAC3651892D6A4320C491D4AC4
:10761000A2414AA22C3A484994E5834E1B0E55B329
:107620001ECCF0FAC365B884956C4BA2A49424C315
:107630009094B2E8202551960F3A6D3855B722CC78
:10764000F0FAC365189252524A8683126551920C21
:1076500043D25459A24A1655A37A926B0A0055BBDD
:107660001DCCF0FAC32DC992288B92971C4A92A583
:10767000BF5CFAEB524DB23489140055C51CCBF0F7
:10768000BAC365581A93CAB034269561694C0E4B3B
:107690009AA4C32066A12A55D31BCCF03A873DCAD1
:1076A0003631192EFD298B92CA928C95E19C94A3B8
:1076B000625655DC20CCF0FAC369588A49940C070D
:1076C000254B9364584CE1100D831285F13087F1FE
:1076D000B00055E121CCF0BA936C8B2A5112259D54
:1076E00012251A963A9444CBB0449628695DC64850
:1076F0008A250155E324CCF07A866458A23889A201
:107700002519E2784886414A94A644A90CC93088D4
:107710004AA3D294885A0255FD21CCF03AB36C1892
:10772000922CA90DCAB0294D95A6CA20454B984E5A
:10773000499674AA2569940556091ECCF0BAD3E17E
:10774000391E0E591C0E839C65C35B0E0DCA9045F5
:10775000499448CA9000560E1ECCF0FA8673BA0CB3
:1077600043D29A548621694D2AC390D42AC3739474
:107770004352380D561822CCF0FA8764AC24C3A5C6
:107780009429C930244D99521A06254F12A531313A
:107790006649980C8300561B1ECCF0FA73345B8646
:1077A0004B5325192E4D958AE5A284499464513591
:1077B0002A665104563121CBF03A8743922AC930C8
:1077C00028A52C4986A5A274199625CA87214B2A7B
:1077D0005A3224514D563224CCF07AB383920C5154
:1077E0009628C332245A9228C392D892E1A0244A00
:1077F0009425D9A054A36A1209563421CCF0BA9327
:107800006CE99721513A29C341896A49320CC92050
:107810005587218DAAC310665102563620CCF03A06
:10782000936C502A52320C59D22D490E4ABF2C95D6
:10783000A5E3B0A4496316652D00563B1FCCF0FAB2
:10784000916C192E699624C3250A93D2B0D4A268EC
:1078500019069D36CC613C2C00563F1FCCF03A8770
:107860002159942869B134292DC390142BC930248F
:10787000633EDC4949631215564E1CCCF0FAF3E125
:10788000B1120D52924349320C496B320D7A960F68
:107890003A521E0E56681DCCF07A866888FAD3A03C
:1078A0000C71160D8F511E66833428513F0DD190F7
:1078B00000566A1ECCF0BA87688B2AD910253994F5
:1078C0002407A593921C86301FAE49392A660556B7
:1078D0006C1ECCF07AB37C19968A94685152192E9A
:1078E00061254A4A53524E9630ABE7C30156762083
:1078F000CCF07AA37878AA25C93025C528498629ED
:107900002946CB3084522DE93A28391601568E1E6D
:10791000CCF0FA736438685125192E65251A969AA9
:10792000B858F24456943C89424503568F1FCCF018
:10793000FA73641892B1321C14A5458906298992FC
:10794000D2F0186561B426E56C1856A320CBF07A06
:107950008664882A51321CD4783865A54A94997473
:10796000654886A812454332240056B71DCCF0FA6C
:10797000F3E1A52F975A9225C93024B5241B5E93B5
:1079800028954425CB350156BC1ECCF0FA918724AE
:107990004ABA25C93024FD6518926EC9E15291D2C8
:1079A000A55A9D140056CA1BCBF07AD3E120350DA1
:1079B0002F3D256DC331CB86831625A12426D210F9
:1079C00056DA1ACBF03ABE436228866228865A926B
:1079D0004959A4A4C99CE8D0F00056DB18BAF13A82
:1079E0001EA49254924A52492A29D9A0233A32BC61
:1079F000230156DE1DCBF03ABE433A240D92944546
:107A000052164959240D9294453A343CE45000569C
:107A1000E01BCBF03ABE43622886CA302462288637
:107A20005A924959A4A4890E0D0F56E21ACBF03A86
:107A3000BE666AA60C43A266A2A625995453B24C10
:107A4000D474687856E41DCBF03A3E8662A80C43A5
:107A5000228652529206498C12314AC421D1A1E1A8
:107A60000156ED1DCBF03ABE43D220E990320C898D
:107A700096645A924935A99228A1A243C30356F0AD
:107A80001CCBF03A3E8662A80C432286DA262525D6
:107A9000298912250AC55087860756F11ACAF13A74
:107AA00073241E0E5A280D9192454BCD2D89142D0D
:107AB000D191E12056F41DCBF03ABE4362A80C43AD
:107AC0002286D22089A1320C891825621289E1F020
:107AD0000056FA1DCBF03ABE4362A80C432286D270
:107AE00020495924659134485216E9D0F00056FDDA
:107AF0001DCBF13ABE43CA3024622886D22089A128
:107B00009844CA30243A343CE4500056FE1DCAF171
:107B10003A1EA4541A22258B969A164A893424D1E7
:107B2000102599168AD97010570322CBF03A3E26B9
:107B300091320C89182AC390285145198644892A04
:107B4000CA30244A5451A244191E57061FCBF03A9A
:107B5000BE43D2204959A40C43A2A489125594A82B
:107B6000A244152DC9A42C1A1E570820CBF03ABEEA
:107B7000441529290D87444B956148A42C5206656C
:107B800050A224918645878607571F18CBF07A7339
:107B90002CC7722C1ECE39966339966339960E0720
:107BA00001572319CCF07A86631A6739528776CD4C
:107BB00096ADF970CFC17838280057281ACCF03A22
:107BC00073301FDE72308BC3541A96621CC6611C60
:107BD000C6C93008572D19CCF07A7330478641CF8B
:107BE000C17878CDC11C19063D07E3E1015730206B
:107BF000CCF0BAD24E956448A2218A86244BA424A4
:107C00008B2A5954C9A26853A2684BE361573A1FA3
:107C1000CCF0BAA2618BC3341BA4381BA6302985D3
:107C2000496989922DAA23519E54B504573E20CC10
:107C3000F0BA9261C84A6116458352CD92AD535253
:107C40008C92A2126552A6665116890157401ACC31
:107C5000F0BAD2BE25D9A054B364ABA459926649F8
:107C6000BAD4C4241E0E57471ECCF0BAB23CCBB3D4
:107C7000E190A4511247591885591427D1168D5AED
:107C80000EE69002574A1DCCF0BAC238AD83D1F04F
:107C900014874316465918654B9688591C25691850
:107CA00001574D22CCF0BAA2618BC22C0A93618994
:107CB000B2A89225C32015B328CC8630D1C2344B4C
:107CC000C23402574E1ACCF0BAB23CCBB3E1310BFE
:107CD00093B01CC659922E35AD9C867900574F1D26
:107CE000CCF0BA7230190629CD062D0DE330CE94B2
:107CF000304AA26CCAD62CCFC110575018CBF07A9C
:107D0000F3A81815A362544B7ADBD27838E7583AB7
:107D10001C0457511FCCF0BAC2382D0D4394438335
:107D20003284591466519845E112455A25AC64E9EC
:107D30000057571ECCF0BAC2388CA36119A45A1848
:107D400065619425C32085F15213A33C4CE3005791
:107D50005A1CCBF0FA924189922C895AA24A542B90
:107D600055D22453E3E19C63E97010575B1CCCF0BF
:107D7000BA72301BB41C1A742807A36188D2623C03
:107D80008562160F431C06575D19CCF0BAA26188B4
:107D9000AA51D33044FDFFA7218AD62447B2380D1B
:107DA000575E1CCCF0BAC2381BB49641C95AB67A99
:107DB000364C3912CDDBA0E4600E2900575F18CC99
:107DC000F0BAC2382D0D2F597F4CC24AB8656A925D
:107DD0002359AA0657601ECCF07A862C8CB2300943
:107DE0004B59A8444996445994A5713C1CF21C4C2B
:107DF000870757611DCCF0BAD24EC343D46B346CA5
:107E00005112655112654352D2A23C4AD2441357D3
:107E10006416CCF0BAD24EC343D44FC310F5A7E1D9
:107E20003907733003576618CCF0BA72301BB4BEF2
:107E30000CCAA0F56FCBA088594E1B0601576A1DCE
:107E4000CCF0BA72301A8628CD86246A4B6A6965EE
:107E500018A434DD323907733003576F1CCCF0BAE5
:107E600072301906298CC37050F26C8D926212D553
:107E7000A66CCDC17C38577721CCF0BA926190F2D4
:107E80002C4F864B1655B2A89245952C1A926C4DE4
:107E9000742487921C8B00578219CBF0FAB5618746
:107EA000D2E1203546A5E1203546A5E1A0C6C305AF
:107EB000578319CCF0FAE3B4D3F00E15B328CC4AAB
:107EC000E11245629283F9300857841CCBF03A9353
:107ED0001C89B2E1A025519A944ADA320C6A3C9C82
:107EE000732C1D0E02578B1ECCF07A06314BA25A12
:107EF00012558641CA92A896A4512559D27CB8E75A
:107F0000603A3C579219CCF07A732CC7C27418C4EB
:107F1000348C5A86E77838E439980E0F579B1FCC7B
:107F2000F0BAB221CCA2308BA24189C2289BD2CA1E
:107F30003048693A4D62528EEA480657A221CCF089
:107F4000BA72291AC4281E76241A86A88E44C9201B
:107F50000D49B625591865B5410AB30057A31BCC86
:107F6000F0BA72301A8628870665D0BA0D5ADF96A5
:107F70004111B39C380C0157A61CCCF0BA86418C39
:107F8000C36110E37018C42CD2A2441C9268CE873F
:107F90007B3A3C57AB1ECCF0BAC2380C0765082BB5
:107FA000D19074CAA224B1446A0EE6C33D1E0E0AE3
:107FB0000057AE21CCF0BAC2381906294BB2610B7A
:107FC0009364C972244A8621AB2F83A2233952C7F6
:107FD000320057C21DCCF0BA926190D2D230444DDB
:107FE000C310350D43D46978C8921CCBB1791B57A7
:107FF000C31ECCF0BAC2388BC228CC92614886240A
:1080000047A2614BA2388C87C7280F433957CB2032
:10801000CCF0BAA2618B2A5954498664D8A24A1678
:1080200055B268D8D25419163907F3611057CE21CA
:10803000CCF0BAD2244BA3D2F010A551258B8624C4
:108040008B9262A2149596298992304BB40657D42C
:108050001CCCF0BAD2244BA3CA304869363CF53464
:108060000C51A7E12DAA46D5281157DF1DCCF0BA37
:1080700052314DB264784C93254DBA25DD924514AA
:10808000338B9249910E0657E01FCCF0BAC2381AD2
:10809000B6284C8664D8A21C89862D0AB3E1A2E6D4
:1080A000C830E839180257F91DCCF0BAC2382D0D86
:1080B0002F59310993619072301AB6214CB4301E99
:1080C000E6300157FA1ACBF0FA6AC3412B0F721649
:1080D0000F72960D07A9491914351D0E0258021A80
:1080E000CBF0BA5A93DAF00E29C39044699886C34C
:1080F00090C7C3391D0E02580620CCF0BAB224CD69
:10810000A2301A5EA2308BC26C98B228CC866989E4
:108110002231CA91614E0158111FCCF0BAF2615060
:10812000B6244B936C5006A59A25D9102569548D19
:108130008AC33D1E0E02581520CBF03AB630498650
:108140004189526D502A5A92288352CA126D50C2E8
:108150002C1ACEE9701058211DCCF0FA92414DB284
:10816000301A34B1920C83542926514D2BE7C33D6C
:108170001E0E0258241ECCF0BAB241EB3628839270
:10818000D5062D079361905A9568D1A23C29678343
:1081900000582A1DCCF0BAB2966190B2CAA00C5A0F
:1081A000B741EB320CD290943469CDC1610858309C
:1081B00025CCF0BAA261882A5116254316255132E2
:1081C0002C431655A361882A5136249316257192A3
:1081D000A5C310583521CCF0BAC238CCA2685806D5
:1081E0002909936190C2381BB4414BA46410A32C9D
:1081F0001FF42C01584C1ECCF0BAB241EB36288348
:1082000092D5062D079321992A4D8B3444CA926743
:10821000B12458511ECBF07AA26888B46878E994EA
:10822000B40CC9B0455929D1862C1F06391D0E0240
:10823000585420CCF0BAB2284C8641CAA2308706E6
:1082400049CDA2301AB6248E9461D1C2388C8705EC
:10825000585820CCF0BAD2D23044ADD1B00C5392A1
:1082600045C310B564C365AA27839A6461342800A6
:10827000585E1BCBF07AD3E1A9960CC7281D0635B2
:108280000A8783D4960C4AB1325C00586B1CCCF040
:10829000BAD2D2304469362883D66DD0BA0DDA927C
:1082A00025D230C8512C0A58831FCCF0BAD2D23014
:1082B0004459659092301A86286B1BB4B66550D429
:1082C0002447A224D40658851ECBF03A0665584AA6
:1082D0004932685152190E5912A5D120E9F170CED8
:1082E000B174380858921FCCF0BAD2D230445965D4
:1082F0009092301A86A8D2146952658986A4B22554
:108300004BDA2858931ACCF0FA8AC35B7918D2EA70
:1083100030A4B5E1A9561996629A0C870458991FA2
:10832000CCF0BAD2CA30484DC3D2960C839483D1D4
:108330003044D568486E496BD23A0C01589E1FCC28
:10834000F0BAB2C6248C86216A1A8664897A1A86A3
:1083500028AB2D83226679960F0A00589F21CCF016
:10836000BAC2210BE36838289DA2218D9241AA232D
:1083700051D2A4B44C89314BC268180258A81FCC02
:10838000F07A86439494922852A26838C4F970888F
:10839000E3E1A553920C8392C6C30358A923CCF002
:1083A000BAB2284C86311E8664295596285A4A69E5
:1083B000922543944959220D899E4469920558C1DA
:1083C0001FCCF07A0629CC862119945A382C8314B4
:1083D0004AC3A044D541C9A17CB8C7C34158D51FE1
:1083E000CCF0BAD2CA30485965784AE2281AB63079
:1083F0008BB2A4A63489C98EB42A120058E420CCCA
:10840000F07AD2CA708992A668B92561340C519865
:1084100084C97091922891AC8994870258EB18CB4B
:10842000F07A732CC7722C1D0E6A8EE5588EE558B3
:108430008EC5C30558EC17BB10BBB741C7722CC71C
:10844000D2E1A0E6588EE5583C5C0058EE1BCBF01C
:10845000FACA59290B932C4C8641AB6A619295B2AA
:1084600052166771320C58F018CCF0BAE3E120E7ED
:10847000C39D32DCDA865B0EE6588EE5200058F3A9
:1084800018CCF07AE3E135478641C787871CCB8655
:10849000398CC3B4B40F58F61ACCF07AE3E120E774
:1084A000C31D1F1E722C8CE2244A52498FC2E10167
:1084B00058F91ACCF07AE3E1351E1E722C190E39E8
:1084C0006518C4381C0635CC860759041CCCF0FA54
:1084D000C2388CC37488D228D2A44A535B12E5599F
:1084E000ACA591AA0E0259071BCBF0FA726C18B515
:1084F00030DA91441587C7A8380C61541C86308D3A
:1085000000590D1FCCF0FA726C3824D5281A86B4A5
:108510003A0C718E0D4398646196E4D03A6443003E
:10852000590F1DCCF03A3EE6D0308871380C621CF1
:108530000E839A63C32049598E8C83360459151BC8
:10854000CCF07A73B03A0C621AAA599415A31CA9FC
:1085500063399643F290230059161ECCF0BAC23804
:108560008CC37848D22C11B3A4944449144A5918A6
:10857000E5591C866A08591A1ACAF13A7364D8C2B6
:108580004889725909A5614B13258B935C1B5400D4
:10859000591C1FCCF07AE3E12DCA9128CF8630CA4E
:1085A0003229292589944A491AC6599226DA00594E
:1085B0001F1DCCF07AE2301E9241C944A5B46495E7
:1085C0005298242F51A5AF619CA5CA0659271ACCF1
:1085D000F07A733007E3E13507732CC9A12447B261
:1085E0003C4CE348470459291BCCF07A86439C83D2
:1085F00039180FAF3996E4509223591EA671A4235F
:1086000002592A18CBF07A732CC7D2E1A0E6580E93
:10861000253952CFD224EB1216592B17CBF07A738F
:108620002C1ECE39960E073587921CA9676949170B
:10863000592E1DCCF07A73304786418CB230CAC2B5
:10864000288B86D71C4B72248B53494704592F1B08
:10865000CCF07AE3E131CAC334CA222D948641CFEB
:10866000E2300ED32CC9D40C593119CBF0BAEA51EF
:108670003E0C529663E970507328C9917A969674AD
:108680000159341BCCF0BA7324CAA124CF7224CA76
:10869000C17478CDC12447B238CDF40459371ACC0F
:1086A000F07AE3E1351FEE5936DCEAC3214DB230F2
:1086B0004BB434D3150059381CCCF07AE3E1206672
:1086C000711A268312E590325C736C18723047EA97
:1086D000580A593919CCF0BA73301FEE39129593F4
:1086E000DAF09C63498E64719AE902593A1CCCF025
:1086F0007AE3E131C9912C4E2535D2C3E1206639A8
:1087000012E5489463220059441DCCF07AE3E1312C
:10871000CA93288DB268B848ADC39046D56148E287
:10872000301E160059471CCCF07AF3E11CE5613687
:10873000BC43E1208559140E5298453998431300E3
:1087400059481BCCF07A73301EDEC2348E9461D14E
:10875000E1E110E74854CC4A99980059491BCCF004
:108760007AF3E110E7C830C8F9F0D4980C4A1486BF
:10877000D230E8391803594B1ECCF07A73301E1EE4
:10878000A3589474441A0631CAC26110A32C8CB247
:1087900070182400594E1ACCF03AF3E12D4CA32C5A
:1087A000520649CD873B3547862147E2E101594FC3
:1087B0001CCCF07AF3E110E7C830C8F9F01447CACE
:1087C000B0A839320C72140EE11059511DCCF0BA18
:1087D000726850062D8C9241AA855132286DA53CB5
:1087E0001E1EA33CCCE60159541BCCF07AE3E131C8
:1087F000CA93288DB24819243587C26C780BD3628E
:108800009C0159561ECCF03AA22C4DB2218CB24C90
:10881000694BC22C4A76281E1E931CC9E234D3072A
:1088200059571CCCF07AE3E1AD3C0C619246D12063
:10883000693938E83932BC85E930480059601BCCC9
:10884000F0FA8AC363920F839894426D4C86248C0D
:10885000A3E131CAC36C1E59621FCCF03A7364386D
:108860008449940E8356899264189430C78655CCF7
:1088700094610EE36103596519CBF13AF3E1947405
:108880008AA668384553A5733A1CC424CFB27559DB
:108890007319CCF07A733007E3E131CBB338CBA551
:1088A0001CD2B124D7A43D01597420CCF0BA723047
:1088B00007A3611994AC528B2A511655422D49C316
:1088C00034C9C2A812859A00597623CCF0BA723006
:1088D0001AB6304A06A9964449165596A816496113
:1088E000168551524CB228A985110059781BCCF03D
:1088F000BA72301BB4341BB430CAC26838859530A4
:10890000AD8AA5AC9E01597923CCF0BAD26E493616
:1089100028C910258394444929899252524A124900
:108920004AD2A4984449280F02597D1DCCF0BA724E
:10893000301BA63C19C44A9845C9B04461A83626E4
:10894000619626519E01598221CCF0FA723007B30C
:10895000E1A06451258B2A599225599444592665E2
:108960009564902AD98E01598419CCF07A73341DFC
:108970009E72300787733C3C66B19443EB902D00A8
:1089800059861FCCF0FAEA59186569325C4AD5A8B5
:108990009A64A19255A2248B32398AC4244C00597E
:1089A000871FCCF0BA72301A86284786394AE228E7
:1089B0004986258A937AA447499C44C31D0B59884C
:1089C00023CCF0BA72301AC4381A94284C4A5994FD
:1089D0000C4B1447499C25831225711285890E255D
:1089E00000598A1ECCF0BA622D5B6BC39426599A4B
:1089F0000C8312656194A5629A646194558701594C
:108A0000921FCCF0BAD272980D07258C9262122573
:108A1000C312256124E5489427E52CCE72005993B2
:108A20001ECCF0BAD24EC35B9A6461940C5225CB33
:108A3000A42CCC9230C9C2A812859A00599621CC98
:108A4000F0BA622D5B6B839626599A0C831265618E
:108A500012A65A1226519245499684690059991CCA
:108A6000CCF0BAD2DE06A52D694AA2A49444522ABB
:108A700046599C25611665C51159A519CCF0FAB760
:108A80006187C25239CBA17878CC62298774A83A21
:108A90002E0059A81ECCF0BAC2382D0D4F7112A568
:108AA000513444DDB4288CB24A2DCAA2A416460023
:108AB00059AE22CCF0BA72301BA62C1C96304A92CA
:108AC000618992384A4A919414A3444C9A922C8A10
:108AD000B47059B91ECCF0BAD26E8332686992A5CF
:108AE000C93028511626D928253525AA44593D03D1
:108AF00059BB1DCCF07AE3E13547862147A2703897
:108B0000C451363C66B19443F2100D090059C62198
:108B1000CCF0BA72301BB44C4A06A52DA95586413B
:108B20008912A9A54DCA326958A234C9170059CB78
:108B30001FCCF0BAD28EE1A064956150A238899220
:108B40004193B230CA2AB5A8322869960059D0217B
:108B5000CCF0BA72301BB49641C92AC92055B2A8CC
:108B60009265D2204659A5168559120E430059D157
:108B70001ECCF0BAD2DE86A7240BA32C8C92619275
:108B8000C22C0AA3A49844C930A4610059D320CCB4
:108B9000F0BAD25A9266493628C3944861948551F6
:108BA000964AC316A64916465971180259D41ACCCA
:108BB000F0FAC74107D3E12D4A422D92E3E1318B10
:108BC000A51C5A876C0159DA22CCF0BAC224AC84B5
:108BD000515219165B12255954C9A2C4A674AB840C
:108BE000499464511225622859DC1BCCF03AA370D9
:108BF00078CE874147E2E110C7C363164B39240F93
:108C0000D1900059E523CCF0BAC2388CB2684892B2
:108C1000414AB2241393E1524B93A8A80C69528B9A
:108C20002A59120F090059E823CCF0BAD2D23044A5
:108C300069361CA4244CA22419A6A41426C93044C5
:108C4000625489A4248C6AA20059EC23CCF0BA7235
:108C5000301BA62C8A06250A93CA10254D499494E8
:108C6000925232445231296599541D0659FB20CC49
:108C7000F0BAA26188AA51D3A04495CA30244D9578
:108C8000A64A9F9492948C49360C621A59FF1DCBC8
:108C9000F07AB23C1AA6A494886996848936C6C331
:108CA000418C522947946C08075A0120CCF0FA9362
:108CB0001C2A0D87284D8721EA6918922CE9969481
:108CC000C22853A4A4B46461005A031DCCF0BAD2E4
:108CD0006EC3414B932C8C864189B2548CA3614A5C
:108CE000B230CEC261085A041BCCF0BA9A93E2F0BB
:108CF0009694A39A96A9F9F016A65A8E0CE1102E16
:108D0000005A071FCCF0BA622D1AD2301C5E4AB549
:108D1000A498444A943415B328946A511215B308A0
:108D20005A1820CCF0BAD2DAA0B50CCAA025B5A842
:108D3000324895AA944459146949298B92AE5A0035
:108D40005A1C23CCF07A72301A92254B2A83D2CB4C
:108D5000A048498B120D4AB2F45469522A524B541E
:108D60005222005A1F25CCF0BAB261CAC2281B0E8B
:108D70003A9424C31225611225C3520A236998929A
:108D800062122551A26609005A2020CCF0BA723036
:108D90001A86A83C2C4394D4936418A4A42DE9A962
:108DA00012654AA9492965055A2522CCF0BAC22480
:108DB0008C6CA56458A22C49862129D59248E922B9
:108DC0006952312925C52419C5005A291FCCF0BA8A
:108DD000C2381CB25234BC34559A22291986A428B0
:108DE00056422D694AA244CC065A3120CCF0BAB280
:108DF00041EBCBA00C5A9223D13044B55419862CA8
:108E00004C9328C9A2244BC2345A361FCCF03AEEF8
:108E10005132484392452DD9908591521A942CCDC8
:108E200087C72C47C6411B025A461FCCF0BAD22C2A
:108E30004A8621C9A2A661D1925A948549728D872A
:108E4000C72C47C6411B025A4922CCF0BAC238CDC2
:108E50008697D6A4324C4945899245899228D9A44F
:108E6000244D9A922C8AB46C085A5A22CCF0BA62D9
:108E70002D1AB2610A93641892A630E9174D99062B
:108E800031CA2AC92055B2241D14005A6A1DCCF0DB
:108E9000FAC26C78D2B644E99444B53047E2E13185
:108EA0008BB31C59876C48005A741ECCF07A066547
:108EB00050B2244BFAFF4F49964459920D0F6994D2
:108EC0004739B40ED9025A761ECCF0BAC2382D0DED
:108ED0000F51A55849862169AA548621EAA40C435A
:108EE0001265F50C5A7F23CCF0BAA26188D2A896FD
:108EF0001CA2244C2A8392E85134484994D5064D4B
:108F0000CAA2CAA0A459025A9223CCF0BAB2288CA1
:108F10008621CAA26850862C896A49346449584916
:108F2000862112D324DAC2A4312A5A9A23CCF0BA69
:108F3000A261889A8621AA548621694F2A83D22D5C
:108F4000691924A51625CAA04435291B045AB3243F
:108F5000CCF0BAD2DAA0B50CCA2025511625D12002
:108F600025511625D1A069492951BA2551120F0959
:108F7000005AC121CCF0BAD2D23044D56119B42400
:108F80004AA3A49444D29644491A255B12256D52F3
:108F900059035AC223CCF0BA42354B12294BA26175
:108FA0005994521225A56188C24A344C5A94259985
:108FB000962651A8095AC924CCF0BAD272980D0746
:108FC000A59824CA9094942C49A42C5186298BB23C
:108FD000244A4A4929292659005ACC22CCF0BA6A97
:108FE000619664C34B290993649892282925C3A5E7
:108FF00094D4A261536C51D2A912055AE121CCF04C
:10900000BAD2D23044596590922C49862169AA542B
:10901000862169EAB2444A4FCA2286025AE925CC1F
:10902000F0BAB228CCA268386449142DC93024158E
:1090300025512AC39034459A326549A724AA4895F8
:10904000285B501ACCF0BA8641C7722CC772301D0B
:109050009E733007733087921C8B015B541BCCF0DE
:109060007A062587921C89F22CCFF26497C221CB15
:10907000B35E6AA574085B551CCBF07A8641CDE2DD
:109080006890F2241924354BB36438A839962375B7
:1090900028065B571ACCF07AF3E1A0E4900E85C362
:1090A0008EE5583A3CE7600E253916035B581CCB19
:1090B000F07AD3E120E6500E25C39666629624C36B
:1090C000108569988669A6015B591DCCF03A062D7A
:1090D000CFE230CD925AD24D4A2A537FC9A26A9626
:1090E00064499886005B5C1FCCF0FA916C987224FE
:1090F000CAA3412B85C9144A95214CC2B4A825594D
:10910000944562005B5D1CCCF07AB3701872A43891
:10911000BCE6C830A8599CC5C321497328C9B118F9
:109120005B5F1FCCF0BA863B9263F170907328C9E5
:10913000B11C190631899230899230899268785B26
:10914000631ACBF0FAB56187D2E1A025D5A8341C0B
:10915000E47038A839528762005B6420CCF03A068C
:10916000511DD6A4314A8A8952549AA6A41825C5FD
:109170002889B22452BA28DD035B661CCCF0BA8A77
:10918000A5DA705072481A961CC9B17838C8399857
:1091900043498EC5005B691DCCF0FAC3418B9361D6
:1091A00088D262942D43B446C5282B85512496223B
:1091B00063005B6A1DCBF07AD3E120256D51122547
:1091C000599245C3902339940E073547EA500C5BFA
:1091D0007023CCF0BAC23C0B8741C9A264908628A8
:1091E000C911251B946A92AC52920C5A528B324987
:1091F00049035B7523CCF0BAF2211AA62C29291554
:10920000251992A59741E9962CA54AA20C521266FF
:1092100051186599045B7A22CCF07A8765D0E2E137
:1092200094B44849B44452961C06298C9361909298
:1092300026A553122515015B7D1DCBF0FA8AC321AB
:109240004AB3211994A8120DC9A0445936DCC3E1D0
:1092500020E790085B811BCCF07A73341E0E4A0E17
:10926000E950360C3A92833998833994E4580C5B70
:10927000831BCCF07A73341E0E4A8E94723007A38F
:10928000798772300EE3741812005B8518CCF0BA3F
:10929000D3E121C76429D5871CCCC1611A74306D14
:1092A0001E065B871BCCF0BAE3E1A0E4908E0F436F
:1092B0008EE4603C1CE41CCCA124C762005B881CCB
:1092C000CCF07A73341E0E4A8E9473301D0E619664
:1092D00023510EE650926329005B891ACCF07AF391
:1092E000E110E54854AD0F6F611CC6520EE95024E1
:1092F000AE0A005B8B18CBF07AE3E190E48898C566
:10930000E97010F7A41AD55AC26A0A5B8C1CCCF01B
:109310007A73341E0E4A0E49C392E3C3418C722401
:10932000CA9128EBA20E015B8F1CCCF07A73341D1E
:109330001E722CCD87439C63498E44795493C2742A
:109340001814005B9719CCF0BAD3E121C7742C1B19
:1093500076CAF09C2351312B55C234065B981ACC47
:10936000F0BAD3E121C7A461CAC2388C8739078714
:1093700021ED3A0C11005B9918CCF07A73341E0E73
:109380004A9825693EDCDA865BDF865B9E005B9A45
:109390001DCCF07A73341E0E4A0E29C3A023391255
:1093A000E54834A4519E9433351D065B9B1FCCF0D9
:1093B000BAD3E121C7A43C5B862C4AA22C4AA24A1C
:1093C000531A256A9467D9900E015B9C19CCF07AE8
:1093D00073341D1E724C1A86244BD36148ABC39064
:1093E000761A1E5B9D1CCCF07A73341D1E724C19CC
:1093F0000625CEC11C19861CC9C124874AC3035B3C
:109400009E1BCCF0BAE3E1A0E490544B933CCB918B
:10941000281D5E931CC9E234DA055BA01ECCF0BAAD
:10942000E3E1A0E44831CA912C1B0E6A924349A2A1
:10943000467A9495B4C432085BA117CCF0BAD3E154
:1094400021C7D4301A6E6DC3AD6DB8B5E7600A5B45
:10945000A21BCCF0BAD3E1218BA56148A224CB9109
:109460005DCBE66D18D2AEC310015BA31ACCF07AC7
:10947000E3E121C792E1905386418CC36110E37010
:1094800018747C785BA41CCCF07AE3E121C794616A
:1094900050C21C0BD361D0736418722407E3E1013E
:1094A0005BA61CCCF0BAD3E121C7946150A22C1F5B
:1094B00006310EE37018C42CCFF2E1025BAA1CCC7B
:1094C000F0BAD3E121C7A462360C619683E9F018A3
:1094D000E5489467D9900E015BAB1BCCF0BAD3E1A1
:1094E00021C7A461CAC2388C879D360C621CC6E1B4
:1094F0003048005BB019CCF0BAE3E1A084B56188D4
:10950000B31C290ECFF970CFC11C4C015BB31FCC2B
:10951000F0BAE3E1A08459120D438EE4C830E44868
:109520003C1CE41C1986B43A0C11005BB41DCCF051
:10953000BAD3E1214A136918922C4D872147D2E111
:1095400035CAA31C1AC2411B5BB51CCCF0BAD3E1CF
:10955000210DA59630A90E831887C320C6E1308857
:1095600071984A005BB61DCCF0BAE3E1A0E448690B
:1095700018F21C4BA25051F24895945889A2ADAAFA
:10958000025BB91BCCF07AE3E121C7A4302A495928
:10959000D4588D236558B4300EE361035BBD1DCCF8
:1095A000F07AE3E121CA2AC321CCE26148A36A54DC
:1095B0008DAA495316854338085BBE1BCCF0BAE32D
:1095C000E1A0C4913448610E0E8398E559383C6699
:1095D000719AE9025BBF1ECBF07AD3E1298E9261CA
:1095E0000B4365581AB324CC92614BC22C09B36467
:1095F00058005BC21ECCF0BAD3E121CAA53C1B9235
:10960000B1920C97504B3225AB4489548B32290CC4
:109610005BC41ECCF07AE3E1214C956150C2281C5A
:10962000DEA17090C22C0A072987921CCB005BC573
:109630001ECCF0BAE3E1A0E448651874241F06319B
:109640008BC26110B3281C06350C65055BC61CCCAB
:10965000F07AE3E1210B93341193444B2231899248
:109660006119F3ACBF0D17005BC720CCF0BAD3E192
:1096700021C7E42C19942147D2E1984449986462A7
:1096800012454A9484E230045BCC1ACCF0BAD3E1A0
:1096900021C794615072CA30A4C5E1D636DCDA869F
:1096A0000B005BD01ECCF0BAE3E1A04459D22D4DA3
:1096B0009261DAF2E1214B93684C3A4552A4D5000D
:1096C0005BD21BCCF0BAD3E1218B32651894308A7F
:1096D00087418EC2E1A9B1541373115BD320CCF042
:1096E000BAD3E121C7A26110B3281C06318BB2E1C5
:1096F0001085591426A56458A25C015BDD1FCCF0CF
:10970000BAD3E121C7A2685094389306310E936111
:10971000509452A2846AA826D3005BDE1DCCF0BA16
:10972000D3E1218BB2E1218CE26110E37018C438DF
:109730001A1EA3700887005BDF21CCF0BAD3E121A9
:10974000CA326948864889922C09D36448921DC957
:1097500086214ECA514DD2045BE11BCCF07AE3E185
:1097600021C792E110968739CC86A7384B86A5563B
:109770008A340D5BE51FCCF0BAD3E121C792211AE0
:10978000B2244BA221B14AD99048639443520EA906
:10979000830A5BE81ECCF0BAD3E1218BB26818E4EF
:1097A000281D0E61358B226558E41C898A9196002C
:1097B0005BF818CCF0FA733007C3E13D0EF32CCF01
:1097C00072300773308746005BF91ECCF0FAA11C9B
:1097D0008C06311E06250A43B554CD923089922C51
:1097E0000AA31CC9A1095BFA19CBF07AE3E19C63D7
:1097F000E970D0B3E1208571166739528742005B6A
:10980000FB1BCCF07A863B180E830E66C31DCAC1C3
:1098100070780AF32C87921C4B015BFC1CCCF0BACD
:1098200086418CC36110F32C0F874187B2E12DCCA8
:10983000B33CA96321005BFF1BCCF07AF3E110E796
:10984000C321CD87B7301D0E499415A31C89724CD6
:10985000035C011FCCF0FAE2308E06B1346C713239
:109860000C599845D12025611C0E59B22639160194
:109870005C0422CCF0BAF26810A32C8C868392850B
:10988000D12046591225C39484499845619485494D
:1098900066015C061FCCF0FAA21C8906254AB28A32
:1098A000524CB2244DA450CD92E110B56649DA284D
:1098B000015C0921CCF07A862D0AB328CCA261196B
:1098C000921C8992218BE2241A9652354AC6A49F93
:1098D000C4085C0A1BCCF0FA8AC3414DE2E11625AC
:1098E0005136DCF26CB843E1F0568746005C0F1B42
:1098F000CCF0BA73300773244AE2A89895C2500D91
:10990000E31CCCA124C762005C111BCCF07A73303D
:1099100007A334CAC2288CB254CCF228C772484775
:10992000F41D025C1419CAF1BA7228878641C9C5B0
:10993000282E2561D4968959254752005C1618CCEB
:10994000F0BA73244AE2A89895C23A311D9E732C4E
:10995000C935BB005C1818CCF07A733047A26A9402
:109960003526392907F3E110E7603C3C5C1A19CA37
:10997000F13AE328AB44713A1C74441A22A92495A5
:10998000A421D2115D5C1D1CCCF0BAB2625447D246
:10999000E121C7A46148727838A839966369385CB8
:1099A000005C241CCCF07AA31CC9F278784D722894
:1099B000C9A12447A21C89B24E61360F015C271B46
:1099C000CCF03AB369187224CB9152AC65D390C3F2
:1099D000C3639467DD8674085C3122CCF0BAD23858
:1099E0004C926148A27C500629CCA27090D42CC91C
:1099F0001229892ADDA24AA464035C3819CBF0BA83
:109A000086531EE5511E0DA73CCAB11CCBB11CCA22
:109A1000A11C035C391BCCF0BA8641CFF22C1B0E83
:109A20006A9667E130C8619C633996433A065C3AAE
:109A30001ABCF0FA86418CC3381C0631C9A13A120F
:109A4000E5619C86799443025C3C1CCCF0BA865B51
:109A50009EE5D970CBB32847A2308B22315AB3345C
:109A6000C95275185C3D1ACCF0BA86418CC3381CBB
:109A700006B11CA6911496EA90A6A33A1A025C3E7F
:109A80001BCCF0BA865B9E0DB71C4CB7610EC76449
:109A900088C3211BB624CDE4415C3F1FCCF0BA86BD
:109AA000439423518E44C3210AE330CA86A4182567
:109AB0006A94D4A22E6D6A0A5C4021CCF0BA865B0F
:109AC0009E0DB71C1C0E518E44C92055B2A892455C
:109AD0004934484994453AA2005C4122CCF07A8648
:109AE000439423518E44C3214AB234C9A2CA524B73
:109AF0003231C9D2A44D9232291C025C4220CCF0F2
:109B0000BA86439423518E44C321CAC168D87230A7
:109B10001906298BC3282B26D930085C451FCCF0A9
:109B2000BA865B9EE5D9700BE3E1108571320C5962
:109B30009246D5281A86244B13005C4821CCF0BAF3
:109B400086439423D170887230896A49544B8621A8
:109B50000BE324CA92A89644C32D0E5C4923CCF093
:109B6000BA86439423518E44C3214A4A61520A87DC
:109B7000439494C2A41426C9904579360C025C4AD9
:109B800022CCF0BA86439423518E44C3210AE33099
:109B90004E86414AA22C4A8641896A4934DCE20059
:109BA0005C4B21CCF07A86439423D17088723019B3
:109BB0000629CBA3304B86410AE3641894B4321CC7
:109BC000025C4E1DCCF0BA865B9E0DB7304EA25A99
:109BD0009414874314C6D99825B5A825CA0A5C4FA2
:109BE0001CCCF0BA865B9E0DB7242C558743D41A43
:109BF0005587439245619495C20C5C5123CCF0BAD1
:109C000086439423D1708892A81625C56418A4248D
:109C10008E926190923889864189622D1C5C552014
:109C2000CCF0BA865B9E0DB7280B875B9485C32169
:109C30004AA25A12255994855112D544015C5E1DE1
:109C4000CCF0BA865B9E0DB73C4B86B19C0C43961C
:109C5000442DC3A556A90C8A140B5C601ECCF0BA27
:109C6000865B9E0DB7B6E15649874354CC9221AA34
:109C70005486280B937058005C6120CCF0BA864360
:109C80009423D170882AC5E11065EB9024531627E0
:109C9000C3258BC2708B86685C6524CCF0BA864382
:109CA0009423D1708892A8260D5A944459920CDAC4
:109CB00090444D435489B22893B244125C6F14CC43
:109CC000F07A73301E0E729EF5B7E1D69E360F0302
:109CD0005C7118CAF13A732887D22CD4422DD44231
:109CE0002DD4422D1CDE91005C791FCCF0BAC23815
:109CF000AC9486A53549E4A432288D5152AB94C268
:109D00004109B524CC07015C7F1DCCF0FAE3300E8D
:109D100087A51426A530290D4B59292B87648772F6
:109D200028C9B1045C811CCBF0BAD3304BC22C19CA
:109D30000E690E0D4396464A9627399423EA9003FE
:109D40005C821BCAF23AA23089C264B883C3A043C2
:109D500039140D83944339A223C9705C9419CCF053
:109D60003AA33C4CE348191635CA9128CFC249CED4
:109D7000FADB70015C971BCAF13AB2500B87838EF5
:109D80000D073592924C0BA52453B2484774015CE1
:109D90009B1BCCF07A736418D2962C8DAA613C1C64
:109DA000C2582B69A5E110E590025CA91ACCF0BA63
:109DB0008B591466D170C8E1E131C786215423253F
:109DC0006D1D86085CAD20CCF0BAD2B6A49444498F
:109DD0005B529122A556A90C43524D064589B23AD1
:109DE0009A8311005CB31CCCF0BA8770C8911C1C1C
:109DF0006E611C86C373318BC22C1A0E518E2400E7
:109E00005CB819CCF0BAB2DE863B65384439980CA0
:109E10004316C6C321491BE3105CBF1FCBF0BAD366
:109E2000304BC22C190E611E258312A54994265170
:109E30003228519AC54336085CD91ECCF0BAD2DA22
:109E4000A0A55952AB24C3A59A54864B35E9960C6C
:109E500052254B734C015CE11FCCF0BAD2B6A43250
:109E60000C4922454A7FAB24C3A5960D5212655179
:109E7000922359AA065CE61BCBF07AD3E1A05535B4
:109E80002DC9925216657524CE4A59292B0D1700FB
:109E90005CE821CCF0BAC2248C2CB528519A2AC98E
:109EA0007069AA54944449266550A25AD22EA962D8
:109EB000005CEA21CCF0BAC224CC2A3D2989524A5E
:109EC000DA928AAA5406A55B3228599225593EE8AF
:109ED00059025CED20CCF0FA91344BA2A2D2AD52E3
:109EE0001986A451A90C43D2A8340ECB306449186A
:109EF00067025CF022CCF0BAC2381CB24C89925A8C
:109F0000A594289525522A83D2563928529623C3E0
:109F1000902319005CFB21CCF0BAD26294B40C43BC
:109F2000524A12A52DA99894D290345506458932EB
:109F300029C7925C135D071BCCF0BA8B59341CF215
:109F40007478C8B16818747C78CAA22CCC92500C72
:109F50005D0E20CCF0BAD2D23028B54A298992B60B
:109F6000A4325CAA49CB920C4AB764C9C11C5A00FE
:109F70005D141DCCF07AC22C0AB36838A4498E64F3
:109F8000F17048C4CA700BE3E116C6C3215D161D0B
:109F9000CCF0BAB2DA70A70C87288C9361C8C2786B
:109FA0003844619C0C439486D1705D2922CCF0BA70
:109FB000C22C0AB36838E4F8900C52258B86649062
:109FC0002A5934248354C9922CC9B44D5D2D25CC13
:109FD000F07AC22C0AB368386439320CC91025599A
:109FE0009A6483320C519845C9B04461948549986C
:109FF000005D4C1DCBF07AB252561A4E8D516D3821
:10A000002851D23264A5AC548986244B22315DCDCF
:10A010001FCBF07AB2D2700BB3E12055A2E430240A
:10A0200089120D2FA524D392494A92491A5DDD1A4F
:10A03000CBF0BAF2282B65A5AC9495B25256CA4A19
:10A040005929ABE4880E055DDE17CCF0FAF2AC7F3F
:10A05000492429E945CA925AFF1466490E055DE173
:10A060001BCCF07AB2A85FA26A548C4A4B544BA224
:10A070005AD4DFB12447B261105DE21DCBF0FAA2E1
:10A080005A548D6AC3A04559360C5A9465C320A70B
:10A09000C3416AD232015DE515AB107B86738EE554
:10A0A000588EE5588EE5588EA5C3415DE619CCF073
:10A0B0007A73301E1E7330C7727018B4300ED362BC
:10A0C0001C0F87005DE719BCF0BA87839636C6E19E
:10A0D00020E5489423D1BC433952C722005DE819DA
:10A0E000BAF13A1E74288786418AA3381A0629874E
:10A0F0007228878643005DE91FBCF0BA876850A2CA
:10A10000308BC22C0A3325CC1271892231CA912896
:10A1100049B32453055DEB1BBCF07A86439E235163
:10A12000352A66492A255A94482D529E83E9F00023
:10A130005DEE19CBF1FAC238CA86831A0FE774387C
:10A140008839340C5935AC0C075DF118BBF13ADE97
:10A15000B11CCBB16838E5588EE5900EE950321C41
:10A16000025DF217BBF13ADEB11C2B67C3A0E558C4
:10A170008EE5481DA923D1705DF318BBF13A9EF21C
:10A18000288FF26838E5580EE9900EE950321C022B
:10A190005DF418BBF13A9EB25256CA4AC329C7723F
:10A1A0002C8774488792E1105DF71ACCF0FAEA59CF
:10A1B0003A1CC22C1CDECAC3202959A40D7ADA3CF1
:10A1C0004C005DFE18CAF13A73281D0E5AA8855A34
:10A1D000A8855AA8458956CDA1145E0119CAF1FA7D
:10A1E00091E190E7503A5CB24A56C92A59D216C555
:10A1F0003914025E021DCCF03A73341E5E7364188B
:10A20000C4280BA32C8CB230CAC228294675240658
:10A210005E031BCCF07A73301E1E931C89F261D052
:10A2200092A8AF51354A74240753005E0520CBF045
:10A23000FACA5929198628294949494A4A52529243
:10A2400092921225514BA2A4599C015E0622CCF099
:10A25000BAE2301B9441892A4D958A12252D52D29B
:10A260005469AA3485599444B5244AC2015E082031
:10A27000CCF0FA72301986A45849862169AA34555F
:10A280009A2A4D95A65A1225529AC919005E0C1C9D
:10A29000CCF0BA4459C9217DDAE3E131C9875312C0
:10A2A0006549540BA3444752005E101FCCF0BAB26C
:10A2B0003CAB0C4A54E996B426C970E996744B9AA3
:10A2C000C22C0AB3A49669015E1520CCF0BAE23024
:10A2D000CD0665189246A55169542AC390342A8D3B
:10A2E000511646D9306561005E161ECCF0BAD2B662
:10A2F00041ABD406A556A9552AC390342A8D5116D0
:10A3000046D9306561005E181ACBF07AD3E11DCAD8
:10A31000C2521665A1320C5A9495B252568AE41470
:10A320005E1A1DCCF0BA864107D361C8C17018749B
:10A330007C7808D36818C4280BA3648F015E1B1AAD
:10A34000C9F1FAE26188D26818A2341A86341C0E68
:10A3500059A6655A3286005E1C1ECCF0BA72301BBC
:10A360009441C9926E49B7A45BD23228EDC9948456
:10A37000A5AC1855035E1D1ACBF07AD3E1A0D59396
:10A3800070780C956148A2C6A81815A3444F015EC9
:10A39000261ACBF0BA9A8683D4189586C7501986A8
:10A3A000246A8C8A51314AF4145E271CCCF0BAD24C
:10A3B000EA70AB54862169543A299D944E4A27A5E8
:10A3C0006B988491265E2D1DCCF0FAE3E110D5C286
:10A3D000E110D5C26810CBC9306449544BA25E94D9
:10A3E00038045E2E1FCBF0FAB221199428AB4483B7
:10A3F0001265A5614886A8120EB7282B65A5484EA0
:10A40000015E381DCCF0BA9A93EA705072A434CC35
:10A41000613CEC488E0C8318656114E931005E3DA7
:10A420001ECCF0BAA26188AAC38392A84A325CDA31
:10A43000929641E996B40C5AB7416B015E421CCB2F
:10A44000F03ABEA489320C499486C310C7C3416A4E
:10A450001B0E4A548C123D055E4521CCF0BAA26118
:10A460008872685006A55BD23228ED49325C122909
:10A47000529261907A1A86A81A5E4C21CCF0BAB238
:10A4800061CAC2611986A451A90C43924891D22F86
:10A49000C3A5948495521625516D5E551CCBF0FAD8
:10A4A0006AC341AB0E439886C3102659341CA4A638
:10A4B000E120354689045E6220CCF0BAD2D2F05455
:10A4C000A90C974E4A6518924E4A6518925A251A59
:10A4D0008628AD0C83005E7217BBF17A86738EE519
:10A4E000583A1CD41CCBB11CCBB11C4B015E731968
:10A4F000BCF07A86439C23519626518EC4C36B0EC2
:10A50000E6600EE6600C5E7419CCF0FA7270388565
:10A51000697D18C42CCFF22C1CDE73300743005E1B
:10A520007619CCF0FAD238CBB178B866799667D97B
:10A53000F098C5611CA635005E7817CBF07AE3E190
:10A540009C0E07AD9EA4C3391D0E6A8EE5580A5EA7
:10A550007B1ECCF0FA72301AA61C89AA49140F731C
:10A56000964739125593681CA4A48E45005E7C2141
:10A57000CCF0FAC2384C9B924189B268D8A22C8C9C
:10A580008A599225D93024591246491A26005E7DEF
:10A5900021CBF07A73A4D412254A94444AA224C34E
:10A5A00032245212254AA224C383188AE1F0005EA5
:10A5B0007F19CCF0BA73341E0E510EE6600EE660C1
:10A5C0000EE6580EE6580E025E8417CCF0FAE3E170
:10A5D00010E560398CC33819862C4CFB180D075ECA
:10A5E000861CCCF0BAF3E11085711887F17088C22F
:10A5F000384BD22C09B3A63489F2005E8720CCF008
:10A60000FAE3E110E56092A54996265954B9255917
:10A610009A6461949492488AB46C085E8A1BCCF068
:10A62000BA73341E0E511887F17088C2385BA3A428
:10A630001675C93239045E8F1CCCF0FAE3E110E5DF
:10A6400060320C59250DE3E110855116A66D49982D
:10A65000A6005E901FCCF0FAE3E110E560391986A0
:10A660002C49B324CD9261C8921C8972A48E4439BE
:10A67000025E931CCCF0BAF3E1108571320C529655
:10A6800047D56418B2B431192E719667005E941ADA
:10A69000CCF0BA73341D0E4A0E667998454916F50A
:10A6A000ADA73C4B8643005E9521CCF0BAF3E11098
:10A6B000E560BA25439C4471320C5212C5491646D6
:10A6C000492989948A1645025E971ECCF0FAE3E187
:10A6D00010E560391CB2300EE36418B2248DAA5123
:10A6E000340C499626005E9922CCF0BAE3E1A0E44E
:10A6F00060398C93619092288B92619092288B9212
:10A70000284BA26150A238015E9A1DCCF0BAF3E149
:10A71000106579320C59DB7088B29661C832354CBD
:10A72000C2AC14A9025E9C21CCF0FAE3E110657979
:10A730001466D13044899829611625511655A22CEA
:10A740008CB2300933055E9E23CCF0BAF3E110657C
:10A75000499A45E170882A7194445994149328C900
:10A76000A2484A4A9A124543005E9F21CCF0BAE3C0
:10A77000E1A044499425511625C325CBB3418BB4A0
:10A7800052524CB23089142952055EA61DCCF0FA03
:10A79000E3E110D5C2E110D5C26810733019862CE0
:10A7A000CA8A49186ED1365EA71ECCF0FAE3E110D2
:10A7B000E560122561122561A2249A3415E364181C
:10A7C000A2B4311A0E5EAD1DCCF0FAD3E1A0E46064
:10A7D0007250B2A6304B864BD6522B4583D29C6426
:10A7E000C3005EB620CCF0FAE3E110E5609485C3C7
:10A7F00021AA8551164683986351D294441525CADF
:10A8000092005EB721CCF0BAF3E1108571320C5999
:10A810001865C3210AA32C19862C89DA925AD412FE
:10A82000455A005EB823CCF0FAE3E1108551960C4E
:10A8300083144659320C5912D59261C892A86918EE
:10A84000A22E599428005EC922CCF0BAE3E1A0649C
:10A8500051980C972C4AA26418A42C4A946418A40A
:10A860002C0A2353254A9A1A5ECA25CCF0FAE3E152
:10A8700010D5916448A6244A4AC99068499468C989
:10A88000909492308992D21229A51C89005ED3221D
:10A89000CCF0BAF3E110D591E1102551524A86A4CB
:10A8A000146BC352CAA2A432286DD9906911005EFC
:10A8B000D621CCF0FAD3E1A0949252A52993A444D6
:10A8C00059A2504D6E61922891520A952C1A44005B
:10A8D0005EF61DCBF0FAA16119C2348BB3D23024DD
:10A8E000519A442D51260D530E2572380C5EF71CDB
:10A8F000CCF0FA216588E6302D66C3908C7158093A
:10A900002BD1A0E558A287C3105EFA21CCF0FAC380
:10A9100069D8C2284B864149A36819C62C4D92615B
:10A920000BE36418945A980D83005F0019CCF07AF9
:10A9300086439AE5599EE559363C667916877198A3
:10A9400016E30C5F021ACCF0BA86418CC361107317
:10A95000300F8741AC0D6F611CA63539035F0319B9
:10A96000CCF07AE3E131CAC3741874300DB3E12D31
:10A970008CC3B41867005F0419CCF07A86439C231B
:10A98000C3A0C7C33B25CC86B7300ED3629C015F02
:10A990000A20CBF03AA2A49848D9B00C52B25486FF
:10A9A00028524A4A944C596D3868D5305333005F69
:10A9B0000F1BCBF0BA931C89F27038C839960E4938
:10A9C0001EE5599C45D9940CB1005F1318C9F23AA1
:10A9D0000E3A9223D13044798E0C77244772244D5D
:10A9E000F2085F151BCAF13A6E699666C9A025790F
:10A9F000920F43966669966651126669005F171C4E
:10AA0000CBF0FAA23C0A8743185586431215878378
:10AA10001665A5AC94684531045F181FCCF03A0662
:10AA20002DCFF22C1CB2300ED374887224AA46D5D6
:10AA3000244C2AC3106561005F1B25CCF03A863098
:10AA40000EE324CA86245AC221A94949322451124C
:10AA500026511226519C449112A549380C5F1F1CA7
:10AA6000CCF0FAC23C4A87439E65C3AD3E1CC2246B
:10AA7000CCA230CAA264CCF2145F201DCCF03A867E
:10AA8000280BA36A9484931AA6D9F094C451124750
:10AA9000D5A825938A055F251ECCF0BAD341C9A15C
:10AAA0006418D564C8C238AC9486A435298552256B
:10AAB000CA524D035F2620CCF0FAC3218C9361C8A3
:10AAC000C26CC8C2344BC2411AC238CBA32C899283
:10AAD0004149B4305F2721CCF03A8638CCD664891E
:10AAE00086A4294C4A61521A92D6A435298549294F
:10AAF00029254AD4165F2F1CCBF07AD3E1202551AB
:10AB00009A4449D4A40C838E45C3A0E5D870C7F2FB
:10AB1000095F311ECBF03A066510D3301D96610DEA
:10AB20000765D8922C899AB6414AA4304DB6055F84
:10AB30003921CCF03A86280BB3244D86831245E2A6
:10AB40003088513428C39085F1700BB3240DE30C89
:10AB50005F3A23CCF03A866810A32C8C066508B3C4
:10AB60007018C4281A94A8960C4316C661A4A4436E
:10AB7000926D015F521DCBF0FA722C1986289662F5
:10AB800029969261886229CEE2288FA261D0910035
:10AB90005F5318CAF17A6BA55AD49C44C3218772BB
:10ABA0002819EE500E0D07015F551DCCF0BA862115
:10ABB00007D361C8C16C78CD91284B132557622506
:10ABC000CAB44C95015F5D1CCBF0FA86B1363C25CA
:10ABD0004D89521A0ED229499462940D07AD286608
:10ABE000005F621ECCF07A86312A66511646D5285F
:10ABF0001D4E59948551354AA3629495C244035F12
:10AC0000641FCCF0BA0631CA6A5231694D8AC93024
:10AC1000445929CC92340BA3AC54898A89065F66C7
:10AC20001ACCF0BAF3E110D6A3743844A11AE99B08
:10AC300098C98926A55AB6025F691ECCF07A0F49D9
:10AC40001625513191F23819862814D3294D8A4995
:10AC5000D4928571A4015F6A20CCF03A77288E8661
:10AC6000294BA2A434689528099331CAB3640A9386
:10AC7000A6A4142AE1205F6C1FCCF0BAB23C0BA34F
:10AC8000AC321CC22C4C4E915291924E4A164659EF
:10AC9000A7304B32005F6D1ECCF03AE3E19486D9C9
:10ACA000B0E478326C511865C3924669544C8724DD
:10ACB0001AC20C5F701FCCF0FAE26418A230AA0D21
:10ACC000839A85D1A03585839AC5C93044691827F0
:10ACD00023005F7120CCF0BA0631CA6A831466493A
:10ACE0003A88D5641894304BD2418C925AD412458C
:10ACF00036005F791CCCF0FAA221CCA22C8C7A8C85
:10AD00004245C99368D87A0A43358BC244145F7BA5
:10AD100023CCF0FA921C899241C92A529225D1B0D3
:10AD200054A42C51A2A42952A23E66511625513199
:10AD3000015F7C1FCCF0FAC2B4980D8394443D4A65
:10AD4000C352D24A499445919864691225A1A20937
:10AD50005F8016CCF0FACA69980D831E8769511A74
:10AD60000625ED2FC3205F811DCCF0BA7230190685
:10AD700025CEA2302D4AD1A044D5A81A55A3EA70F9
:10AD80008872085F841ACCF0FA722C1AA63C2AA6A4
:10AD900061926995521A658396F66518045F851E5F
:10ADA000CCF0FACA619A0D4B94C5C930287294242C
:10ADB000C320C561168595300EC3095F8820CCF08D
:10ADC000FA92618BC2281B96B025CCA261924A4AA6
:10ADD00054C9A22C8C9262A495D2005F8A26CCF032
:10ADE000BA926150A2588BA3241992521225531281
:10ADF00025A5244A4AC99094E2248A936818942885
:10AE00000E5F8B1FCCF0FACAD130A551120DA730BE
:10AE10008AA46129C6C93064613C1CA2300E43007B
:10AE20005F901ECCF0BAC2344CB2300B93344A92CD
:10AE300041594BC3A0A4B5A41675C92AA1085F92B5
:10AE400020CCF0FACA619A0D4B94C5C9302862250E
:10AE50004AE22819B22889A3244E12591C025F978E
:10AE600021CCF0BAA2618BC2281B962809B368983E
:10AE7000742889862D0E9361906A611685A9045FF6
:10AE80009821CCF0FAA2621665D1216ACCA24C9925
:10AE900086248BC22C0A9369CAA2308BC22C8A00EA
:10AEA0005FA127CCF0FA921C89B2251B1449899224
:10AEB000288B92441916258B9228499452524AA203
:10AEC0002419A6210BE3085FAA23CCF0FAD2291992
:10AED000C4282B0DA7240B95641892C628498629EF
:10AEE000294649324C49319286015FAE23CCF0BAF3
:10AEF0006AA1D296748A06654A93281A94444EA28F
:10AF0000682955A22C4AA22C4A9A92480B5FB72274
:10AF1000CCF0BAC278382469180D83967452862111
:10AF2000A983C3210AE3444A32254BA26C88005FFF
:10AF3000BD21CCF0FA9246A52D1994281FB2416983
:10AF40000A935B52AAB40C522D8C92444A12A70069
:10AF50005FC31DCCF03A7334477324CA91344BE27B
:10AF600028C99362941423298CC37CD0005FC51E2A
:10AF7000CCF03A7334CB91288D9238AC645125CB08
:10AF8000A4A29464A918AA91344C005FC61DCCF009
:10AF9000BA72301AB63C49D428A9554A71966779D5
:10AFA0009423511A55A36C185FCC1ECCF0BA86219D
:10AFB0000773301D8634CFF27018F41CC9A24A966C
:10AFC0004969120E13005FCD1DCCF07A867B1646C0
:10AFD000591865A530CD441D0FA3240A9352454A44
:10AFE000E361025FD71DCCF07A73301E5E73301FB1
:10AFF0000E3929C99328292551124961140E1A00C6
:10B000005FD81BCCF03A73341E9E7230078741A77D
:10B01000E649544BA2A4294CD241035FD91ACCF083
:10B02000BAC2386D4BA26150A43469CFF22CCFF272
:10B030002CCFF26C185FE01BCBF07AE3E19495B271
:10B04000D270CEB11CA945499425C5440AE34102FA
:10B050005FE71ECCF0BAC2384CC2529228C3A0742B
:10B060004BB224CD92344BD22C49A3FE120E5FEB8F
:10B070001FCCF0BAC2388CA36149B42869AA14A3C2
:10B080002C1906298CB3248DB23049333D5FF11D54
:10B09000CCF0BAC2388CA36150949A92289912C607
:10B0A000A19A256996A4517F09075FF51FCCF07A14
:10B0B000732CC9912C8E6A62A40D438EE5588E14B0
:10B0C000A3244AA2A4186983065FFB21CCF0BA62CC
:10B0D0002D5BB33491D2A4320C49168559146651B4
:10B0E00018656194854918AA11005FFD22CCF0BA59
:10B0F000727018C4244AB22889D2A818657194A421
:10B1000061A5182551124961140E1A005FFF20CC69
:10B11000F03A931CC9E2341B0E719688591C25A184
:10B120009827619444499414236DD000600021CC89
:10B13000F0BA7230190629CD122D4C4A5A92296163
:10B140009444591265519845611CC6610860011DFF
:10B15000CCF07A73301E1EA33C4CA32C12339D52AC
:10B160008C9228899262A40D1A0060021ECCF0FA1B
:10B17000C2388CC3584BA3A416664998C67912D519
:10B18000923889C2241D2400600E1DCCF0FA727022
:10B19000382539120D539683C390E670258B2AB952
:10B1A0009426E13001601220CCF0FA72301A9461DA
:10B1B00029464931C9624D544A438E26B54A9425E1
:10B1C00051980F1200601421CCF0BA72301A862800
:10B1D000CD12314B6A952CD92A6996A459926649A9
:10B1E0009A2569320C0260151ECBF0BAC2348BA3CB
:10B1F000614894504944250AA368988A51312A46E7
:10B20000C5281A0660161DCCF0BAC238AC24C34556
:10B210004AB2A45B120D4394482525EAFF454A3300
:10B2200000601C1FCCF0BAC2388CB3244B942C4A5B
:10B230004A95448C4AC316877198256918A7190046
:10B24000601D20CCF0BA8641CCA2308BC26110B315
:10B2500028CCA27018744A298B922C93D27898002B
:10B2600060201DCBF03A7328CC863B960D43988620
:10B27000C39093922C4AA24C0A9370900060251BB5
:10B28000CBF0FA726C185B8621C7C261C8B1701826
:10B29000E24AD41226DAA00460271ACCF0BAD252BD
:10B2A00035AA25CA3028512DA955D2DAA0A57D1975
:10B2B0000601602820CBF0BA726C19A24AD412257C
:10B2C0008994885116854392E548D412268D893693
:10B2D0004800602A1DCCF0BAA2618BC224915A4A60
:10B2E0005A12265192B548ADA5614BBB0C83006044
:10B2F0002F1CCCF0BAD24EC3A0885952AB24C32025
:10B30000A5C5384CC2AC6918A22C0C603B1DCCF012
:10B31000FAEA487D18C4388CC36110E39CD2182522
:10B3200051124961140E1A0060431FCCF0BAC238A2
:10B33000AC28C3D21426C97089C36418A4388CB24F
:10B34000308BC2384C2500604B1CCCF07A73341D16
:10B350001EA33889923089FA9C27512D8992A630F4
:10B3600049070D604D21CCF0BAD2524991929EA668
:10B3700024CD926418A42C0AB328CCA2308B92A8B6
:10B380009644492A605021CCF03A066508B328CC8F
:10B39000A23053C22591B44A98AA79126551124637
:10B3A0005218858306605222CCF0BA9261907228BE
:10B3B000C9A14419968A9894862D0AB328CCA26113
:10B3C0008BC22C07936110605522CCF0FA72301BAF
:10B3D000926189B2288922252A4A439894221D4DD8
:10B3E000B24A94949230D2060D60621FCCF0BAB289
:10B3F0003C4B9364B84869D22D89AA512295945A3E
:10B400001225A1968459531A60641CCCF0BAC23834
:10B41000CB93614892A5FFDF926E49B7A45BD26DD2
:10B420003844390460681DCCF0BAB241EB4B220DB0
:10B430004AB7A4366895A896D44A6116859994159A
:10B440000360691BCCF07A865BDF865BA724CA9217
:10B450002CC9867B25CAA2248CB4410A606B20CCFF
:10B46000F0BAA26188AA51555192454954254A968D
:10B47000A8D25469AA2C51A5A91A1505606C1FCC35
:10B48000F0BA622D1AB224CD12314B92E192761AA3
:10B49000B628CCA2308B862D0A1300606D1FCCF02D
:10B4A0003AB33C0B87839885C3418CF2244AA34C62
:10B4B0004ADAA4244AB2A892CA00606F1FCCF03ABC
:10B4C000736818C4381C06310E87418CC3615093D1
:10B4D000304AA230A926DA3001607020CCF0BAC21E
:10B4E00038D4922CAA2861D2AC64439883D1B04559
:10B4F000611685591466D1B00060731ECBF0BA8610
:10B50000214CC36108D37018C228AB24A3AAC64932
:10B510005489C2441B940060761FCCF07A86439A0B
:10B52000C4511285497B920EEF947A1225A5244AC4
:10B5300022298CC24103607C1DCCF0BAC2382D0D8B
:10B5400083A2464953254AA4FE97A6484AA26818F2
:10B55000A26A00607F1DCBF07A86414FC2E19495CC
:10B560008653561A4E5931899328919230D1062527
:10B57000608420CCF0BA7A4B22254B5A946150A2B9
:10B5800054898621AA46D5281A86A81A55A3A2004E
:10B5900060891FCCF0FA216D18E2A89C148783986B
:10B5A000C85222E98898E449544BC2A43628016065
:10B5B0008D20CCF0BAA2618BC2A4342CC91026A570
:10B5C00061A983D1B08571320C521887711802605D
:10B5D0009421CCF0BAB23C1BA67272502A4A9494C1
:10B5E0002A59320C5225CAA24A160D439467A9045F
:10B5F000609F22CCF0BA926190C24A344889D492BA
:10B6000045956418A41C8C862D0AB328CCA2618BA6
:10B61000C20460A021CCF0FACA61AA44C35251C24C
:10B62000244AC2244B934C2C89499E4489968449D0
:10B630006D500260A31CCBF07AF36108A3E230E402
:10B64000F170CA4AC331C9A2244A3A26DA200160FD
:10B65000A61ECCF0BAB2C6244CB3441A946E49ADBF
:10B66000521BB430092B61A5944549541B60A82096
:10B67000CCF0FAA23C1A86444A955A9255D22CA98B
:10B68000451DF524AB4449290993DA200160AC1F1C
:10B69000CBF0BA86214CC36108D37018C2341A0E9D
:10B6A0005A980DC7244C4A49220D130060AF1ECC96
:10B6B000F0BA72308A06250B95218A94681894286E
:10B6C00069EABF34459A548D8A0260B221CCF03ABF
:10B6D000A3709006314A876848A370900631CA6902
:10B6E00049314AA22492C2281C340060B81ECCF012
:10B6F000BA622D1AD2B0321C94282925A5C8326C02
:10B70000696518A4300EE34C0460BC1FCCF0BAC2CB
:10B71000381C92624519968A9894862D0AB368D887
:10B72000C2381906298CC31060C522CCF0BAC238C1
:10B7300019862CAC2883948495E1A04459180D6295
:10B740009485D12046591845120060CA1CCCF0BA25
:10B75000C2382D0D83A2232D83526B1BB4B496D413
:10B76000A22E5954D40060CB20CCF0BAC238192E86
:10B770006565499368189428912A4D91A2245296A0
:10B78000A4517FC9860060D11FCBF0BAA36438C82A
:10B79000E990442DB5212A27C930645A12275196C1
:10B7A00014136D900060D526CCF0BAA2618BC22C28
:10B7B0001A96440993CA3024B5348986214AA2A432
:10B7C00094255145C9A22C8C124D0160DC22CCF08D
:10B7D000BAB228CCA28A320C4A5325192E39180D38
:10B7E0005B1466D1B04561168559342C0060DF23A7
:10B7F000CCF0BAB2248DB22889864119A22C49A472
:10B800002C8986216A8D86216A8DAAD130446500F3
:10B8100060E020CBF07AD3E120D5B261D0A22C1B1E
:10B820000639CA8621D1923889922C09136D5002AB
:10B8300060E623CCF0BAC238CD9268189421CA923F
:10B84000281A94A81A55A3618822314A8A51920C69
:10B8500093140660E723CCF0BAA2618BC2A4342C07
:10B86000C91026A561298559346C519825C32065D6
:10B8700051188559120760E821CCF0BAC2388B2ADA
:10B88000D1B024539824C3258BC22889B2A4A925FA
:10B89000CA4A61A8462A0060E91FCBF0BA92614803
:10B8A000D22C094BD12215A362320C3A9E6451125C
:10B8B00065529884830460EB1ECBF0FA8655CBA4C6
:10B8C000244FD2E152AA44C31046C561C892A825AC
:10B8D0004CB4410960ED21CCF0BAAA51320C495B5D
:10B8E00065A9252D83920C4A56A9654B962CB54A1D
:10B8F0002D93B2160060EE1ECCF0BAB2C6244AA256
:10B9000061499428691986A454C9A2614B2BC320AC
:10B91000A5BD0160EF24CCF0BAA2618B9228A90CDE
:10B9200017A59494862D07A3618B92288B92288B60
:10B930009228ABA489A60060F021CCF0BAC23819D5
:10B940002E599A28C3D2962AC31015B368D8A230AC
:10B950008B862D0AB328530060F322CCF0BAB24193
:10B960001994AC3648531629C9A0D4DA0631C993C4
:10B97000288B922889A4300A070D60F620CCF0BAF3
:10B98000C2381A96440993CA3024A5308B862D07F5
:10B99000936190D2D2B0A595611060F91DCBF0FAF9
:10B9A0006AC3414B6AC341CBA1618894301DF6380C
:10B9B000895AC2441B940060FA21CCF0BAA2618B70
:10B9C000C22C1A96440993CA3024D552351A8628B7
:10B9D000C9D268D8D2CA3008610121CCF03AA5702A
:10B9E0008CA3241A8644C9362DE9D4162669986496
:10B9F00095288B9230A90D1200610821CCF07A7540
:10BA0000A83C0CD9944D43528C92E29014A32C8CF8
:10BA10002235CAA2244B126D9800610926CCF0BAD7
:10BA2000C2384BD2288B92971C4A92212925515219
:10BA30004A86A4944449291992521265511245022A
:10BA4000610F1DCBF07AE3E19865C3414AC36108F9
:10BA5000D37018F22C4AA22C2926DA2001611A226E
:10BA6000CCF0BA8641CCA27018C42CCA86431426E6
:10BA7000A56458A25C4CC228892AAD51364C00619D
:10BA80001F22CCF0FAA3683828696590CA49940C43
:10BA900089964415694892314D4A492909236DD048
:10BAA00000612421CCF0BAD2D2304459D2321C9455
:10BAB000AC521AB6A89245952CAA6451250B933026
:10BAC000D904612725CCF0BAB23CCA9164189264BB
:10BAD000AA54862169AA25C390654A18254A1625C5
:10BAE00043964459240E01613F26CCF0BA86439414
:10BAF000E5C9306449544BB2244B86218B926212C3
:10BB0000D5242DC9A2244A6A89920D1100614822C8
:10BB1000CCF0FAC23C0A87A7244AB22119D2304D90
:10BB2000A2241B9241CE2A51162561521A36006179
:10BB30004C23CCF0BAB2284C8641CAA28A1626C938
:10BB4000708972241AB61C8C92629414A3A4298959
:10BB50009201614E21CCF0BAC238190629AC28C333
:10BB6000521193D2B04561160D5B1466C93048C5B9
:10BB70002C8903615124CCF0BA926190B2A8920D45
:10BB80005122B524C3250E93619092486A51B25256
:10BB900018254A9664510061551CCCF0FA8AC35BA3
:10BBA0007918D2EA30A4B5E1A91629899248955AA4
:10BBB000A49400616221CCF0BAA2618BC22C1A96C7
:10BBC000440993CA702925A56418A41C8C86AD1459
:10BBD000866A320D61671ECCF07A8664108B433220
:10BBE00088D5E10E66C31DCC86639445499624DA58
:10BBF000B004616826CCF0BA926190925225992ADD
:10BC00008B122515254A92619092B0A28549454C28
:10BC100094254AA2A4244503617021CCF07A862D94
:10BC20000AB36838283912254B544E2A83967492E9
:10BC3000DA93304AA224D2060D617722CCF0BAD230
:10BC4000D230446D89322C1529691A86A8258B8635
:10BC50002D52A24A34644937259102618B20CCF0E1
:10BC60007A9AD22D1C9441E9142D4A29D92AA52467
:10BC700047B2529C6451254DB46102618E22CCF0D2
:10BC8000BA6A6196A4C97019928A5299946418A4E8
:10BC90001C8C862D0AB368D8A2308B860561A82338
:10BCA000CCF0BA8628CFB2614886482965C952537C
:10BCB000B230592AC392A539548B922C49B46102EF
:10BCC00061BE23CCF0BAD2244B864BAD320C9152DC
:10BCD0004BB264484A89D2A40C89A495926E492932
:10BCE00089B40961C223CCF0BAB2284C864B1655F0
:10BCF0009461698A9361902A51160D5B944459347A
:10BD00006C619C0C830061C825CCF07AA26C48A2BF
:10BD1000214996A8321C922169AA0C4B945406A57D
:10BD20005365B874AA34455212250061CA23CCF079
:10BD3000BAC2381986A4A2244A726919862C499677
:10BD40002C51126D3844619C25699485AB0061D2F9
:10BD500022CCF0BA6A61944DC3903425C3326C8A08
:10BD6000D269584A95A6644A22A531AA645192051F
:10BD700061E624CCF0BA926190D22C4986CB102592
:10BD80004B96484954C9926190C23819062969AA4C
:10BD90003455520162081ACCF03AA31CC9F27C78DF
:10BDA000CCC12CCF72A40EE998164A257501620AFF
:10BDB0001BCCF0BAA31CC9B2E1106579D64F61A8BB
:10BDC000866998444956915401620C1ECCF0FA934E
:10BDD0001CAA0D87288CC3388CB22189B23009D3B4
:10BDE000309592304A3451620D1ECCF0FA7330C94E
:10BDF000A1DA7088C2388C322D0913A51815532981
:10BE000009A3441305620E1DCCF0BA931CAA23E9C2
:10BE1000F094E559140D4A14866A1867499464151C
:10BE20004915620F1ECCF0FA7330C906258A933487
:10BE30004A862989F22C0AA55A146971A42AD55078
:10BE400062101FCCF0BAA31CC9F2783828611C66B6
:10BE5000D1A044B5A4560A9352A44549A2660262F1
:10BE6000111ECCF03A95DA16855938BCD593522874
:10BE7000D5B42452C228CBA4A45489720162121FE3
:10BE8000CCF0FA931CAA0CEF7194C4511225C32074
:10BE90006551258B22AD54499344D40462161CCCC1
:10BEA000F0FA931CAA0CEFE910A5513F0D519263D3
:10BEB000F1220D5994A4A10062181FCCF0BAC23827
:10BEC0004CC2A9160E523487513248952C4AA22CE6
:10BED000B2958645493451621A1ECCF0FA913A5413
:10BEE0001A0E516BA4443D0D439245952C99B2A472
:10BEF0003F259B9205622A21CCF03AB37058AA598B
:10BF0000343C6449940E4A94482565506A51160E93
:10BF10005212B548C316622E24CCF03A0E4953256E
:10BF20004A12A5AA28C312CD5A92454A4509932C14
:10BF300029A549968459A24C5A00623324CCF03A80
:10BF40000E4916554A89524A16252B0DCAB08451FE
:10BF5000160D83522A66C39494B24419862C623417
:10BF600021CCF0FA2AD9A044611625C34BD74189C8
:10BF70002A4DD1A014932C1B86A4D4A2845A026209
:10BF80003718CBF07A73301E4E799447C329C772A5
:10BF90002C87722C87720C623F1BCCF0BAF3E196AF
:10BFA00067C3AD1EC6C321CAF26C90B230AA265137
:10BFB000280162401FCCF03A35E9581E92384A8673
:10BFC000254AA26C48A22C8CB230CAC2286BCAC2C5
:10BFD00008624121CCF0BAF3E110E548341CA21C00
:10BFE0004C86414A9A2A4D956150A2A494444949ED
:10BFF0004B05624721CCF0BAF3E110E548341CA2AE
:10C000001C1C94219292A8524AA248531225511204
:10C010002DB409624B19CBF0BA8768D0B11C8B875D
:10C02000738EA5C341CDB11CA9433100624D1BCC19
:10C03000F0FA733007C3E15987921C4A7224CAB3DD
:10C04000380CB524C75200624E1CCCF0BAC2388CF2
:10C05000C37090E2304EA2584BC54A1887991266B9
:10C06000493C0462511CCCF0BAC2388CC37058E20F
:10C07000300993A8A655C44C09E3B012A645006246
:10C08000521FCCF0BA7230AD25D9A054B324CD9252
:10C09000544AB22D0AA32C8CB228A946491E6253D9
:10C0A00016CCF0BA72301A8628CD062DED2A666BB2
:10C0B0003F6A1B0062541FCCF0BA72301AB6964128
:10C0C000C99AC22C9AA470C8C2280BA3AA126549A7
:10C0D000294D0062581CCCF0BAD22D9AC37090E260
:10C0E000300E074919C7388CC34C09B3241E0262AD
:10C0F0005B1BCCF0BA72301AB6301CA4388CC35813
:10C100000BC7388CC34A9846C32062631DCBF0BA74
:10C11000722CC7B2E190645156CA4A523664A5AC3B
:10C1200094654A36283904626618CCF0BA622D1A32
:10C13000D2DAA0A54DC31089D9DA5B928671066266
:10C140006720CCF0BAC2388CC3703884953089929D
:10C150005052A23109B344CCA2448942258A0362D9
:10C16000691CCCF0BAC2382D0D0F3912E548942362
:10C170004A3CE5489423518ED4971C626B1FCCF047
:10C18000BA723007A3E139CA9128472269B823510E
:10C190008E4439A244C390E41800626C1FCCF0BAFC
:10C1A000A2618BC3341BA4381BA6302969493264B1
:10C1B00049D4C74CC9C2245700626D21CCF0BA7271
:10C1C0003019C62C8A06250AB328CCA27018A429D7
:10C1D0000BA32C8CB22889B2CA70626E20CCF0BA44
:10C1E000D25A926649366C619485492A2983B445AE
:10C1F000611685595489B252A401626F1FCCF0BAFE
:10C20000D2DE062DCD92344B86484AB22D49B32456
:10C21000CD922CC992301A060162701DCCF0BAC2C0
:10C22000384CC252323C8571A86ADA96A4599246BB
:10C2300025256A89C201627320CCF0BA622D1AD218
:10C24000281E76241AB628CC142D999262548D6A31
:10C250004929C992281362761DCCF0BAC2388CC322
:10C260007048862D8CC378B88C7196A4599225514C
:10C2700056510562791FCCF0BAD25235AA0D53D36C
:10C28000906451242A513655A36A94484AA44449DB
:10C29000960D627C24CCF0BA72301A86A83C2C43EE
:10C2A000162551162551A694922949B42889932818
:10C2B000534A59521C02627E1DCCF0BAC2384CC29D
:10C2C00052323C857112D5B4281993302D4A4A1642
:10C2D000252551627F1FCCF0BA8641C772481CA247
:10C2E0004A360C62544C06256B4A862151C34A8E4D
:10C2F000C50062801ECCF0BAC2388CA36119A43884
:10C300008CA34154B268CAC22C49C34A9684913660
:10C3100062841ECCF0BAC2388CC3241A14298B92C2
:10C320002C0A632D4AC6244C8B95484E74006289B2
:10C330001FCCF0BAC2388CA3411AA424AC84955007
:10C34000190E619C2569944549354AE204628A21A7
:10C35000CCF0BA72301AB6A8920C539245952C1AAA
:10C3600036259E7224CA912855A23409870162910C
:10C370001CCCF0BAC2385286A86918A2FE931245A6
:10C3800043D44989BA2C6918670062921DCCF0BA6F
:10C39000B241CBB33089062D8D86214AA3484C92F9
:10C3A000B5B7244BC23404629321CCF0BAF22C1AF4
:10C3B000C428290D4B314A8A5152549AA6A41825F3
:10C3C00051162551D2D45B00629520CCF0BAB2212F
:10C3D000CCA2308BA24189C22894725019962D0AA2
:10C3E0002B619A256192650662961ECCF0BAE23006
:10C3F0000EB3281AA4248CC32C0AB5249AA768105B
:10C40000E32889B33C0262971ECCF0BAC2382D0DE6
:10C41000EF50368459144AA52D0AB3288CB24489AA
:10C42000B2A4140E62981FCCF0BA622D5BB37450A4
:10C43000F26C98B228944A5B1466511865511265E3
:10C44000A53002629A1ECCF0BA72301AB6301CA423
:10C45000388C936190B47054B324CD9248895AA219
:10C4600070629B20CCF0BAEA48948551160D4F9526
:10C47000A64A93D23244495345AA4495A62C290E84
:10C480000162A022CCF0BA72301A86A83C8C599472
:10C49000445954C9942C9AB230AA64511225A53C2F
:10C4A0001B860062A11DCCF0BAC2388CB3241BB627
:10C4B00030CF8A9154DA923493B350C9C2241D0408
:10C4C00062A221CCF0BAC2388CB3241BB630CFA202
:10C4D0004189942C9AB2304AC6284C4A61140E0AFB
:10C4E0000062A41CCCF0BAC238AD0D07258CB23066
:10C4F000CA86494AB73CCBA33889F2280762A522ED
:10C50000CCF0BAA2618BC22C0A936112A31C89865B
:10C510004D292553126551528C6A4994D4320362D5
:10C52000A81BCCF0BA72301A8628CD86A92DA9A5F1
:10C53000A9321CD2DE92348C330062AB1FCCF0BA2D
:10C54000D24EC343946451351A36A5944C49318A6E
:10C55000C4A89694922C49340162AC1ACCF0BAD299
:10C560008EE1A064B561CA91481A94ADBFD4062982
:10C57000CC120062B123CCF0BAB23CCBB3411992D9
:10C58000304B06258B2A991225C93424599485519C
:10C59000AA4469120E0362B520CCF0BAD22D1AD289
:10C5A000A8364C69548D862152A26CAA46D5284BD8
:10C5B0009468698B120162B919CCF0BAD24EC35B90
:10C5C000DA366862368E59528B4A4A1AC6190062A8
:10C5D000BC19CCF0BAA26188FA697888FA93321C47
:10C5E000A2AE6D491AC6190062BD17CCF0BAD2DEF0
:10C5F00086A7FEA40C87A8FFA444C39064690062C8
:10C60000BF1FCCF0BAA2618BC22C0A93E1A045D522
:10C61000A8AA0C87A81AF59628511229991862C25F
:10C6200021CCF0BAB224CD9234199E92A8320C5289
:10C63000D23A3C6449544BA24E4A54896A1900626A
:10C64000C418CCF0BAC238AD4383324C69AB34283D
:10C650006B6F491A46C32062C521CCF0BA72301AFA
:10C66000B6284C86318B862D0A33254CA6308B8616
:10C670002D0A933A160D830062C620CCF0BA622DC3
:10C680001AD2281E921C8986216A55126D8AC4A866
:10C69000922559A51626610662C723CCF0BA7230DE
:10C6A0001AB6288992614AB2A89245C31029A56496
:10C6B000AA6451258B8641C9A3580262C81FCCF0D9
:10C6C000BAC2388CC3709006298CC358199629CCED
:10C6D000A2308BC2A4344C59980062C91DCCF0BA68
:10C6E000C238AD4343326C391865A154DAA2304BDD
:10C6F000D25A12A6D1300862CC1DCCF0BAC2388909
:10C700006A51521AA4381AB630D6C26518A4300E2F
:10C710002B615A0462CD1ECCF0BAE230AD0D072574
:10C720008CB230CAC2481A6E61948551162AD9B0AB
:10C73000840562CE1ACCF0BAD28E49342859A96B3E
:10C74000AA0C873C2B85A196C4591E0162D01FCC30
:10C75000F0BA72301BB49641C96A8316C6CA700813
:10C76000B328CCA22C54A29628540062D220CCF03C
:10C77000BA72301AB6281E76241AB628CC9430998C
:10C78000862DCA91284EA23C1B860062D321CCF094
:10C79000BA72301A8628CD062D0DE370906C439442
:10C7A00064511265519829E1A0A4590062D41FCCAC
:10C7B000F0BAB23C8BC2AC323C6579366852964CCA
:10C7C0004994454931C9522DC9244D62D624CCF033
:10C7D000BAEA489423D1B00C521C2571940C9932BA
:10C7E000258B1265519268519229519A84C3006237
:10C7F000D822CCF0BAB23CCBB3E1354A922189B20F
:10C800002889A4CA904549940D4994458992237575
:10C810000562D91CCCF0BAD25A52AB5406A5AD521F
:10C82000CB064DCCA6FE93120D4392A50162DB20F0
:10C83000CCF0BA72301A86288D862D2A665152D2D3
:10C84000945C1B86240BA32C54B261090B62DC1C84
:10C85000CCF03AF569D8C2381AA4418AA34119A686
:10C860003819862C4C3BC6190062DF21CCF0BAE2A5
:10C87000304A8A51521A9662948551162A593425A3
:10C88000C5484913494AC2A8260662E21DCCF0BA3F
:10C89000B228CCBA0E4F599226DDA4A4B225625418
:10C8A0008D1249E994540762E31FCCF0BAC2388C68
:10C8B000A36119943C1AD2A8AA0CCB5AAA644916AF
:10C8C00029521225690862E51FCCF0BAA261889A44
:10C8D0008621EAA7618894281AA24EC310F59245D2
:10C8E0004A2D4ACA0262E61CCCF0BA8A5929AC44E5
:10C8F000C3530EE6A08E6C8396833994E458340CAF
:10C900000262E71ACCF0BAC2382D0D0F699483D1B8
:10C91000304462B6F696644998860062E822CCF00C
:10C92000BAC2384AA22C4AB2E1210AE370C8A42C48
:10C930009992284BA2244CB32453B2481462E91DA7
:10C94000CCF0BAB241EB98448396864918298924E1
:10C9500066072D2D0D839286710662EC20CCF0BA0D
:10C96000622D1AD2301CA4381A86288CB5701AB6DB
:10C9700028CCA230290D5316260062ED1ECCF0BA49
:10C98000D2962C8D8687282D0DA994645B926651D2
:10C9900098298992884A0E0562EF21CCF0BAA261EB
:10C9A00088F22C8E062D2A29B58AA84449B26449FA
:10C9B00056898A999263D1300862F120CCF0BAB2DC
:10C9C00028CCA2308BA2E1298BC22C0AA5D2320C32
:10C9D00052966795529A44710062F31ACBF0BA5A94
:10C9E00093E2708D87839466C9A0144BC390A7C34C
:10C9F000414D0162F41CCCF0BAD28E493428592939
:10CA00008DB24113B3B5346C6996A461340C0262E3
:10CA1000F722CCF0BAC22C8A862D8C92414AC26889
:10CA200018A2309686531227D120E5889226511EEF
:10CA30000162FC20CCF0BAB2C6248C869728CCA226
:10CA4000308B42653864519845619445499495C24C
:10CA50000862FD20CCF0BAC2388CA3611996288BED
:10CA6000862D4AA24C199635C952318D944C6912C3
:10CA70000562FE21CCF0BAC2388CB3241B922C4C38
:10CA8000D22C1A944847A6418CB230CAA2241AB4B8
:10CA9000260062FF1ACCF07A732CC935CBA06CD576
:10CAA000E19E23C39023F17090734C0663011ECC6A
:10CAB000F0BAD2D2B0A5D9A0A5D1304471A846878A
:10CAC00021CAA2B0122571164B0063021ACCF0BA2B
:10CAD000D26E83326869D3304462B696862DCD9289
:10CAE000348C864163071DCCF0BAB23C8BB4ECA009
:10CAF0008451364C39280DCAD636682DB55238289F
:10CB00000063091BCCF0BAC2382D0D0F69949686CC
:10CB100021D2A2646B4CC2542C45CA18630E1FCCA0
:10CB2000F0BAC2388CA3E1250AA344C97224528604
:10CB300065CBB341CB936292C51900631121CCF050
:10CB4000BAB224CD92344BB241698B14314B52C5E9
:10CB5000B474ABA4591229514B940D0163161DCC2A
:10CB6000F0BAD2D23044D561489AB2A634928668DF
:10CB70002DC659A84469120E03631A1ECCF0BAC21E
:10CB800070388451521AA24A548994E18EE4C3A0A9
:10CB900023E9F09C632A00631B1BCCF07AE3E131AC
:10CBA0008A9328C9A296641894381E0E793A3CE7F5
:10CBB000980A631D1FCCF0BA92348BC22C0A9341A1
:10CBC0001AA4486BA9494965EB522B55B238520655
:10CBD00001631E20CCF0BA92B0948571344883145E
:10CBE0008789162A593455B228C9A27212C95134FC
:10CBF00008631F1DCCF0BAD2D2B0A5D990444956D3
:10CC000011D354190E6931092B51929522356320A5
:10CC100021CCF0BAB23C8BA6684892414AC2502A55
:10CC200049938E1C06294BD22C8994A825110763A1
:10CC30002121CCF0BAD252B7A432286DD130443978
:10CC400012E943340C518E4439A244C390E41800D5
:10CC500063231FCCF0BAC2381CB3281A0E5A9A6448
:10CC6000D1304462924CC396B6255912A621006376
:10CC70002420CCF0BAC2381A8628AB0C5212A6C5B2
:10CC80002454B4418BC22C0AB3A81265A5300263A8
:10CC9000251ECCF0BAA26188AA51180E4F619C25BE
:10CCA000A9321CD2CA30486996A4619C0163281F2E
:10CCB000CCF0BAC2388BC2284C868316E548346C57
:10CCC0005338C6C93048595489C2A81C632A26CC97
:10CCD000F0BA72301992A95219944EC990685192C3
:10CCE000684ACB900C49A9D2544986A4946449A4BB
:10CCF0004400632B1FCCF0BAD25A52AB5406A5ADF8
:10CD0000528B92251295212D0D439466491A46C3E4
:10CD100020632F22CCF0BA72301A86A83C2C43161E
:10CD2000E548340C91D234254D95284BA24A5396B0
:10CD3000D4A400633A20CCF0BA72244A6EA56848A5
:10CD4000B230394459144AA5A51446C9209593E632
:10CD5000241B04633D22CCF0BAB23C1BA2614AA35F
:10CD6000614B9428534A91342CB524CD92344B22F4
:10CD7000256A89C201634221CCF0BAA2610BE36843
:10CD80005806A9164659340C918E4CC31685591471
:10CD900026A561CAC204634520CCF0BAA26188C24C
:10CDA000284BA5E1A9A7618894281AA24EC3103583
:10CDB00029514B16250263461FCCF0BAA26188AAFE
:10CDC00051D330444DC31075529243A424523F298D
:10CDD000D13024591A634920CCF0BAB241EBCBA030
:10CDE00064B5414B5329C9B66488B224CD922C89CD
:10CDF0001231CA8600634C25CCF0BA92218B92285E
:10CE00008B922849864BA99644B5241A9664889239
:10CE1000A64A5325534A5952CA04634D1DCCF0BA51
:10CE2000B241EB36288392D5062D07A541594BC355
:10CE300010A55992867106634E1FCBF0BAC2344AD0
:10CE4000A29A920C92180D53315286531845C3542E
:10CE500054A230C93201634F1ECCF0BA72301AB6F8
:10CE6000284C8683168559346C62B696862DCD92F1
:10CE7000348C8641635021CCF0BAB261CAC2281BFF
:10CE80000E3A940D531646D2700BA32C8CB2614807
:10CE9000B23009330163551ECCF0BAD2244BA3D271
:10CEA000F09646C31075528643D46918A226256AA7
:10CEB000C9A244635E20CCF0BAC2248C86210A93B6
:10CEC00068D0A16818A26AA485D3B08551D6520A49
:10CED000A39A04635F20CCF0BAB241EB3628830EEC
:10CEE00045C31685991225C954C9A24A16551A93E5
:10CEF0002CDA0463611ECCF0BAD28E493428511862
:10CF0000855936249116255325ABD44A95348C8601
:10CF100041636220CCF0BAB23C1BB4288B86298DC9
:10CF2000862DAA644A942487414A8B499464A54873
:10CF30000D636323CCF0BAD2D2B04549940C53921E
:10CF4000459916E588321CB2304A4A499494122514
:10CF50001996BA02636721CCF0BAC2381A86280C37
:10CF6000878316C6D130444A94244B3224515A1A2E
:10CF700006250DE30C636E22CCF0BAA2618BC22CA5
:10CF80000A93E1A045D568182225CAA66A346C49DF
:10CF90002DE91625D1A00063761FCCF0BA622D1AB8
:10CFA000D2301C9E2AC528290E0F51524C86410AA8
:10CFB0002B611A0D8300637720CCF0BAD2D23044B3
:10CFC00069361CB434C9A26188C42499862DAA4646
:10CFD000D1D263920D02637B20CCF0BAC2384BD21F
:10CFE0002C8A8625CAC22C8A06518DD64A226549CA
:10CFF000932255AA1300638020CCF0BA423559D24F
:10D00000241B6E5165484A49295CA2682985492933
:10D010004CFA4F49A405638220CCF0BAD2D23044F6
:10D020006DC39446D110B52A51360D5BA4556A499B
:10D03000CB2025519600638722CCF0BA9261902ACA
:10D040004A568A0625D2A244AA83CA708812258B22
:10D050006CA54A94444D5200638820CCF0BA622DEE
:10D060001AA296281994B66818A26A240DD11685BA
:10D07000599286952C09236D63891ECCF0BAC2386B
:10D080001CB2301C0E5A1466D1B02961320D5B18E7
:10D0900027C3254C8B00638C19CBF0BA9A86A72C3A
:10D0A0009206294787418F87733A1CD41C5201632B
:10D0B0008F21CCF0BAB23CCBB3E1908851920C49AD
:10D0C00054C9226538845954698A0645C991BA02FF
:10D0D00063901DCCF0BAC2381BB496610BCB91346F
:10D0E00029E9102D5335AA2AD13024591A639223E5
:10D0F000CCF0BAC224AC84D1320C521256C2689918
:10D10000B4241A93301992294CA2244CB2348900C9
:10D11000639623CCF0BAD2CA3048593A44491A45EA
:10D1200043942859A42CCA54C9A22C8C2229899230
:10D13000A82606639823CCF0BAA26188AAC39046B9
:10D14000D1304489162A2D439434550629092BA53C
:10D1500044694A9A860163A01BCCF0BAC2382D0DEF
:10D16000EF5036686DD2A0ACB5448C2ADDA224D530
:10D170000063A220CCF0BAA26188AA519824C3927D
:10D1800095D2284D95E110AA592246956E51126705
:10D190000063A31FCCF07ACAD1B0142BC93024A5E8
:10D1A000A49444494D1C861C8987439E0EAF2A00D7
:10D1B00063A520CCF0BAD2D2304459659092301A8F
:10D1C00086284D95E1104659290CB5244CB2CC0067
:10D1D00063A71CCCF0BAD2D23044D561489AB2A62B
:10D1E00034D29169D8D2B6240DA3611063A820CCA3
:10D1F000F0BAB2248DAAD1F010A551351A3625CA3D
:10D20000A6618BAA512D898621C9620063A922CC0F
:10D21000F0BAC2381906294BB2612946C3162591C6
:10D220006558A624CAA2610B3325CC92780863AA5C
:10D230001ECCF0BAB228CCA2301A0E5231190629EF
:10D2400007A541D9DA06ADA5560A070563B323CC75
:10D25000F0BAD2214A4BC3439245D1204649162900
:10D26000C93048D56818A224CA94529694B204636F
:10D27000B725CCF0BA9228992A95619092281A94F1
:10D280002829695265488625CAA224CAA2A9524AF9
:10D290006A5A1E0163B81FCCF0BAB2C6248C8665E8
:10D2A00098922C1AB6A89229C3B25686414AB32442
:10D2B0000DE30C63BA21CCF0BAC2388BC2685806B1
:10D2C000298E8621CAA25089926449B428AD494961
:10D2D00055CB460063C91FCCF0BAA2610B93301A3C
:10D2E0009EA45A9246552D5C8641CAD6282925A56A
:10D2F00096AC0063CD21CCF0BAD2D2304461381C58
:10D30000B47A340C9112264B3224511847C3524B35
:10D31000C248530063CF1DCCF0BAB23E0D2F591D49
:10D320008C862152A268888621EA27251A86244BFA
:10D330000363D01ECCF0BAB241EB36288392D506F7
:10D340002D0795E190D692AD9225512246D91063D2
:10D35000D222CCF0BA622D1AD2301C9EC238199259
:10D3600069CA866448A624CAA224CA946418942868
:10D370000E63D61FCCF0BAB241EB3628830E45C3FC
:10D380001065356950B6B641AB2DC93044399200AD
:10D3900063E124CCF0BAA26188AA51343CE4483459
:10D3A0000C51AB524AA64189922C4D9261486A6158
:10D3B000920C430063E31CCCF0BAFAA7E11D8A8605
:10D3C000210A636538444953A5A95251A2A45B2898
:10D3D00063E922CCF0BA6A61942551B428C3164699
:10D3E000591245CBA485D3B04561160D4B298CB29B
:10D3F000610163EA23CCF0BA92298CB2304A4AC365
:10D400009028514D8BB25091A245292A51924595B1
:10D41000A6244B323163ED21CCF0BAA2618BC264F9
:10D420003868519825C39049E9340C512275698AAE
:10D43000B4251A94BA0263F421CCF0BAE2291AA2F4
:10D440005A521994288C86210A63653864793668A3
:10D450005112256D5A121963FD24CCF0BAC2248CE6
:10D460009264AA28C9B064510E46C3A684C99444E4
:10D4700059944459A8255912259136640021CCF0BD
:10D48000BAC2381B944189C268D81229C99461195B
:10D490009352164D89358E926CCC2300640126CCB4
:10D4A000F0BA4A439485C3944549324CC994449395
:10D4B00054292543320C52524AA2A494289521297A
:10D4C000A502640222CCF0BA7A4B2A839646C31096
:10D4D0002515518992418CA36188B2288C962849E0
:10D4E000C3684806640520CCF0BA2A599425B5686B
:10D4F0007848A36CD0DA96962DA9556AA1A4644900
:10D500009464D110640F24CCF0BAC2284B86975291
:10D51000160D5BA24499322C531265519268C930A2
:10D5200048B528C9A22C9600641021CCF0BAD2D2FA
:10D53000304461120DCA1A4659340C918E4CC310F6
:10D54000F5340C4AD4920D430064131DCCF0BAB2EA
:10D55000C6248C86B7341BB4345586439647C3968D
:10D560006415B1360C01641424CCF0BA9261C8A2DF
:10D5700024CA4AD1B0A8591446499429C332255126
:10D58000160D5B98444918958625641C1FCCF0BA8B
:10D59000B2248D94216A1A1EA29E862112B369D8E4
:10D5A0004A61A825599445A200641E21CCF0BAD244
:10D5B000CA304839342883D66DD074E430484932B3
:10D5C0002451524A94CA90945201642A24CCF0BA4D
:10D5D000D2D230446DC3418B2A59340C911225C9E3
:10D5E000346C499626C9A024521625D1A000642C7B
:10D5F0001FCCF0BAEA48724BBA0C43524B5AA4649F
:10D600008897E4A596744B4A959E92640B642D1FEF
:10D61000CCF0BAB2284C86A762396955B26849166F
:10D620002907A3618BC2A41446D9B000643A21CC67
:10D63000F0BA5AA36188DA86831655A36153A26CA7
:10D640001906298BC22C1994284D125101643D1ED4
:10D65000CCF0BAB2A66188B2CAA0A56112469A24DB
:10D6600066D33044692DE9D4926A00644422CCF038
:10D67000BA926190B228CC866850A2301BC22C0AA4
:10D680008787A45BA4D44A952851A2B6006446219A
:10D69000CCF0BAA261882A4D95CAF010A5A5618880
:10D6A000C46C1A86288CC328A98549360C016447A6
:10D6B00020CCF0BA622D1AA29628199444CCF26CB0
:10D6C000D094285B86414A4B25256AC98621644847
:10D6D0001FCCF0BAD2D23044B56498D42CCF86494E
:10D6E0002A6D51980C8394A5491446E500644A2498
:10D6F000CCF0BAD2244B932C390C921226891246C4
:10D70000C920294D53524C9261D2922809932C1D65
:10D7100004645422CCF0BAD2D2304469364849A9C4
:10D72000A264999429C921C9922C190629CD923451
:10D730008C3300645820CCF0BAD2D2F092159330DA
:10D740001A866888A2211A86A82F4B54A92851B29C
:10D75000D4420164671ECCF0BAD252697888C238CC
:10D760006955864322A5D1B045D568D8A2A2340C0C
:10D770000164691DCCF0BAE3E1A04459381C942837
:10D780000B939BD2291906294D87E7301501647840
:10D7900021CCF0BAB2284C8687240AA3614BC44C32
:10D7A000199629CCA2610BE364B86451168902640E
:10D7B000791CCBF03A9370384869380C611A0D0720
:10D7C0002959B2DA320C793A1C4415648223CCF020
:10D7D000BAA2618B2AC970D0A24A960C432695A69C
:10D7E000444D4A61346C492951B2280B870864853D
:10D7F00026CCF0BA926190928A344849980C83946E
:10D80000444969482A43A21493614C4A61D24D8924
:10D810002A4A9405648724CCF0BAB2284C2AD290C4
:10D820009CB2288992618996D29054942819942C9C
:10D83000E996F417A594940264911ECCF0BA7A4B41
:10D840002AC353124749322491543A6C696518A48B
:10D85000344BD230DC00649225CCF07AA224CA92F8
:10D8600041899652960C973889A24189942ED252BA
:10D87000AA4459346551D222255A00649527CCF028
:10D88000BA92288B9228518643984449980CC934FF
:10D8900025C9900C49298992D2B0942A92528B9230
:10D8A0005A01649E20CCF0BAD2D2B00C591226C3D1
:10D8B00020B564CAB04C952C1AB6B4342CD5301AA5
:10D8C000060164A427CCF07AB2284C866DA90C49D5
:10D8D000B228519C44C99094A6A4A20C519644B578
:10D8E00064484A49945494640B64A920CCF0BAC2A9
:10D8F00038191E926A342851A259066548B4301A64
:10D90000C472941493A834690164AC1FCCF0BAF2C9
:10D910002C1AA4418A9361C8C258190E5116268741
:10D92000A8160E0F51565B0664AD22CCF0BA622DDC
:10D930001AA261698B8621CA1251899264C9A2D246
:10D9400030443D0D8312B564C31064AE25CCF0BAEB
:10D95000A2618BC2643868519825C3204DE1320C16
:10D96000521225A564484A49543924529249016407
:10D97000B022CCF0BA925BD26518922DC9A2CA30FF
:10D980004852691986AC140E87284BB224CA2AAAB9
:10D990000064B521CCF0BAB2A6651894ACB44C4979
:10D9A0002D535A866818A22C49B3414B4BC390A8FB
:10D9B000190064BC23CCF07AE2248A86872C8C067A
:10D9C000254A34CB124D49A2540649D1E248892A4E
:10D9D000B56449062564C221CCF0BAA26188C27040
:10D9E000784A5AA4245A2229A94CC310F5340C5160
:10D9F0009312B564C31064C51DCCF0BAD2CAF092BC
:10DA00004695254A94266538E4603668DD06AD49BA
:10DA100019060164CD1ECCF0BAB2416B19A241CBFC
:10DA2000C168999496215AA6B4320C523866494975
:10DA30006A64CE1ECCF0FA92281C96214BA2241ABE
:10DA4000A64A6FC310C5F9708F87839C632A006450
:10DA5000D223CCF0BA42358BA2614AB26818A296A2
:10DA60006C4812651AB6304E86414A4A89920C4B70
:10DA7000291564DE25CCF0BA926ED1940C87305A09
:10DA8000A6A4A244526588B2244A86218B92288B90
:10DA90009228A94549496964E622CCF0BAD2D270ED
:10DAA00050D2285AA6244A4A8A962CCA12E56032D5
:10DAB0000C529A2551252A4901650020CCF0BA2A3A
:10DAC000A5414986A8521B926429252DC3414CE6E5
:10DAD000A8A60C8A1C0F875805651220CCF0BA92B4
:10DAE0006EC9F094558641CA929A9228830E46C315
:10DAF0001055A326254CB26813651821CCF0BAC284
:10DB000078384449976148B64A3A9CB4244B9261AC
:10DB1000902A519648A292459326652B21CCF0BAC3
:10DB2000A265AA5406E554698A862152A26C1AB6E7
:10DB3000A89A0C83944595508C9621652F19CCF0AA
:10DB40007A73301E5E73304786410DE32C47EA98A6
:10DB50008E48DA3C653622CCF0FAEA591865611431
:10DB60000D43544BA2444B22254B122D89942C89F2
:10DB70008A7196A48926653921CCF0FAC341CA91ED
:10DB80002847A2414CB26848B2284B6A6992256185
:10DB900028265998A56A00653B1DCCF0FA73301C05
:10DBA00096381BA6AC2989B230CAC224DC3235C9EA
:10DBB000912C5C03653E1FCCF0BAD238CC866590C0
:10DBC000C228CBA46C48A22CAA6451258BB23E2556
:10DBD00025450B653F1FCCF0FAC361C9B3412B55F6
:10DBE000A22C4A96A8922559922559125696D25699
:10DBF0004E0365451CCCF0FAEA599E85C332685144
:10DC000035AA0D4AAD522B8559140E4A2D3365485D
:10DC100021CCF0BAC23C0B87254EA241C9A4484A88
:10DC2000A2308992344BD2304DB2304B4A692665CE
:10DC30004C20CCF0FAA4708CC341CA2A83929592EE
:10DC4000280B9368909228EB9444839225991A6547
:10DC50004F23CCF07AE27058B27C480625AA34559E
:10DC60004A49325CA2A49444492D1A06258F925049
:10DC7000D10265511ECCF0FAA43CA967E1F0564AE6
:10DC8000A2648A86A8188A639624A65A94496100D9
:10DC9000655624CCF0FAC26C1892381C924189C2A5
:10DCA0002C4A8621A9A549364462948551A455A2DF
:10DCB0002452C20065591ECCF0BAD2526D98D224BB
:10DCC0001A0E4A94554A4396D42AE1160D6931C971
:10DCD000B402655B20CCF0FAC2584BA362380CC981
:10DCE000904439946451A594445A14C699BA44C9CD
:10DCF0001606655D1ECCF0FAC22CAA8449290E874F
:10DD0000A7248AA424595A944469EABF34255B00A5
:10DD1000655E1CCCF0FAC22CAA8449290E87A72480
:10DD20004D5A96FE9F2A4B544D1AB700656221CC7E
:10DD3000F07A0629CFB2614886246A1A12A9A7216F
:10DD40004BA25A12455A34887196A4511665632322
:10DD5000CCF0BA922C1B86244DB26C1892218FA263
:10DD600041896A51120D521265B541D22A51690C8E
:10DD7000656623CCF0FAC26C18921C0C076550B291
:10DD8000248A0625CA93D2202569180D4394864912
:10DD9000266901656C24CCF0BA92281C06398906E4
:10DDA0002594A24189923089A2254AA2A4A42D5982
:10DDB000A5964749A86801657024CCF03AA24A9814
:10DDC00094B26148D269503A2551A5320C492DC907
:10DDD00092A818AA6192258996640165721ECCF0FA
:10DDE000FAD26818941C5C06AD65500625CBB36169
:10DDF00050FA9725AA268D5B00657420CCF0FAC2F4
:10DE00006C189221E9140D4B6DCC9252528AB46475
:10DE100038E439120D69940E0F657724CCF0FA922C
:10DE2000281B8E499484C33224A5A4342CA5244AEB
:10DE30002AC3A068713864615449A4440B658719EA
:10DE4000CCF07A73341DDEC2388CC33CCA9128876B
:10DE5000744C47246D1E658B18CCF07AE3E12DCC11
:10DE6000877008871C1D5EF3E110F5BF2800658CE4
:10DE700020CCF0FA11291B9428CE86A7344BB2246B
:10DE8000545A93644C942829254A228D3A18659156
:10DE900023CCF07AE3214A8624CF9241C9A2248A76
:10DEA00096521625C990646D52A644492485693658
:10DEB00008659719CCF0FA6B3912E5481487799602
:10DEC0006739383CE4600EE6600865991ECCF0BA0C
:10DED000E228296653B1120D622DCAB62453C2211D
:10DEE0008906310EE3308E00659C1ECCF0FAD230EC
:10DEF0008992AC24E5483644491A4AC396A64BCBCE
:10DF000096447D542300659F24CCF07AA2301A9663
:10DF10005A946943984549940D51924561346C4334
:10DF2000521922AD9423D1B0450065A121CCF0FA5D
:10DF3000C26C1812358BA2614CB22889064DCA9268
:10DF4000281AA4248C8787300EE30465A418CCF02B
:10DF5000FA117198733007874314C6611CC661DAE1
:10DF6000310E0165A519CCF0FA117198733007874D
:10DF70004314C6D11C8EA52C4C8B710865A71BCCF5
:10DF8000F03AA33C0C9528917544D2E66D987370D5
:10DF900018C42C0ED3220065A922CCF0BAF261502D
:10DFA000C66A92A549362883128559142E513264C7
:10DFB00051186561948549980065AD24CCF03AA26A
:10DFC00078482A53328551160E0F511625C95451DF
:10DFD0009A92288B92288B9261C8F22C0165AF1F10
:10DFE000CCF07AA25489A2C39246D5211A94A8698A
:10DFF00088FA322C518E442D5912560065B024CC2B
:10E00000F0FAE2E1A295D224CB862119B2304986FA
:10E01000212956A2A49444499434655126650900E7
:10E0200065B917CCF07A73341D1E73300787394CED
:10E030003BC6599864710865BD21CCF0BAB21C8901
:10E04000D24119A6D6484997644B06254BBA259567
:10E05000A9528C925092060165C119CBF07AD3E196
:10E06000106679120E8FE1F09863831AD69248CD2C
:10E070000065C520CCF0BAC23C0B876590B23CCAA3
:10E08000B4654D9A2ADD9252162551162552121565
:10E090000365CB21CCF0BAC23C0B87A72C5F862945
:10E0A000C9A24A6B521992282946493152B428898B
:10E0B000860065CF22CCF0BAB21C89D24119A64A9B
:10E0C0001C0ED9524DB234190629C9C2A89245492D
:10E0D0009644491A65D721CCF0BAB21C8986972894
:10E0E000CB86298CB269C892A896444396444DC306
:10E0F000A0442D513165E01CCCF07A86439C8339D5
:10E10000180F8F490E253912E5489467611286F27F
:10E110002065E21FCCF03A066518B22EB541A9552C
:10E120006A95E1A0D5B324D41229C99452A48503D9
:10E1300065E50FB8F23A9ECDC321761E0E710065DB
:10E14000E617BCF0BA86418CC3381C06310EE3706A
:10E1500018C438671D1E65E71ABAF13AA2619052D9
:10E160002995526918A4544AA5544AA56190D20031
:10E1700065E81BC9F23A72249B86504F8641878618
:10E180004189936150E2641894380165E91BCCF031
:10E19000BA86418CC3381C06310E87414772301D48
:10E1A0009E733007530065EC1CCAF0BA722887864C
:10E1B00041C99541AA45D120D5A25A140D529EE4D9
:10E1C000480265ED23CCF0BA72301CB2304A862585
:10E1D000CAA264C8A224CAA224CAA224CAA2648869
:10E1E000B23C4BD56165F11ACCF0BA86418CC36163
:10E1F00010E3701874D230E8F1F09A83391803658F
:10E20000F61DCCF0FAA16848A36A140D87288D8604
:10E21000248BFAAFD19046B524C7320065F720CCE5
:10E22000F0FAC321CCA26418A4248E927848E22884
:10E2300089A3241E92384A722CC7720465FA21CC35
:10E24000F07A8783984561168559146643342851BE
:10E250009845611685D91066519823C31066021D32
:10E26000CAF17A86418AA36190E2681834591BC6C4
:10E270004C4AB2214A12318A430066061BCAF13A5F
:10E280000E521C0D831447C3A0A3613824D13885D6
:10E2900099A264E310660C19C9F27A86214AA36137
:10E2A00088D26818726C38E4C3411F0E7A00660E7B
:10E2B00020CCF0FA8743946951A645C321CAB428FB
:10E2C000D3A2E110655A94C5619A25999A00660F08
:10E2D0001BCAF1BAA561CCD2E12056B2685D862195
:10E2E0004BB361C8D26C18220066131DCAF1BA86FE
:10E2F000214BB361C8D26C18C21C1906254A22A949
:10E30000B7240AB34C0166141BCBF0FACA59381C67
:10E31000B36C38E8F0308469380C611A0E439846C3
:10E3200000661F1CCCF0BA86418CC36110E37018E4
:10E33000C42C1F4E619A0C838EE4603A3C66202404
:10E34000CCF0FA916C08B3281996288992521225BC
:10E35000C9904449693844611685D99025515B9C20
:10E360000666251CCCF07AF3E110E7C830C8F9F056
:10E3700016A6C3202961A20D73180F1B0066272261
:10E38000CCF0FA916C08B328199628CCA2301B1E49
:10E39000A24C8B2A52254A92418BA4300733006647
:10E3A0002821CCF0BAD3214AA36818A2A41849E1C5
:10E3B000900D49948551160ED93065399883210006
:10E3C000662D1FCBF03A8783944935A92625513213
:10E3D0008C49940C43948452120E4A280E6B186692
:10E3E0002F1ACCF0FA86398C87398C879D323CE71E
:10E3F0004834A4519E54B56108663C1BCCF0BA86E3
:10E40000418CC36110AB71389C92781A06310E872B
:10E4100041C78707663E1DCCF0BA86418CC36110A8
:10E42000E3300E87418ED2A82D896A4994C45138B1
:10E430003C66431DCCF0BA86418CC36110E3701872
:10E44000C4284B93281B1EA33C8BC36C1E02664B37
:10E450001DCCF07A86431AA5515B1225D1F08E0FA0
:10E46000831887C320C6E130887104664C22CCF043
:10E47000FA916CC8C22819062949A52439282D52B9
:10E48000D222252D52921C94544AD2A200665222C6
:10E49000CCF07A87839644B524AA0C8394B40C4AB2
:10E4A0008B94B44849651812514AD27418D2026646
:10E4B0005321CCF0BAD3214A966810A32C896AD292
:10E4C000A048439423D1F010255954C991A8260E91
:10E4D00066551CCBF0BA86214CC36108D368784BD3
:10E4E000936150937C18F27438A82900665A26CCA0
:10E4F000F0FAC3211A9428C9A26818942129255139
:10E50000524AA26458A2A4940C51924595288D8A2F
:10E51000D910666422CCF07A87831646C9B0445974
:10E52000944459940C0F518E44D1A00C519644B58B
:10E530003CCB0705666626CCF0BAD3211A8628891B
:10E54000A36458A2A4940C4994949261909252327C
:10E550002451524A8621C772480266681DCCF0FADF
:10E560008621AD0E435A1C0E510E26C390E5E07075
:10E5700048A24A1665A56D666E1DCBF0FA8AC335B2
:10E5800049A324CA92A6E1A0C3C310A6E1308469BE
:10E59000380C1100666F1ECCF0BA86418CC3611036
:10E5A000E36878C787418CC36150A324CDA22CD3E4
:10E5B0001200667023CCF07A73301CA4484A86217E
:10E5C0004BA2681892A58BA5A2444953259992287D
:10E5D0004EA2584B00667424CCF0FA916C488641E8
:10E5E0000AB3281A9421CCA26418A45A1245833283
:10E5F00044591245839EE59102667620CBF0BA8697
:10E60000214CC36108D37018C2341A94614BB261B3
:10E6100019B6241B96614BB200667A1ECBF07A7253
:10E620006C5006298B865356AA44C3960F4398868E
:10E63000C310A6E1304400667E24CCF0FA916C4809
:10E640008641CA91281A94A8960C519644D1A044A8
:10E6500061364489548992348B720D668221CCF0E4
:10E66000BA626558C4240B8765D02AD1A044699248
:10E6700085C320C6E1308871380C1200668725CC2E
:10E68000F07A9761486A525293924394C443320C91
:10E69000521245521225C9902C4A94647994C44967
:10E6A0001666911DCCF0BA86418CC36110E36CB83C
:10E6B00027E1F09843C32029B534AA0E4304669697
:10E6C00022CCF0FAA1614886484A4A4954912AC3AB
:10E6D000410BA36418A4EA100D4A9434476BA209B5
:10E6E000669723CCF0FA916C488641AA255196444E
:10E6F000D1F09023513428512D19A241896AF9A0F3
:10E7000067090066AE1FCBF03A93703888493C0C1D
:10E71000611A0E439846C3415195641892280D879B
:10E72000210266B41CCBF0BA86214CC36108D36CBD
:10E730003864B5E120B525BD6D95A222290066D9C2
:10E7400023CCF03A872159FA320C49B1920CCB1004
:10E750004649321C94284C2AC3900C49180F7398D0
:10E760000066DD22CCF07A876548C2244A86254AB5
:10E77000C2241A1EB2248A864354A90C8993B42356
:10E78000CD891466F017BAF13A1E7444477464B820
:10E79000E8888EE8888E0CEF480066F219CAF1FA14
:10E7A000A238CA868354924A5269782A4925A934E4
:10E7B000BC230166F31ACBF07AE3E19495B2D270F0
:10E7C000CA4AC339CA111DCAB24519620166F41991
:10E7D000CCF07A86839C0FB7B6E1D636DC5A931C10
:10E7E000CB21455C870066F91CCCF0FAA274788BCB
:10E7F000E2E19644B5E19644B5E198A6C390568708
:10E80000210366FC1CCBF0FA86354C8735CC864359
:10E8100012B50C871C1E0635CA117190860066FE63
:10E820001BCBF0BAD25A36BC441529290DEFF03073
:10E830008469380C611A0E430466FF21CBF0BAD20A
:10E84000685006298D066590D22CC9925A9245C30C
:10E8500010A6E1308469380C1100670020CCF0FA72
:10E860008621AD0E435A1A9EEAC8900C599444D999
:10E870001025592445C394C45B0067081BC9F1BA2D
:10E8800086214AA3341A86288DD26818A2344A9366
:10E89000380913390167091BCCF07A73301E1E73D7
:10E8A0006C18C224CCA261CAC27898C3388C3309D0
:10E8B000670B29CCF07A066550B2244BB2244B0684
:10E8C0006550B2244BB2244B066550B2244BB2249F
:10E8D0004BB2244B7AD1922C01670D23CCF07A866F
:10E8E00064902A5954C9A22189A44A1C258334243E
:10E8F0005954915A9A2A512DE9A4680167141ECCE3
:10E90000F07AB21C290D521265C93064B541E996FE
:10E91000744B0665D0FA94855B2867171ECBF17A95
:10E9200072301B0E49A625D9B00C5B920D4BA60E7A
:10E930004B9649B52111B550671B1FCCF0BAC221C7
:10E94000CCA26458862C8CB270C88624CA29C33DD8
:10E9500047862147E2E120671D22CCF0FAC2E1A000
:10E9600044591825833424595419A44A160DC92032
:10E97000D5C268189428EB9409671F25CCF07AA2B9
:10E980006850A2DA30245912458332445912D59284
:10E9900021CA92281A0E4A966749541335016728EE
:10E9A00019CCF07A733007E3E135C77648C9937222
:10E9B00054D3B2358C6300672A18CBF07A732C1EBF
:10E9C000CE39960E073587F6A41A95B44C4D0167DB
:10E9D0002B18CBF17A732C1D0E6A8EC5C33987F6BE
:10E9E000A41A95B44C4D01672C1ACCF07A73301EE2
:10E9F0000E728EED487354CC4AC930246A0EE6601C
:10EA00000C672D19CCF0FAEA599E85C39267F11470
:10EA10002BD5A431CAF2AC8F4300672F18CBF07A04
:10EA2000931C89F27438A839B427D5A8D612567326
:10EA30002C05673119CBF0BAEA513E0C5A1467E93C
:10EA4000705073684FAA5149CBD41467341DCCF071
:10EA5000FAC2388CC36C18923814B72453A24A53A4
:10EA6000248571188771980167351BCCF0FA063D33
:10EA7000CBB3384CB3688E8747254FA234CA222DBA
:10EA8000546300673A21CCF0BA72301BC22C8A065C
:10EA9000250AB3289B6A4AA9D254C9A230CA92A8AF
:10EAA00096444938673D1ECCF0FA723019862CCC5A
:10EAB0008629CE72699094342985529EE5599884AE
:10EAC0006904674017CBF0BAB43CC9215D0AA57A46
:10EAD0003A1CD43CAAB584451567421CCBF0FA72A7
:10EAE0006418E22CCEA2629464D19A0E07358F6A24
:10EAF000492DC9D20067431CCCF0BA72301A964136
:10EB0000C97A8CA22DC994288992B46312664D6982
:10EB10000067461DCCF0FA72301AC4DA30C561AA1B
:10EB20000C43B48549298BC2388CC338CC00674963
:10EB30001BCCF0FAE2302D66C392C7A1182A519877
:10EB4000449A148769318E4400674E18CCF07AE3FA
:10EB5000E171479AA39A32287A8EC5C36B0EE69864
:10EB60000C674F1ACCF07AE3E171479AA3C816AA52
:10EB700039320C621CC6E130887104675020CCF039
:10EB8000BAE2300EE368508629D5B62453A2244A4F
:10EB9000B2A892456194859530CD0067511FCCF0A5
:10EBA000BAE2300EE3684886218AB3A9A6444994A4
:10EBB000844994C4611C56C2340367561BCCF0BA16
:10EBC000D2DE86A73455A250694B2A6212C65992EA
:10EBD000465998A402675C19CCF0BAD2DE062D8D96
:10EBE00086690C95AC926649DA6518A41C02675FC9
:10EBF0001BCCF07AE3E1354786418CB230CAC26162
:10EC00009077A4392A66991C0367601FCCF0BA720A
:10EC1000301AB6301CA4388CB55489C2244AC22498
:10EC20008CC338190629870067611ECCF03A7370CF
:10EC300058C33489D24C47246D8B0E838EE448949C
:10EC4000A45994655A0267651BCCF07A73301F0E85
:10EC500059544E8AC3AB0E297912A5511669A11ACF
:10EC600003676821CCF0BAA2414C8BE1A0E4D1301B
:10EC7000245B52514A8912959452166561544BA2F5
:10EC80003C01676D1ECCF0BAC2382D0DEF503684B2
:10EC9000524D295522A9924561168551964449380D
:10ECA000676F17CCF0BA72301A1EAB8D9BA8444A1E
:10ECB0005B122951D7DE00677017CBF07A732C1DD9
:10ECC0000EE29E54A35A4B584793A8272D2A677EDD
:10ECD0001FCCF0BAE2308BC22C8A06252B85991204
:10ECE0005594AC520A9330CEBA49D1A004677F2024
:10ECF000CCF0BA622D5BB37450F26C90A62C521219
:10ED000029A925DDA230CAC2A892258916678121CA
:10ED1000CCF0BA72301AB6523428D52CD9A42C5261
:10ED20006A4929292551528CAA4994848A266784E4
:10ED30001ECCF0BAB23CCBB3E135AA649156518AED
:10ED40004A27251A94284EA21C89620567891DCC82
:10ED5000F0BA72301AB6301CA4388CB5541986A497
:10ED6000188771188771320C0267901ECCF0BA6256
:10ED70002D3B2879166BC332D59452A5A9924561D3
:10ED80001685511646590467951DCCF0BAC2388CC9
:10ED9000C37078AA64C916454AA425A19A25699624
:10EDA000447D0907679717CCF0BAD2DE066598D282
:10EDB00070DB94BE259DBA6451B50D679A1ECCF0E8
:10EDC000BAB23CCBB3E1A0446116854A9629A54A64
:10EDD000494BD26212662D6A00679C1CCCF0BA8641
:10EDE000418CB27018C4280B87418F87C71D698E6C
:10EDF0006A5AB6C600679D1BCCF0BAD24EC35B5AA6
:10EE0000D40669CA92A6244AC2244C8B49186902C6
:10EE100067A220CCF0BA72301BA62C1D9430CAB465
:10EE2000484A4A4AA99225DDB4280BA32CCF860173
:10EE300067A319CCF07AE3E1351F0E511646D1963F
:10EE40002989A68F3BAAEBE80667AA20CCF0BAC2B4
:10EE500038D406250AA3304BE2481A32A55469AAD1
:10EE600064899885511646E12067AB20CCF0BA72D0
:10EE7000301AB6284C86318B4C4BA2448A943425E8
:10EE80008952D24AA194C4911E67AF1DCCF0BAD268
:10EE9000DE066598D2540C9564189246250BA32C77
:10EEA0008CB261CAC20067B61FCCF0BA7268500655
:10EEB0002DA945952CAA0C4A548BE3E151C99328FE
:10EEC0008DB2480B0567B723CCF0BAEA489423D13A
:10EED000325C9A2A4D4A174B4589928A12254D4930
:10EEE0009494922899A44A0067C41ECCF0BA723058
:10EEF0001A8628CD86A74E4A54B1549428A9289141
:10EF00002655A36A541467CF1FCCF0BAD26EC34102
:10EF100009A32C8CA430519261481A952C8CB230E4
:10EF2000CA86290B0367D01BCCF0FAC26C780BE3BE
:10EF3000610EE36147E2E151C993288DB2480B05A8
:10EF400067D11BCCF0BAB2FE3224C3106535298BD1
:10EF5000946450BA25B5BE0D5A0B0067D21BCBF096
:10EF60007AC238CBC6211B44314BD221C9D2E1A091
:10EF700025D5A8D6121667D31CCBF07AB27C18A27E
:10EF800030CA925212B54CD992A5C3414BAA51AD89
:10EF9000252C67D41BCCF07A86739623C5E12DCA45
:10EFA0009AB2301D1E133D4AD22C8AC44C67DC2114
:10EFB000CCF0BA72301A86A83CEC48346C4A182956
:10EFC00062521A96528E443912E548340C0167DEBB
:10EFD0001DCCF0BAB23CCBB3E1250E636D8894280A
:10EFE0004C4A61120E52188771180267E01BCCF070
:10EFF000BAD2D2F09046D5280795614894AC52AB6E
:10F00000A4DD92340C0167E51ACBF07AD3E120EE4F
:10F0100049352A0D07290D87214CC361C8E1E1203C
:10F0200067EC1CCCF07AE3E1351F0E51524AA2483E
:10F0300089A2E190EE487354CC4A612867EF22CC54
:10F04000F0BA72301906294F06358B86245AA2244D
:10F0500052A4A469489A2A599EA54916470067F107
:10F0600018CCF0BAC2382D0D0731AD8AA1920C4AE6
:10F070005B25EDD3300467F322CCF0BAC2388BA6FF
:10F080004A651892A64A93D2C55251A22551A2A40C
:10F09000294CA62C0A132D0267F420CCF0FAA21CEE
:10F0A000896AC99084492455A22C19A4218E87838A
:10F0B0009894A362560A430167FF22CCF0BAB23C8F
:10F0C0008C93E1218AA361534A91A24449298992F0
:10F0D000521265519268611C860068051CCCF0BA1A
:10F0E000925BD26550DA926E49A7E1A5FF2DE996B1
:10F0F000744BBA29150568071DCCF0BA72301B9401
:10F10000418772301A86640C958A94F416F5972C10
:10F110000D3500680821CCF0BAC2242C2583944513
:10F12000D1B085B13628CA102661941493308D8AE7
:10F130004929D904680B1FCCF0BAC2381A9EE22CB8
:10F1400049B3245C862151B24A9A2551258BBA6471
:10F15000515103680F1ECCF0BAB2C62819A4248CF2
:10F160008621D1B11D694FB241CBC11CCCC16818F9
:10F1700002681121CCF0BAF22C4F8664CAC2414A0F
:10F18000A2D2528A94BE454A2989B2244B32398B85
:10F19000150068131DCCF0BAC23854B3281A94ACC9
:10F1A0009446D2202959A55689862DED320C026845
:10F1B0001620CCF0BA72301A86284CA2E1A9D2B23D
:10F1C00074B15494481A92288DAA51340C51356860
:10F1D0001719CCF03A3E46E97088FAD37088E3E11B
:10F1E0002D2947C5AC14860268211BCCF0BAC23861
:10F1F0002D0D2F5198D59434514A95A64AA83626FC
:10F2000061A409682A1CCCF0BAD25A9266C3535A38
:10F210005C862151B24A3825E19825B5A86B06686D
:10F22000371ACCF0BAB2C6241A926188D2C6699055
:10F2300094AC925686414A7B0368381DCCF0BAC222
:10F24000382D0D4F711665CB102A59258CB2480AFE
:10F25000533193B2440D68391DCCF0BAB241EB364C
:10F26000288392759306496952FA2D0AB328CC92E5
:10F270005AA605683C1BCCF0BAB23C1BB496612977
:10F28000A6E19644495B52190629EBDF0605683D65
:10F290001CCBF0FACA59120D4A94D58683561B9698
:10F2A00028AB645BA5622A69491868421BCCF0BA96
:10F2B000D2B64119B43454C365181225ABA4B54174
:10F2C0004B3B0D4300684322CCF0BAC224AC8451BE
:10F2D0005219165B98845A922989A5945494521213
:10F2E000564A599444B501684524CCF0BAC2381B3B
:10F2F000B4288B86A73AA22443A42851524AA2A438
:10F3000094245A946451258B926C0868461FCCF063
:10F31000BA72301A86A83C3C352E51A8284352AA0E
:10F320002551351A86A88E44C310684818CBF07A48
:10F33000D3E12D1DDEEAE3900D693A1CB4A41A95C1
:10F34000B44C684C1ACCF07A737098736418C43853
:10F350001C06310E87418F87A7362D1B685022CCA3
:10F36000F0BAA26188AA5175189225AA464AB22419
:10F37000968A122515254A96A8D2548D8A0268517C
:10F380001FCCF0BA8621CE726447B2705086256ACF
:10F39000DBB44A940C6F49944659A4850268532201
:10F3A000CCF0BA72301906298786831685991246E1
:10F3B000CA3024A530298559346C39980C830068EB
:10F3C0005418CCF0BAD24EC35B5A55862151F22460
:10F3D0001B945AFF362800686320CCF0BAD252B78B
:10F3E000241A96B66818923D5162A5324C3912E53E
:10F3F00048140D43942301686522CCF0BA622D1A9B
:10F40000B2418AA36148B4285BC2A453A264519854
:10F4100045611685511626610468681ECCF03AA233
:10F420002C4DB2218CB24C694BC22C4A76281EDE80
:10F43000927254CC4A612868691FCCF0BAD2D2309B
:10F4400044E5614AA3AA1285CA3024A55A1255A3DD
:10F450006A92A5CA300468761CCCF0BAA2610B93FC
:10F4600030CD86A74E4A5451864B5452A26188FA39
:10F470008F0268811FCCF07AA2614AC2244B5AB431
:10F48000244A9231CA4A5A980E8F49392A6615B1D0
:10F4900000688522CCF0BAB23C1BA6F2900C5B94BB
:10F4A0004499122591325CA2244A4A952C1A862846
:10F4B000CF5209688622CCF0BAB23C4B8687A89618
:10F4C000D4A2419B9292D2A42483A4648912654958
:10F4D0002DAA26590668971ECCF0BAA26188D2B62A
:10F4E000E1A993320C892952A26150B2240DE32C78
:10F4F00011135168A220CCF0BAD252B7A432686975
:10F50000362C539828C930248D4A364C59186561D9
:10F5100094650268A61DCCF0FAC26C780BD3694BD7
:10F5200012A52989AA831C864A94433A240F3900DC
:10F5300068A71CCCF0BAA26188D2B6E1A08551B40C
:10F540004591325C7228C906ADDF060568A81ECC5D
:10F55000F03AB7640893B0920C43524A4A49A9243E
:10F56000C7C35B528E8A59290C0568AD20CCF0BA0E
:10F57000C2388BC2284C86A72CCA9652A42443A218
:10F580004452A5290CD52C0A135168AF1FCCF0BAF0
:10F59000B2C6248C8665D0922C1A26A9B80C835248
:10F5A000B26449D4B425595A0368B021CCF0BA6288
:10F5B0002D4EA268782C2545A58B322C4A94244ADE
:10F5C000292946C9122551640A0368B31FCCF0BA31
:10F5D000C238AD0C4F799465CB302969524A4A49FB
:10F5E0009414A3A4298992923A68C01ECCF0BAD28E
:10F5F000B6414AC2AC294DA64152F2248C92522502
:10F600002B85599226C32068C91BCCF0BAC2381B7F
:10F61000B496E1A0351D2425AB44C3A044FD1729B1
:10F62000CD0068CB22CCF0BAB228CCA2301A5EA2B0
:10F63000301B42A9A62443946451251906298BC284
:10F6400028CC923868CD22CCF0BAA2618BC22C1A99
:10F650009661CCA261DA21454B9468514A591865EC
:10F660004954698AA40168D21DCCF0BAD2D2F0966E
:10F6700046C31069A9320C8A54A91C12252D0D43CA
:10F6800094B60168D51DCCF0BAC2382D0D0F69941F
:10F690000D9A0E29C3A556C9925AD4258B8A1A00F1
:10F6A00068D822CCF0BAE2685806298E0669584A12
:10F6B00049A29492442925A554DB12A55312C56191
:10F6C0001C0168DA24CCF0BAA265AA34552AC365B5
:10F6D000AA34295D9421199228A92851D254694A43
:10F6E000A2A42425890068E01CCCF0BA9A93E2F029
:10F6F0009063D130A4D561C89178784BA234CA22E6
:10F700002D1468EE1CCCF07AF3E190EE484594326B
:10F71000B136BC85E9B42589D2144659980168F1FF
:10F720001ECCF0BAD2D2304469363C65A5A59628E5
:10F73000D190D42AA5A498169330D20468F522CC8F
:10F74000F0BAA2618B2A59342CC39464D1308DA1B4
:10F75000325C422DC91231AA64491655330068FA49
:10F760001DCCF0BAD2D23044D56119A6AC34659123
:10F77000920C4AD7241BB47E1B1400690520CCF0E0
:10F78000BAD2D23044693648499895966148943443
:10F79000A92D6D492D5BB23C8B1500690D1DCCF078
:10F7A000BAD2D2304469362883D6A40DD294252DFE
:10F7B00083526B1BB44EC310690E1FCCF0BAB22437
:10F7C0008DB268786A8DAACA3029529644B5241A37
:10F7D000B6A81A55A36108691223CCF0BAB23C8BC3
:10F7E000A64C4986254AA2645822A99228A5448994
:10F7F000A6A46F52D69444911205692D23CCF0BA79
:10F8000092294C4A61920C4F695219A2A5942895ED
:10F8100041E9A4248728C9A24A1655B24469302474
:10F82000CCF0BAC2381906A952192EA54AA2295DF0
:10F830009421499428A92851D2940C431626612575
:10F8400002693D20CCF0BAC2381CB2964119C234CC
:10F85000558621B144492D91922819B3A41675D427
:10F8600000693F25CCF0BAC238198664C8E2681036
:10F87000B554190645CAA22419862451B2248A0611
:10F8800031CAC2689000695423CCF0BAB23C190660
:10F89000298B92E152CAA2241A8628516A49B19250
:10F8A0000C8314AA591426A200695A21CCF0FAC27A
:10F8B0006C58062D4CA72D4994640AC3E1A0455904
:10F8C00018E548348449551B8600695E20CCF0BA9F
:10F8D000A261882A4D95CAF010A5E1320C891285E3
:10F8E0004969486A7DAA64491801697724CCF0BA4D
:10F8F0006A61942551B428C316464993A20C891213
:10F900008549342CA5308B862D0AB3685800697C54
:10F9100021CCF0BA7A4B2A839646C390684969890C
:10F9200022A51447C3106551184961A826D3006960
:10F930008225CCF0BA92439494C2648A0645099316
:10F940002109A741B1454953A5A29412498992289A
:10F950002965D100698622CCF0BA42358BC2284C89
:10F96000066548A21C54968AA5A2444BA9D2142D20
:10F97000A54A16552201699422CCF0BAB23C5AA687
:10F980004A65B8942A4DCA22294A4589B2448992C7
:10F99000A668D1122D8C2300699C20CCF0BAD2D25B
:10F9A000304459659092301A8648892ACA70092BCA
:10F9B000E190750AB324930069A820CCF0BAD2D2A2
:10F9C000F09064511685511265D2B058C2A4342407
:10F9D000C5381CA4300E430069B422CCF0BAC2383A
:10F9E0005286A8960C43D214294AA44415254FA246
:10F9F0006150A24EC310F5340C0169B721CCF0BAA6
:10FA0000C2381A1E922CAA3449C3A2942AD1302893
:10FA10004D61364C59146651980D0369D024CCF0D1
:10FA2000BAB23C1AB6288992E1A04549142DA548DE
:10FA30001986A426659952AA0C5212659138046958
:10FA4000DB23CCF0BAC2248C92629424C3A518257F
:10FA500089A6D412254FA26150A2A4A9D254694A02
:10FA6000864169FD1ECCF0BAC2248C8687A4291A6F
:10FA700086A8D27218947A920D5AB741EB362800B4
:10FA80006A0A1ECCF0BA92521865D1A00C5352CA21
:10FA9000966869514AB56878D5A17A98CD036A1FEE
:10FAA0001CCCF0BAD2D2F09484D130245AE9A0749C
:10FAB0004B6A83969686214ADB006A2122CCF0BAF3
:10FAC000B2284C8641CAA2683868519829C3A488D4
:10FAD0004969588A71320C52168589286A2A1FCCC6
:10FAE000F0BAB2288C8697288C8621124365B844D8
:10FAF00025251A86A8A76188B2A6346A3127CCF0DA
:10FB0000BA926190922CAA549461499428A92891A0
:10FB100092289112654A325CB228CC86304DB2648C
:10FB2000C8026A4721CCF0BAA2610BE368580629E3
:10FB30008BA26188B48A72296551921CA25A182539
:10FB40004DD1326A5923CCF0BAC2284B16254ABA95
:10FB50000C491626C310ED89320C49294C4AC316AC
:10FB60008559294C86416A6121CCF0BAC2212B45C6
:10FB7000C35397C390285198444AA4848916296294
:10FB8000458BA4240A35006A7121CCF0BA926190A9
:10FB9000927C50A64A1C25C9302DA544A9582A9705
:10FBA0004E95288B9421AA0B6A801ECCF0BAD2CA3B
:10FBB000F0A0345596A81A29C39028B5A465506AB8
:10FBC0006D83D66518046A8427CCF0BA6A61322442
:10FBD000611225D13028531249D1B054A42C51922E
:10FBE00021499428CCA2294BA2A4244D016AAC211E
:10FBF000CCF0BAB2284C86A762320C52122787A5E5
:10FC00002625A5A49854C4A89225595413016B2005
:10FC100019CBF0BA722CC7864B1E655131C77228BA
:10FC2000C9917A969674016B2119CCF0BA8B79340C
:10FC30000C51318D92B01C86AA58094B59318D0355
:10FC40006B221DCCF0BA73301DA2614BC2244ADA7C
:10FC5000922C0EE3504CA2244CA2C66A1C6B2320AB
:10FC6000CCF0FAA4544CD341092B43D29494C2242F
:10FC7000AC84952CC9922C89DA922849036B2720F1
:10FC8000CCF0FAC3410AE361889250E953126551FE
:10FC90009825B54CAA4471120D4A16A7016B322261
:10FCA000CCF0BA92288E9234A90C53314AB224CAAD
:10FCB000A22C4DC2410AB348ABD40625AA89016BD8
:10FCC0003A24CCF07AA26A541C964189923019B237
:10FCD0002889B270C8C228CB86A596644994255954
:10FCE00012A6016B3E1FCCF0FAAA839267833228DA
:10FCF000599C94862C07B3618A432D9192A852CACD
:10FD0000A4306B4720CCF07A0625CD92745006259E
:10FD10004BB26498927A364CBD299D32A53424ADFD
:10FD200043166B4923CCF07AB2281B86244DB2E1EE
:10FD300020464929192E61528A86210A933053B4EC
:10FD400028E94F59006B4C22CCF03A0E498E44E121
:10FD5000920C4AB76491F22C1A8628CFB2254AA297
:10FD6000A494444B2D1C036B6218CCF0BA7330077B
:10FD70007330CFF26CD0EA599EE5599EA5C3036B50
:10FD80006317BCF07A86839C83399867793668F567
:10FD90002CCFF22C1D1E6B641FCCF0FA6B799626CB
:10FDA0005954596A492626599A6469925592251BD5
:10FDB000C22C8987006B651CCCF07A73241AC42886
:10FDC00047A27878CD912847A2AC29C772641D72EA
:10FDD000046B661FCCF0FA937048A21C0987C728F1
:10FDE00047A23859D2244B932CAA4CC920EB60006F
:10FDF0006B6721CCF0FAC2388C9361488A95294C04
:10FE0000A2414AA22C4AB2244BB2244BA66C4C729B
:10FE10004D6B6A19BCF03ABEE6D0A24D999C0F8793
:10FE20003847A2418C72248A87076B7918BBF03A55
:10FE30001EC41CCAB1614CB3248CA31CD1A11C915B
:10FE400077046B7B1BBCF03ABED5B37848A25A52FC
:10FE50004AA244967224CAB35298CD43006B7C19CF
:10FE6000CCF0FA216550D68E431646C3A5968A710A
:10FE70009816E32CCF006B831FCCF0FA916C98D2CC
:10FE80006CD02AB5A5A9D2220D839464719684956D
:10FE90002CCC924C0D6B8620CCF0FA916C98D23021
:10FEA000CE6ACBB04471122583D22D8CB230CA6A8F
:10FEB00083226609006B8924CCF0BAD341C9B361AF
:10FEC000AA26433224A5244A94CA90644A9464D151
:10FED00090445994D4211D51006B8A1FCCF0FA91A3
:10FEE0006C50AAD930350E59180D87284B93688D60
:10FEF000925AD41265919E016B8B21CCF0FA9368D3
:10FF000058A22C4CA6680887288DA26149865C2AD5
:10FF100086622825619468A2006B9622CCF0FA9143
:10FF20006C4886214A6B83B6645165902A59924881
:10FF3000831865B5410AB3241C86006BB422CCF04B
:10FF40003A2E431247491C2552922DF5281A94281F
:10FF50008B92A68A164939120D53926B016BB5200C
:10FF6000CCF0FA9421D3A22C8CB22189B2DA32E4FB
:10FF700048364C596D48A248154B59240A6BB72294
:10FF8000CCF07A06654B936C506A95DA302D593E69
:10FF90001C94348A0625AA4552984449A484016BCE
:10FFA000BF22CCF07A86650A93D2B094E244E93A53
:10FFB0001C94A6241A96529E259A94444994A461AE
:10FFC000006BC121CCF0BA72C83224611225CA126A
:10FFD00025611225C310C6C34B948551968A5312CE
:10FFE00069066BC524CCF0FAC2659892288B922CD6
:10FFF000C9926150E270509221E92D89922D4A9A5E
:020000040002F8
:10000000B2284B4A59016BCB1BBBF0BA86218C8AB4
:1000100051312A0D07258BB252361CC22C0D6B1A9A
:10002000006BCD1DCCF0BA86418CC3280BB3288C55
:10003000A3E1A91666511887C321877248036BCFC5
:100040001DCBF0BA726CB8E45034AC4994464934D4
:100050001CA4C62CC986438EE488066BD21BCBF049
:100060007AD3E1A0C6C3391D0E52D37050B2281BFB
:100070000E3992231A006BD416CAF13AC2DEC42894
:10008000199252A8857D4AB221CAD4216BD51DCCC4
:10009000F07AC2388CB22119CB519245499445521D
:1000A00032C4F1F09A833918036BD623CBF07AC2AD
:1000B000348CA221D9C22C89926C900635CA924800
:1000C0004CA24A944449A625433248006BD722CC1F
:1000D000F0BAA36850A24A53A529512A8332285165
:1000E000A5A9D254698A06254AB46448E2686BD946
:1000F0001FCCF07AD2281A942DCD92211A747478DC
:100100000AE321896AC9984459DB900E016BDB1818
:10011000CBF0BAB74187722CC70669D0B11C1BDE81
:10012000B1344CD3616BE11FCCF07A935C0A876CDD
:100130000893E220E5D120265A322859180D6294FE
:100140008579361C6BEB1ACBF07AD3E12085D9F098
:100150000E29C394C6C3A0C7C3A0A4613C086BEF1B
:1001600021CCF03AB36C88925A45CC926C90923084
:10017000526A95CAA02462A866511215B5E1006CB6
:100180000F18CAF17AA741CDD22CCDD2E1A0A55942
:100190001A56A26C8CE4016C1117CAF13A5EF22473
:1001A0004F864B9666E97010BB468A96CC026C135C
:1001B00022CCF07AB2618BC22C0A93E1206551986F
:1001C0004561360C49168559140E5A9226912A0615
:1001D0006C141CCCF0BA727038E560326C393A0C91
:1001E0003A98833918E5509243498E096C161CCB16
:1001F000F0BA726CB8E458324C393A0C39960D4B5F
:100200001855A248698C36316C1B20CCF0BA72703C
:10021000382439980C8392A3C335C9C22CCA8621CD
:10022000895A942CCAA4480C6C1F21CCF0BAF26CE9
:10023000382439389C2A59360C499AB40D439225F2
:10024000B56C18925A5252A42D6C221FCCF0BA727F
:100250007038E560320C518E84C3922351BAD45465
:100260007158AAA1320C52006C2621CCF0BAF26C63
:10027000382439980C439485D9302469541CB238F9
:100280008942254BC2245336296C2720CCF0BA7200
:1002900070382439980C439464519A64D17088C39F
:1002A0006C189262653824621C6C2820CCF0BA72FB
:1002B00070382439960C831C66C3906451251BAE9C
:1002C0005151C99230C9944D0A6C2E24CCF0BA72A7
:1002D00070382439960C839844491625519A6499AC
:1002E000922861524A4A5A924599224A016C2F2219
:1002F000CCF0BA7270382439960C838E44E120E534
:1003000048140D87302925D99644496D4824296C15
:100310003020CCF0BA86439463C93064511825C3A9
:100320001287D970AC84C312564AC3248559006C15
:10033000341BCCF07A7330072B4392A5891227F532
:10034000A41C55A36256AA84620E6C381DCCF0BA68
:1003500073341FB23CCA86A49EE8511247499A459D
:10036000919889498EC5006C401ACCF07A72341984
:10037000061DC9F230CEC1384C6B72188771186EE9
:10038000006C4115CCF07AE2B40E6679180D831634
:10039000C6615A5BFB0D6C421CCCF07AA31CC9F2FF
:1003A0002C1A5E7324CAD244C9953C89D2288BB4D6
:1003B000D00C6C4720CCF07A72341A86348E923C82
:1003C000A943498E443912C5538E443912E5483445
:1003D0000C016C491CCCF07A72341AF62C49B32803
:1003E00089B2304BC24A98666B3109B316356C50EE
:1003F0001BCCF07AD238CCC1F2A094C22CCA4A49A4
:1004000094A5D21CA6353991016C551ACCF03AF25C
:1004100030CEC12C4AA24A532D89FAA721EA4FC3F4
:100420001055036C5718CCF07A72341A76248CB2BB
:1004300034C9E26418A4302DAAFD086C5B1ECCF010
:100440003A72244B8641CEF22C0AB3CAA0845116CC
:100450004659A4F5520B952C0D6C5D1ECCF07AC25A
:100460003CCBC1341A2EA56216855116464AA68A7F
:100470006992655A94C8016C5E1BCBF07A86738EC4
:10048000A5C3412765C9904469B2464998452D994D
:1004900018036C5F19CCF03A72341A861C09E3B465
:1004A0000EC6611C866A97E19263006C6022CCF0F4
:1004B0003AE2B41C25612591928A92455336245123
:1004C00016254AA225B54A966469120E036C611D71
:1004D000CCF07A72341A763847A361D0A23CCBB301
:1004E00041D1912847A23889F2086C6422CCF07A75
:1004F000A2614C732C4CE32419862CAA44599444D1
:100500004D53162569968451521213006C6A18CC0B
:10051000F07A723419063D8CD3721827C310A5A146
:10052000DA97E1006C701BCCF07AD238CCC1D27073
:10053000A9E5591CC659928951964959D4250F6C81
:100540007221CCF07A723419863CAA266112256396
:100550009495C22C9222A992455998644926690221
:100560006C791DCCF07AF230CEA5444CFA544BA2F3
:100570002E4D95CA66C9D2241B86244B036C7D1E62
:10058000CCF07AB21C898621CCA36498727818C208
:10059000388C233DCB933AA2E450006C7E20CCF003
:1005A0007AC224CD921CC9A230ABA8613228511660
:1005B0008559148951D64B2DCA32006C811CCCF060
:1005C0007AD238CDC12C2A27519EB5149328099789
:1005D000280E2B61251D046C8220CCF07A722D1A16
:1005E00072240EF32419862CC9C2280BA32C92C2A4
:1005F0002C0AB324CDF2086C831BCCF07AE22DDAFE
:10060000C1729A64F9700AE32CC9C424CC9AD22826
:10061000C9036C881DCCF07AD238CC91E116B56450
:1006200071A8866A9664621256A2248B2A51386C8D
:10063000891FCCF07A7234190631D6D1241AD2A887
:1006400098456116456294855152AB244A2A6C8FB5
:1006500024CCF07AA26890922C0AB3481A92288986
:10066000B228D3A24A16559A26A912D592304A6AC0
:1006700061026C991DCCF07AD238CCA1A414265119
:10068000B72889E230CAC228D1B3380CD564066CC9
:100690009B1BCCF07AE2B43EDCC32419862C89FA89
:1006A000A72DAA6451A2C4619C016C9F1ECCF07A54
:1006B000B21C89726CB8C5493D8BC2280BA3A6C376
:1006C0005287923CA92309006CA11ECCF07AB2217A
:1006D0008DEA489485511885938E25C3D6242661CA
:1006E0005A4CC24853006CA423CCF07AA261909279
:1006F0001C4C932CC9A2444A522D4D3231892A52A6
:1007000092457524CA916818046CA51FCCF07A72C2
:10071000341A8634CAC2284C9261C892A87FDAA2E1
:100720004A544BA24AA72C016CA61ECCF0BAC23C7C
:10073000CBB1240BB3521A46611615B324DBE42C5B
:100740008CB2300A07016CA71FCCF07AD238CCB13A
:10075000240BB38AAA258318656194455A522B55F8
:10076000B2340987016CAA1ECCF07AD238CD9161DF
:1007700010D3244BA36818A23A12C55A9EE5518E95
:10078000D411006CAB1CCCF07AD238CC91E19C2611
:10079000599E0C5B18679B96D4A22E59250D016CAF
:1007A000AE21CCF07AB2618BC2384CC252920C634B
:1007B0001266519845C3A285511646591845C32063
:1007C0006CB324CCF07A723419061D4BC221899285
:1007D000521226519245952C1A924447A21C89E246
:1007E00024CA23006CB824CCF07AC2244D86214957
:1007F0009352981487414B5A93C66838844994841D
:100800004994645112D532006CB91FCCF07AE2B42D
:100810000E66E130244DB5246A1A86A8698B2A59E0
:1008200054C98621C9D2006CBB20CCF07AD238CC16
:10083000B1A8258C92E1942351344C599868619465
:100840008551364C5998006CBC20CCF07AA261904E
:10085000B2300EC534494431C7A26188AA5B9A649C
:1008600069920D4392A5016CBD1ECCF07AD238CCB2
:10087000C1D27049F32C4E86214BD2444AA36A144C
:100880000D43544D006CBE1ECCF07AD238CCC1F270
:10089000A0D4F22C4E86214BD2444AA36A140D43B5
:1008A000544D006CBF21CCF07AC221CCA2308BAA6F
:1008B000515694921C8A862D0A132D8CB230CA860A
:1008C000290B13006CC424CCF07AD2288B92284ECA
:1008D000A2244CA2D2304895288B92288B9228D102
:1008E0009221CAF22CCF86216CC520CCF07AB2615D
:1008F00088AAA5488C2A4DB524EAD25489864C4C46
:10090000B234C98621C9D2006CC91ECCF07A736496
:1009100018C4381C06310E874147B268481239D1D5
:10092000A324CDA248336CCA1FCCF07AE234CCA108
:100930006110D3A4354BD2281A86A8BAA5499626A9
:10094000D93024591A6CCC20CCF07AD238CDA1A45D
:10095000358B32294C4A61D22D691AB524CCA24C70
:100960008B126948006CD51ECCF07AD238CCA161CC
:1009700089D37A1627C32085A1188751160D439471
:100980008509006CDB1BCCF07AE22D1972B01E4693
:10099000C310A6615A0CC538CBA3244EB2416CDEFD
:1009A00019CCF07AD238CD875B9CE468320C52DAED
:1009B0002687715809D3106CE122CCF07AB21C89D9
:1009C000727058B2348A06258B2A5954C9A221491B
:1009D000B44CCAD2244B9370186CE220CCF07AD27B
:1009E00038CC91E1166549544E86214BC42C2945DB
:1009F0005224269998443545146CE31BCCF07AC2F6
:100A00003CCCC1D270C9D124AC84A52CD2A2308BED
:100A1000C2B4321C6CE520CCF07AB26188AA557160
:100A200018922C47A2248E9248AA4C5A9246B5247A
:100A3000AA25C5216CE818CCF07AC23CCC91E19C87
:100A400026599EC5D1B085A1DA97E1006CEA1FCC8A
:100A5000F07A72341A863415D3241B86A81A55A34B
:100A600068B8A5499626D93024591A6CF01ACCF0EA
:100A70007AE3E120E7C3391F0E6212A54A93B469F5
:100A800049558A64196CF31DCCF07AD238CD913176
:100A90004E4B59A214A3448D9292D425AB64491AAB
:100AA000A6006CF51CCCF03A1ED41C1B563153C268
:100AB00078D8A1DA90D4133D4AB22D5A55006CFB78
:100AC00022CCF07AA2619092384BE27018922C47B7
:100AD000A21C898621CA916958EA5092277524017F
:100AE0006CFC21CCF07AD238899238AA64C3A084F5
:100AF00079366851984552244562148949545344C3
:100B0000016CFD1FCCF07AA261C8A22C476A719AD1
:100B10004449BC4D61380D5B1827C320857118020C
:100B20006D011ECCF07AE2B43EDCC3248C93618864
:100B300072301A162D8CB230CAC2281B16006D0BEB
:100B400018CCF07AB2302BC5C339AD27C316C661B5
:100B5000280D8392F6086D1223CCF07AB26188C218
:100B6000248792281C86244BDA924E95A6481AB404
:100B700034C9D2241B86244B036D1721CCF07AD2C2
:100B8000388972641892284BC5783844599266495E
:100B90002626611655A22C4AAA036D1B1FCCF07A9B
:100BA000C23C1B642DC9A2244BE5A898885934DCAB
:100BB000C2280BA36C98B230016D1E24CCF07AA22F
:100BC000619092388CB564482A72A60C499494922C
:100BD000282925533224A53889E2244A056D251E8B
:100BE000CCF07AD23819861C899268B8A451960C38
:100BF0004316C6C970482BC3256D046D2A1ECCF060
:100C00007AC228CCA21C896AC3A084511A15B328C1
:100C10004C86430E96B262540E6D311FCCF07A9220
:100C2000E154CBB3281CB4C6280BA3418CB248CBEB
:100C3000966418B23CCB23006D321DCCF07AB234EE
:100C4000EA1A456254A958A2C4A99FB6A89245952C
:100C5000288B921C0A6D3B1DCCF07A722D1A7230D3
:100C6000CBC36818A4B4D3B06861948551364C598D
:100C700098006D3C1BCCF07AE2B48E0C4B1EC6691A
:100C8000320C52DAA60D531CC661340C026D3D1DA8
:100C9000CCF07AD238D4A1C65239CA863007A361C3
:100CA000D1C2280BA36C98B230016D3E23CCF07AF0
:100CB000623119722454B2648C9252A6B425153153
:100CC000699392288B92288B12A91285016D411D80
:100CD000CCF07AD23819063D4CE3AC980C439667B9
:100CE0005152D2925AA553A55B326D451FCCF07A72
:100CF000C224CDA21CC9926CD8B43C6B19B6304B3F
:100D0000D4248BA3244D9A36016D461ECBF03AA213
:100D10002C4CA2418BB24A9B494974281B16254D85
:100D2000AA51126651CD006D4720CCF07AC2484BD3
:100D3000061D4AE3A4552A49530E26C3214CC24A34
:100D400094645125D186006D4A1ECCF07AD238CCFD
:100D5000916148B2A86F49544B86214BA28ADA545C
:100D60001D946408036D4B1CCCF03A722C4906ADFF
:100D7000259192FE5BD249E95F96BE8949544BCAE0
:100D8000026D4E1ECCF07AD2381906396A1393A838
:100D9000988852168559148951164659A730026D04
:100DA0005120CCF07AA2619092380FC36148C23CC6
:100DB0004BD26818A23493864189C3388C33006DB6
:100DC0005321CCF07AD238CC91E11665492DCA2A4C
:100DD000512DA9685216255196444929D4923005BF
:100DE0006D5923CCF07AB234AA0C711246839A253D
:100DF00083144D59A24499524AB424AA25514D8BCB
:100E00002231016D5A1ECCF07AD2388BF230C9866D
:100E100041C9AA4A561B92A8164949312D2661B2EA
:100E20000D6D661ECCF07AD2242C85C3214EA361B1
:100E3000C892A8960C439644156918A2FE17056D32
:100E40006920CCF07AB2288DEAC39064C5384D860B
:100E500041CAC16858B430CAC2281BA62C4C006DC8
:100E60006A1DCCF07AD2381AE6300987290B2BC3D9
:100E700016257154DAA224CABA4435316D6E1ECCDF
:100E8000F07A722D19A430AA84511265C310C5617D
:100E90005A190E71188795300D016D7421CCF07AB6
:100EA000C228CCA23C4CB2284B52358BC228CC92E3
:100EB000E19085511646D9306561026D7723CCF0FB
:100EC0007AB21C898621CCC361CA92288B2AD97038
:100ED0008892A8226549140D839223512C016D78C4
:100EE0001ECCF07AB261CBF341C9A1D23048491C83
:100EF00045C3568AC4284BC5521689026D821DCC43
:100F0000F07AD238D4A1C6526548A2304E86410A42
:100F1000432DA9455DB24A28026D851FCCF07AA207
:100F200061C892341D86244BA36818B224CDC23800
:100F30000CA56188D22EC3016D881DCBF07AD24AF0
:100F4000544D9AC36CD892308A86A9B80D4B162698
:100F500059986499006D891CCCF07AE2B48E444BA8
:100F60001885D1304869A92F899425519EA562B46E
:100F7000026D8C1DCBF07AA261ABE450960D43124A
:100F8000B50D8394442DC3A9256A895AA2506D8E4C
:100F900022CCF07A72441A9231CAA230A945952522
:100FA000598A51528C929252199428472AB2380881
:100FB0006D9520CCF07AB26296E4C390C451691862
:100FC000B2248A93284E8643A82559D2456A0D013A
:100FD0006D9B1ECCF07AD2381A863C0C872149E3EF
:100FE0006418A4AC6D18B430EA254CA23C026D9D87
:100FF0001FCCF07AC2284C86418EEA68340C52121B
:1010000047611C0D8B1A55A362164526006D9F1E65
:10101000CCF07AE234498635092BB57490862C8C55
:10102000B2301A6E7D4AA22CC906016DA121CCF006
:101030007AB2618BC2384CC2618AD36418A4248B03
:101040002A91342551521295284EA2706DA31FCCBF
:10105000F07AC23C1BF2280B87294BA22C4AA22C07
:101060004AA22C190E693109B316556DA41ECCF095
:101070007AC23C1BE62C09935A3A469A9456864308
:101080001C665112D5A224D5006DA622CCF07AB2EE
:101090006490B2B0AC0D4BA91625511625C312258C
:1010A0005136D59268584A711285036DA726CCF047
:1010B0007AB21CC992218CB5388992218992521238
:1010C00025C990444929999221292551528A93286A
:1010D000156DA821CCF07A92258B2A519C94A245BB
:1010E0004CB23C1AA621A9554A5A52AB44958A12D1
:1010F000B5056DA920CCF07AA261C8C2284EA22401
:101100004BB2284C6A891696C3508A86A835AA26FF
:10111000C3016DAA20CCF07AE23419061DAD4569F1
:101120001226C320E560342C5A186561940D5316BD
:1011300026006DAF21CCF07AB26188DA916110A3FC
:10114000308BD26818A2D6A8A60D4312656112860C
:10115000D230046DB221CCF07AE234190639C9D20A
:1011600024CCA221AA2859A2249AA2255AA4F594F3
:10117000445992056DB524CCF07AB26188F21C8B8B
:10118000F230921229A928511249958A32498912BE
:10119000655112D5926818046DB826CCF07AA26118
:1011A000909238CC226D1894288B2AC990444929F2
:1011B000899252322543528A93681894280E6DC042
:1011C0001ECCF07AD238CD875B9C4471140D5B5AEB
:1011D000AA69D190644A184562120E016DC421CCEF
:1011E000F07AC2A4562927A54A5B1225B54A2D1AC2
:1011F00086A8691B86248B2AD93024591A6DC61CEF
:10120000CCF07A3253B86B739A0D4394E5D13044E5
:1012100049F1B084957058C2026DCB1CCCF07AB203
:101220006294A5C321CC6A5298288996484AA4B4EE
:101230006C52D63F016DCC23CCF07AD23889CA49A2
:10124000294EA3619092384A9221899252322543C5
:10125000524AA2A41427512A6DD120CCF07AB21C94
:1012600089B27549C42CA955A26129D59228D912F1
:10127000A5A9D254AB94A4026DD61DCCF07AD23875
:101280001CF4304A86292966D1B04561160D8B5A67
:101290001A06256D046DD823CCF07AB21C897270C1
:1012A00018B4244CA26448A24A1625C320552A5BD0
:1012B000D26D50EA50922B006DE11ECCF07AE234F0
:1012C0004BEA895489C2244BC24893D25A52111313
:1012D000AD14A64996196DE424CCF07AA2B094A579
:1012E00043D256896A49960C599494C2A4964849A7
:1012F0001655A22C89B22849C4006DEB1BCCF07A9C
:10130000E22D1972AC92456DC5744B86380C95E18F
:1013100092761A86046DEC1CCCF07AE23419063908
:101320004BA25A94F4946469CB7088C3388CC33848
:10133000036DEE21CCF07AC2248DB27C18A4294C26
:101340004A69340C516B54D38621C9A2308BC26CCC
:1013500018026DF11ECCF07AB26188AA958A548B7E
:1013600092526B6518A43453B73029455225CE00EC
:101370006DF31ECBF07AD2CA30E460940C52522B3B
:101380000D5A8E45832267C9302869186A006DF7A7
:1013900024CCF07AA261C892341D86244BA3641831
:1013A000B4B49245954149A44C8BB228899252120B
:1013B00069036DF920CCF03AD238CCA16148C2243F
:1013C0008D92EA704B4A61324C521265D1B0142BA7
:1013D000E9206DFB20CCF07A72341A7624CC864159
:1013E0000993344A8A4914D9422D51A22CE95469EF
:1013F00014016E0521CCF07AD23819063D8C926129
:101400004AB2381906A99845C3A28551364C5918D5
:101410006599026E0A24CCF03AB23889A46252D996
:10142000A2A59445956190922CAA44CB94549448DB
:10143000AA44599414A3006E0D22CCF07AE2341A17
:10144000861CC9A2689092304D86412A665125D1EA
:10145000A224CAA2244A932C336E1024CCF07AB270
:10146000502AA9C3D69894866818922CAA6451254C
:10147000D186244AA624CAA224CA9228016E142026
:10148000CCF07AC23C1BF22C0AA33019062D896AD3
:10149000C930644954913A0D439483C9706E171E44
:1014A000CCF07AD2388BF26189B234194EB53089DA
:1014B0006A9112AD514DCAE2301B016E1D24CCF071
:1014C0007AD2384B72248BB26451EA583224A52464
:1014D0004A4AC9902453A569489A6A499428036ED8
:1014E000201FCBF03AA4618892581AB6248CA261CE
:1014F00091F26818D274386849352A6999006E21CA
:1015000025CCF07AD238190631896AC3A04449142F
:1015100026C9102639940C4322255116456292257E
:1015200099A4096E231FCCF07AD2381906790B934F
:101530005AD4A60C4354CCA261D1C2281BA61C4C81
:1015400086036E2422CCF07AB2623224791645C327
:10155000A59694922129655112D59283D256A94518
:10156000954889046E2920CCF07AB2418CB27C90E7
:101570002A592519C4280B73301986444A9A2A4DD2
:1015800095A664386E2D22CCF07AA26190922C0A36
:1015900087931625C970CAC168D8A230D186290B95
:1015A000A36C98B230016E2F20CCF07AB2288DCA8D
:1015B000C3218CC26438D5C268D8122D599241AB70
:1015C00026599A84C3006E3423CCF07AB2618BC260
:1015D0007858A2248C9264D8EAD1304489924D493B
:1015E0002989C2A4344849AE006E3823CCF07AA2CF
:1015F0002C8DEAE0200D6A946DC956298549320C7C
:1016000052126551126549544B1213006E3A25CCA3
:10161000F03A72244B86288D9A86644A22A5165584
:10162000A241CA92A8B24459940C51964449988652
:10163000006E4322CCF07A42798886348BC26848A7
:10164000A2298CA221AA85C31269C9A0644D619602
:10165000A411006E4D23CCF07AA22CAA645138DC80
:10166000D16818A4304E86414A9AA6A494444929C8
:1016700089925212A5026E5624CCF07AB26888BACA
:101680004691345CB2A8362451242543524AA265BF
:1016900048A2A49444499A2561266E5822CCF07A37
:1016A000B26888BA4691345CB2A849892ACA20290E
:1016B00051B445952CAA64D1906451016E5B1FCC46
:1016C000F07AC2AC320C729644D1202551561BB42C
:1016D000B6E12DA9655A94E5D930046E7E20CCF090
:1016E0007AD2381906396954A2244A4AA561CBB383
:1016F0006858B43C1B862487925C016E7F23CCF033
:101700007AB2618BC27858A2248C9264D8A2302B12
:10171000855914494994D424298CB26818046E83DD
:101720001DCCF07AD238198634AA6451CB70CAC164
:101730006418B2244DA4FE9884C9366E8521CCF07D
:101740003A726D586A952CA90C8BD29A24C39434A2
:101750002A4D4A9F922C51B22459C22C6E8921CC19
:10176000F03A723439684916454B2DE99A2483348E
:10177000649534524A5AA2244A5BD298096E902446
:10178000CCF07AA26190922C8FC22C19A44A5649AF
:10179000062DA955924191B23089925252AA2891B0
:1017A000146E9C23CCF07AD2383984152D8992524C
:1017B000A294122991C2381A162D4AA26C98B22806
:1017C00089B261016EA220CCF07AB26294E5482D14
:1017D0001B06258CC228CC92381A2E52D25469AAE4
:1017E0003425C3016EAA1ECCF07A722D19A430AA3A
:1017F0008451580AA321CD5A86435A192E61944523
:10180000A2006EAF24CCF07AA2CA54691C16355AD5
:10181000C22889928A122595214A86658C92621285
:10182000255954894A026EB622CCF07AD23819066C
:10183000318912B19448522D0AA3308A8643164644
:10184000591865C3948509006EBA22CCF07AA2219A
:1018500099C22CCFB42159A2B0322453126551A59C
:10186000324A4A72A966492629006EC124CCF03A50
:10187000F23099E2A42952322591863089522519F5
:10188000A2A494298B12255112254D959A066EC754
:1018900020CCF07AD23819063D0C87290BB368D8D2
:1018A000A2308B86450BA364B884511689026ECB97
:1018B0001DCCF07AB26296C4C321CC3A26DD926E7A
:1018C0004332694D5912559A924B006ED11ECCF09D
:1018D0007AB2418CB27C89C2A4960CB73C8A06319C
:1018E000CA226DD0BA0D5A13006ED31CCCF07AC246
:1018F0007C38645128A7C970AA85599226C3212D26
:101900000D439436026ED41FCCF07A722D1AA23495
:10191000C9A44A29C9E2489AAA51755B962C4DB2CE
:1019200034C986216EDA1FCCF07AD2381906392AEA
:1019300026514B9444D1B08571A66D5112255B4B55
:101940005413036EDE23CCF07AB224CA9261509312
:10195000280993A8329C92288BA2618B9228D1925D
:10196000A8962452DA086EE123CCF07AC2284C867D
:10197000418E6AC3A0948AC930484929519A92522B
:10198000A234498912D59228156EE423CCF07AD27C
:10199000210B7364B84559120D63126551120D5233
:1019A000924B4953A59454B4288906056EE51FCC83
:1019B000F07AC2244DDA9364D012258B92AC773042
:1019C0001986444A9A2A4D95A664386EE61FCCF0D3
:1019D0007AD238190639C92A4D499444B5240DE301
:1019E000643864492DEA9255D2106EE81FCCF07A23
:1019F000D2381906B122455392E548346C5135AAC4
:101A000029C3254CC2AC294D006EE925CCF03AE241
:101A1000244B9370488631A925C99226C9202551A7
:101A20001226511229954111932C1D9434046EF401
:101A300025CCF07AD2381906358BD2248C86414ACF
:101A4000A22C4A86414AA26C4AA6244A4A49944C8E
:101A500049940A6F0221CCF03AA2E11226F930240F
:101A600059D2140D439683D1B0E590325CB2A416DE
:101A70007589B4006F0620CCF03AE234194ED916BD
:101A8000256D8954CBD64449969EC4314B12299179
:101A9000B22414016F0F22CCF07AB26188AAE93027
:101AA00048499E24C310B546C310458AB22596689E
:101AB00051BA58B228116F1321CCF07AD2783884F9
:101AC00049B7A84B5B320C591827C321AA255112DC
:101AD00025A564484AA9006F141FCCF07AE2341996
:101AE0000631168729AE0C5B54C9A261D1A224CA63
:101AF00086298CB248146F2020CCF07AC2284C86FC
:101B0000418E5A86292966D1B04561160D8B5A1A25
:101B100006258CB248146F2B20CCF07AC2416B1F83
:101B200094A81625C9304495A66818A21CD286210F
:101B300009B328DD32036F3123CCF03AC228CCA29E
:101B400078D8C268489241A9258DC392655264A98C
:101B500025A52492922CC9C4006F331FCCF07AD2F1
:101B6000381986388BD2244C86532D8C0631CA22E4
:101B70006DD0D2D2304469086F3E20CCF07AC228B2
:101B80004C86410FC3614AE36418A430CE36395104
:101B9000A2452B25512249016F4D23CCF07AB26228
:101BA0001255A3614A962C9192381A24A52D51867C
:101BB000414DB248A925D9A0A421006F5820CCF0EE
:101BC0007A722D199434AA84492D1A06A9529C6A56
:101BD000C970883A0D43D4D33024006F5C21CCF017
:101BE0007AB262320C6A1665C3A064929644521DA2
:101BF0008C86450BA36C98B230CA86056F5E25CCE7
:101C0000F03AA22109932819B248932AA56488F2D0
:101C100028C9945A525186A55469AA54942149B4AA
:101C2000286F661FCCF03AE234196E511269A6682B
:101C30005822250BA3418CB2481BB4B4D425D20240
:101C40006F6D21CCF07A92E19425F9302459D214A9
:101C50000D431665613488511669839656864B1A72
:101C6000026F6E24CCF03AC26C4906A59A25D2A028
:101C70002CB5A43628252D59924149B64A6550DA2B
:101C8000A24A9644026F8423CCF03AA2212925511E
:101C9000A28449C7AC366C491C29C3168589364CC9
:101CA00059188551160D83006F8822CCF03AC2ACCA
:101CB0003228711295066589932C596A49B764A92F
:101CC000484994455316254D152D6F8E22CCF07A38
:101CD000C23C19A4384BB221C972A832445912250A
:101CE000611249872C89BA4959326C006F9C24CC07
:101CF000F03AB26850B2348C326D1894A81625C3ED
:101D00002025A5244A8643544BA2644A22A5534960
:101D10006FA11DCCF07AB2418CB27C9072345AB66D
:101D2000A45B720B4365B864492DEA92156FB32327
:101D3000CCF07AD23819867049942C59A26818B21E
:101D40002459B24449B424AA28C3254CC2AC451531
:101D50006FC027CCF03AC2284C86248E92411A9646
:101D6000288992E290D4922C8992218AA4308B9671
:101D70005212252545C9026FD221CCF03AC26848DB
:101D8000B26AB24495645092418B2A4D89D25F96D3
:101D90003E2A59298912290B701122CCF03AB261DE
:101DA00088AAE93024591A45C39045D5E110554A0F
:101DB00096444AA229C9925AD402704C1FCCF07A98
:101DC000C2AC320C729684CB92256DC9A91626C37B
:101DD00021A9D58621C9DA8621706B1ACBF07A73D6
:101DE0002CC79AB252314AC22C87921C89E2B09C0D
:101DF000E84800706D1ABCF03ABEE6608E4459188F
:101E00006561548C921CAA87691CE98800706F195F
:101E1000CCF0FA72301A96B68A98256954ED3109D9
:101E20004B593589F20C70701CCCF03A73301FDEC0
:101E3000A21C8972242A26AD49A2866998E4481614
:101E4000AE0370751ECCF0BA864107C361D0C17075
:101E500018742447A26A94A4519223599C46BB004B
:101E6000707619CCF0BAD2DE925A25192E6296A459
:101E7000AD62290BA3AC380C0170781ACCF03A7320
:101E80006C18C26AA643655112332DCA4A49398B70
:101E9000D36817707C20CCF0FAEA599E24839228EC
:101EA00061D29AD432298CB230AAC45135099348F0
:101EB000471400707E1BCCF07A73341E0E4A0EA9B4
:101EC000591855A36296E4481DC9E234DA05707FBB
:101ED0001ECCF0FAD22E59AA444953A5A922B564C2
:101EE00051254A4A491449497118D23070891ECC8B
:101EF000F0BAC238AD24C39048A192854A364C59F5
:101F00001865B91447499CC5590E708A20CCF0FA5F
:101F1000EA599E2483266549298B92308BC2384C1E
:101F2000932809A3A41666499806708E1ACBF07AF6
:101F3000F3A818256194C49AA465526394845192BD
:101F40006769491770921BCCF0BAD22E59454ABA2C
:101F5000259112750D9330898A599455C54C067098
:101F6000941ECCF0FAEA599E0C53D254912A511681
:101F700085C93064E5248A2325CC4A592A70951DE9
:101F8000CCF0FAEA619C0C43D29E284396447D949F
:101F90008A49294C4A49ADA2A50270991BCCF03A56
:101FA000737058B5504AF22887E421AA46C52CC957
:101FB00091BA26ED0270AC1FCCF0FA72301AB6441A
:101FC00047943889062989B224AA85D120467952B6
:101FD000CED4741870AD1DCCF0BAB228CCA2701853
:101FE000D41C19DEA23C8BC2A43189C44A8E64E1A0
:101FF0003A70AE21CCF0FAA21C8972241986249181
:1020000093D2903455A4962C1A922CCAA4A49C89DD
:10201000F22070AF1FCCF0BAA26188AA51A22A4A5E
:10202000B228515251A2A4A9D25459FA932AA645D2
:102030000170B31FCCF0BA72301A8628C92ACA3090
:10204000285149897A69AA34459AD29A44AA180A29
:1020500070B81ECCF0FAEA599E24839228C5A49445
:1020600045E19085719826D91035C6599E0170B901
:1020700019CBF07A736C90732C1F86300DD37018C7
:10208000723C897AD2A20270BC22CCF0BAC2388CDF
:10209000A361504A61A20C59922569340C511A2649
:1020A00051528AA44A9445B20670BD20CCF0BA724F
:1020B000301AB6284C2A62922861520AB368D87244
:1020C00050AA45491665A9160770C123CCF0BA621B
:1020D0002D1AB22491B24489B224AA25D130446980
:1020E000A9AA4449548B925212C9210070C21FCC34
:1020F000F0BAB2C6284BA2244A9461507228C9C1D2
:102100001CCC064D87EA489487C31070C321CCF0DD
:10211000BAA2618BC3248C12314BC2244A224DCA0D
:10212000C1681822B1948571960D830070C81CCBCC
:10213000F03A0E5994474312B5444954524AB538BF
:102140008A871C8D7AD2A20270D822CCF0BAB2282B
:10215000CCA2302955946150B2A89245611685D120
:1021600030443A5489B26292C50170D922CCF0BA97
:10217000B23C1BB4A496244A539266499884C9265B
:102180006583D6944459541994344B0070DB1BCCAE
:10219000F0BAD2DE9264B82851A4449D86214A1B2D
:1021A00093304AA2E18E0570DF1FCCF0BAA261889D
:1021B000AA5122458A12454A340C4AD4BF34459A62
:1021C000D29A44C3310D70E421CCF0BAC2388CB23B
:1021D00068589A9228190E4A1867C35489936888D8
:1021E0009238AA2575240270E61FCCF0BAA2618845
:1021F000D2DAA0744B1229E996D42AB54A4D4A4A3C
:102200002D599825611A70E721CCF0BAC2384CA636
:1022100064503A255122464AB44C39180D43A4253E
:102220005954698C124D1470E920CCF0BAD22E5159
:10223000122552965454251BB41C4C86410AD324B3
:102240004BA3244BC2610870EB1CCBF07AA241CCAB
:10225000C26818A496A9A594255924E7512455E4E9
:102260002C5B0770EC1FCCF0BAB241EB4BCBA02437
:1022700052922559144661167509B3244BA34CCAD2
:10228000910870ED20CCF0BAB23C4B876410B328B3
:1022900054A4688BC2286951A2488793A816B564D4
:1022A000510570EF24CCF0BAB2280CD56452122D2F
:1022B0004C926190B2248D86214A9A2229899228D3
:1022C000A9285156CF0070F720CCF0BAC238AD0C17
:1022D000172555B241A983D1304461126A49165578
:1022E0009A922811430170F918CCF07AE3E1294D54
:1022F0008721270D7728C7726827462D615470FD06
:102300001DCCF0BAC2381CA44C4A2A929448D292EE
:102310009686214A6BC3522C0DF70C71091ECCF026
:102320003A1EE41C8986348A87A71C1C063107875D
:10233000538E444945A9231100710A1ECCF0BAB24C
:1023400041EB3628DD92441A943A980D5A9A2AC3E2
:102350009044591865F50C711521CCF0BAB23C1BAC
:10236000C244CA1265584A95A64A1655B264182442
:102370004D8C92282B26911C711922CCF0BAC238B0
:102380002D0D83524D12294B8A49980C839483D981
:102390002025511655B2241D1400711A1FCCF0FAD5
:1023A000C238CC868398A94BA225A5A45489E228DB
:1023B0004D94344A72240BD701712619CBF0FAA23E
:1023C0003C4B878B1626C3A09587412B0F97524F06
:1023D0005A5471301FCCF0BAC2388CC361694B12A9
:1023E000258B92308EA4A91A2997484DB2541C8689
:1023F0000071361DCBF0BAC2344CB2A9120D835213
:102400000A932809B3246BC9D2A4D4931615714C2E
:1024100021CCF0BAC2381BB4A496B40C4A22654948
:102420006DD072301A86482C25831467E130047110
:102430004E1FCBF0FA6AC3414787246A89A22189DB
:102440005AA26848A23629892A5914695101715E35
:1024500020CCF0FAC27450D2281A9261889234A922
:102460000D528EB40D5B8E27512D6AC9A202716484
:1024700021CCF0BAB2A66188B24ACBA0245296D43D
:10248000062DAD0C83146E4994942229D233007129
:10249000671DCCF07A866490FA2F4D83564A06A9C0
:1024A0009245952C1A9241C7A396302A716E1CCC86
:1024B000F07AB3701872A4383CE6D030644A180F32
:1024C00073180F63D4124605717D21CCF0BAD2D2B5
:1024D00030445525192E4A9C44C310F5A42851C5F3
:1024E00092288952CA22295304718423CCF0BAC29B
:1024F000381AB6444C1265584A61521AB628CCA212
:1025000061D3A29652122559120F0900718A21CC6B
:10251000F07AA29661D9932C19A241897264883A03
:102520000DD1106549140D3A1CB5845101718F1BF2
:10253000CBF07A86414F8783224552D26938C7C390
:10254000391D0E4A54A94505719421CCF0BAD2D256
:10255000304489AA4859522A296112269B940D5A5F
:10256000531265516550D22C01719920CCF07A0636
:102570006588FA9725AA54862859D2A89644B56446
:1025800050062DCAA2362DCA02719F21CCF0BAD2B4
:102590006C98C22819A4214B724489062949B32496
:1025A0001996B6288C74A84B181571AC20CBF0BACC
:1025B000C26C58D27038485998248356CA4A9552EA
:1025C000A225619444592465510071C324CCF0BA0A
:1025D0006A61B468515251A2645816254AA2A4985F
:1025E00025B544C9A21C4BA2A4D49268515271CE05
:1025F00020CCF0BAD2CA304849A425A644C906A5C1
:10260000B249D9A0751BA4A4944495921C0271D51B
:1026100020CCF03AA37038A8519C0C49182B872481
:102620004CA224199221D9E1A85B1489510171E5CA
:1026300020CCF0BAB241EB920C4AA223A56548A285
:10264000A4295AA6B4340C496D8B928E510172069E
:1026500022CCF0BAA2618BC24C1996529854864B88
:102660001685C930485922464A29919662D21815D2
:10267000722A1BCCF0FA217198A3248E92384AE278
:10268000A81A55A362D65318AA6100722C1DCCF06B
:102690003AE7251994FE7F1994AE495BD22D29257E
:1026A00043524AA34C8BD20172311ACBF0FAA76184
:1026B00009A3D2F05819AE39348C5A182561A80EE6
:1026C000D11072351DCBF1FA976148A3DA7048A298
:1026D00096E19064A5E14D8A06A5548C06490272E4
:1026E000361ACCF0FAC2380DF3288EA430CAEA4864
:1026F0009423752CC7925CB30F72371CCCF0FAC2CE
:1027000034CEA2661D2A8B92322C6A9423518E28D5
:10271000395287620072381CCCF0FAC254D4A266D7
:102720001D91B4791A8634AA0E439A6779380C0A37
:102730000072391ECCF0FAC23489922CD3D22856BA
:1027400022D31099724889A5219672481D6400729F
:102750003D1ECCF07AE3E1354F4A49166595521299
:1027600025A5248BB24AA254A33CCCE6017247179C
:10277000CCF0FAEA599EE5C32D07737098C3384C24
:10278000BBC91900724821CCF0FA5229498630A9F8
:1027900027F5E110655A9425B5A52D298549298B82
:1027A00092A648C904724C26CCF07A8A9568584A99
:1027B0004994948665484A49382C4394645112657B
:1027C000D13028511865619485110072591CCCF0E4
:1027D0007A86430EC5615A1D0EB90E253912E55988
:1027E0002A666292632100725B17CCF0BAF32CCF99
:1027F000F2E114A675301D9E733007733005725FC9
:102800001ACCF07A732CCAC37418F41C8972641839
:10281000B43A180FAF39180372611CCCF0FAC24AEF
:102820005809C341CAA26810CB5338C6611CC6C937
:1028300030643902726219CBF07AD3E11D52A230B2
:10284000AA0F8394E5583A1CD41CCBB114726720AC
:10285000CCF0FAAA499626D9A00C4A944491146661
:10286000512825D92815E350CDA2301103726920D3
:10287000CCF0FAA23889E2241A9641A94849B74A0D
:102880004D899248AA2CA55AA7304B32057272196D
:10289000CCF0FAD22C896A49541B9E922CAD8AA1A5
:1028A00036244ADAA76172751ACBF07AD3E1202672
:1028B0007996968697288C8641CAD2E1A0E6580A76
:1028C000727921CCF0FAC24A320C49311CA42C4A4C
:1028D000862153C36418223951A22CCCA2300E5346
:1028E00005727A22CCF0FA9261486A4996644936B8
:1028F0003C25DD926E4BCB52D912314BD22C19862E
:102900002C490372801FCCF0BA865B9E0DB7244A17
:10291000C22851A7448B9238198628AD0C97348C65
:10292000430072811BCCF03A8EB528199628945A30
:102930008A49146EF5E114A6C3730EA600728A21AB
:10294000CCF0FAC24A342C431626C930482D5925FA
:1029500055A26C4BD26418B250CDA230110372ACA8
:102960001BCCF07A7330C9A13A120FAF3996E450FC
:102970009223599C867994430272AF21CCF03AB2EB
:102980001C290D5A53126549540BA32C93122D89FF
:10299000D2A88E4461168589380872B61DCCF0FA2B
:1029A0004A4994556A6932DCEA59AC854A94C45163
:1029B0001227599A84A11C72B922CCF03AA22CC9D0
:1029C000922CCAC234498641CAF22C96923089921E
:1029D0002CAAC44954696A090772C220CCF03AB2E1
:1029E0001CA90C439486499845611CA6D2202561F8
:1029F0001685711887A1340C0172C421CCF07AA21B
:102A00002C4DB2384CA5244A4A495312896225CC30
:102A1000A22C49B3248DB2484A0372C821CCF03AA3
:102A2000B261505AA32E4D919444B5242A2951A540
:102A3000299292A85649A32C92D20072D023CCF0AE
:102A40003AB2504A92218D925AD2A9D29A342A6D22
:102A500049531225A530E996244BA244590072D758
:102A600021CCF03AA27212E5D9B0B44ACA906451AE
:102A700025922A4D15291A922CCFC2289115007241
:102A8000D921CCF03AB21CA90C6294556A51655018
:102A9000932C54B24A2DAA0C6A9245499455860348
:102AA00072DE1FCCF03AB2284DC2341A86A455CA41
:102AB000C1641822B1126651188771948462087239
:102AC000E023CCF03AC2614A8A59344C49318992A8
:102AD000B0326C4A1426A5484AA2244CB234294587
:102AE000C60072E122CCF03AB2284DC2341A86A454
:102AF00096446D619225919664499644C5388CB38D
:102B00002493340172EC21CCF03AB26212A6C524AF
:102B1000190629896A495452862129665118875114
:102B2000521CA2680B72ED1FCCF03AB26212A6D111
:102B300030244D91542956874352CCA230CE923442
:102B4000CA22450D72EE20CCF03AB2284DB241AA0D
:102B5000D492CA3025DD924E4AFF2225DD2A899281
:102B60004559130072F021CCF03AB2284DA2218CC5
:102B7000B24A322C511685C3498B2AC9B044599E9A
:102B8000E559AA890072F122CCF03AB2304B6A5A68
:102B900094254DC3106D6992854A56A9459528091B
:102BA00013A594B445591872F823CCF03AC2614881
:102BB0009AFA52190629896AC930444A5429665139
:102BC000320C59982569180D830072FC22CCF03A1A
:102BD000B2284DC2341AA6A49844C9302661A60C66
:102BE00053D22625A53089D4A44DD204730E25CC0A
:102BF000F03AB228C9922C09B3414AB224AA2569F5
:102C0000320C910E25D1A044B5301AC4288BB441A2
:102C100001731625CCF03AB264909228AB0D521293
:102C20006549140D628E29C390B44AC93064499A2B
:102C300025C390486900731B21CCF03AA264D0925E
:102C4000300DD364189428CB93B21427C3A0444A00
:102C50005BD2CB7048720C731C24CCF03AB26292F7
:102C60000C43948649322C51180F27258C926458B6
:102C7000A224CCA261298551962900732923CCF086
:102C80003AB264909228AB0D52126549140D62124B
:102C9000A5CA302489568A06B11C86CA3008732A10
:102CA00022CCF03AA334C94AD9202559125586219D
:102CB0002B4B8394245A12458318656134485A0576
:102CC000732B24CCF03AB224CA92A8980C8352EA0F
:102CD0000E26C3102951A5320C5212D592A8960C7B
:102CE0004322A501732E1ECCF0FAD2681822314D72
:102CF0008607A5A9A761887A1A86A4A9D254694A29
:102D0000B600733425CCF03AB264909262166595A1
:102D1000E11025F524192445CA926418A4244B9384
:102D20002809935A228901733E25CCF03AB2649067
:102D30009228AB2D5112254DC93064491A4983940C
:102D4000445912458318656134485A05733F23CCB2
:102D5000F03AA22C4D92610BD364384439980C9B05
:102D6000124649322C51254EA444E92989B40073F6
:102D70006D24CCF03AC2AC6D1A862492926119B6D9
:102D8000A8D2320C49A2444953A52999422551128F
:102D90002DC902738419CCF07A73341D5E73AC9C18
:102DA000C5838EE55839CD864396270073871BCCA3
:102DB000F0BAD3E1250BB3244A721DE9A60C4A9E52
:102DC0000ECF3998832900738918CCF03A1EE41C81
:102DD000CCC11CCC877B0E463992E5591E0F0F7370
:102DE0008B18BCF07A86439C8339988339320C7AED
:102DF0000EE6600EC6C303739618CCF0FAC3418A80
:102E0000C321EBCB2096C354DC92648CF2302D733B
:102E10009B20CCF0BA876848C32C0AB328CCA268A0
:102E200088862947A21C899441D9A11CCC2105730D
:102E3000A91DCCF0BA0765D0A11CCCC168784AC2E4
:102E40004A5809972812A324CD92301573AB1DCC94
:102E5000F0BAD341C9B3618AB44A2D19A2AC98849F
:102E60009570CBC62447B2540D73AF1ACCF07A8755
:102E7000C76A476D90C62CA955A24889A229CBC123
:102E80001CCC0073B023CCF03A866410A32C8C9237
:102E900062949486A4314A8A51528C92A2946462BC
:102EA00012A5514D1B0273B21CCCF0FA916CD0D21A
:102EB0003009B3A6D2B0A539980DDA186D498EE560
:102EC000680673BB1ECCF0FA916CD0D26818A27E53
:102ED0001B0E5AA49592281B92D2548F9234D1047F
:102EE00073CA20CCF07A97E1D25469AA5406A5534C
:102EF000320C52A5A9D2A4B40C51D29A34468A00FD
:102F000073CD1CCCF0FA916CD0D23009B3A6D2A00C
:102F1000C55914A6E922257A8EE5C80873D01BCCC2
:102F2000F0FA916CD0D26C98D2B64119A6B4184F71
:102F300049B4958721070373E01ACCF0FA916C50DD
:102F4000AAD930B5D686A7B47869991AB32847327A
:102F50000073ED23CCF0BAD3414986288BC2A41468
:102F600026A5685092214A4A61520AB32854B248B1
:102F70002B47830074031ECCF0FA91CAA045A561CB
:102F800088D25A120D9392A5C5514A2A533B926397
:102F90001A0074051FCCF0FAC3214CA3618BC22C1C
:102FA0001A962109B368D8A226254A12AD9E44B1CB
:102FB0001874061FCCF07A876548A2248B2A5934EE
:102FC0006C51251992614B5B95619173301F06011D
:102FD00074091FCCF0FAC3211986288CB3288C867B
:102FE00065C8B1282946495169D292D6A4311574D1
:102FF000101CCCF07AA36858DAD2D23044D561885C
:10300000FA4F43140D619223599C06742220CCF090
:103010007A87B7348C23310AA364501231AA6449E9
:10302000B26452120D516316472200743322CCF061
:103030007AB36848B230CAC2E110D5A22151B64471
:103040004934A55324259192455A3D8B0074341E72
:10305000CBF03A066590D2685006298D066550730C
:10306000C43645DBA0633994432900743520CBF086
:103070003A066590D2685006298D0665D0D1300D8C
:10308000A36848B6304B12254BB44174361FCBF0C1
:103090003A066590D2685006298D0665D0D161D078
:1030A0004AD93068395247A2E100743C1FCCF0FA8B
:1030B000916C488621CAC16CD05A8628AB0D5A9AA9
:1030C0004A49458B8A49290F01745A26CCF07AA3C4
:1030D00061885A92614AB26848B2281A92254AA277
:1030E000A4944449322451524A94255AB338137453
:1030F0005E1FCCF0FA916C48A27E1A8628878664FF
:1031000018A2308E8621525AB6A435690D05745F17
:1031100020CBF03A066590D2685006298D0665D01E
:103120002959A531892A51122599162D83047470C5
:1031300020CCF0FAC32119B62889B268D8A2244A53
:1031400086A49445C316AA4B8B98CC514D1C74761B
:103150001ECCF0FA216538B5645196D44AD1A00C42
:10316000536B340CD1964DAD5175180274831ECC3F
:10317000F0FA916C780A9330EAA5323C44696918F8
:10318000A221C98628694D96341474DC1DCCF0FA4E
:10319000916D18D2A81A55A36A548DB230CAC228AC
:1031A0006B896A5312460574E223CCF03A8E529230
:1031B0000CCA3024FD6518927A521A92F6A4320C89
:1031C0004929899226A51429911274E325CCF0BAD5
:1031D000C2281986644812A554E93228C91025DD91
:1031E000926E4B320C49B7A453122DA5304900748E
:1031F000E422CCF0FAE2E1A55F06A529899264B841
:10320000949252320C8A12254D89D2A45812A9A444
:103210000474E61BCCF03ABEE5600E0E7A16275118
:103220001C257194A44D4A366895780874EE1CCC20
:10323000F03AB338AA49A198C58392E3C35B0E0E56
:103240006BD42D89A2211A0274F624CCF07AB264D0
:1032500090922C1B86244DB22D896A4954192E59FF
:1032600012255A12D592A893524B240174F71ECB03
:10327000F03AC2384986298992444CB296E1A0E5D9
:10328000D8A08669127589926D08750423CCF03A2E
:103290003E2559360C4996B42C2D52320C529829A1
:1032A000619628C3128559142E4A324602751819A0
:1032B000CCF0FAC2388CC36C780BE3301EE6300ECB
:1032C000E3301EE63003751A1BCCF0FAC270388466
:1032D000E5610EE3610EB3E129896231CDC16190F0
:1032E00000751C1ECCF0FA942CD9FA34BC649D866F
:1032F00064902A5954C9A24A160DC92055B20475C2
:103300001F18CBF17AE32CCEE2E194A5618EE5C3E0
:1033100090E7588EA5C341752523CCF0FA926148F9
:103320009A2A9561480629929261C8C270386861EC
:10333000948551B6644316A6990275281BCBF0BA42
:10334000865356CA4AC3292B65A5E19495B24A987B
:103350002561A64602752914CCF07A865BDF865B70
:10336000DF865B7F52C4541D06752B1CCBF07A930D
:103370001C89A2E1A0C6C3292B0DA7AC349CB25274
:103380009694B22802752D1DCCF07A8683AA434903
:10339000A24659A485D1706B1B6E6DC329CC9234A3
:1033A0005200753016BAF13A1EC44CCCC46C78CCBD
:1033B000C44CCCC46C784702753118C9F23A7324F6
:1033C00047C2E190655A361CB44CCBB46C38E80166
:1033D000753218C9F23A1EB24CCB86839669D97001
:1033E000D08A399223391202753318C9F13A7324FD
:1033F0001C0E59A665C341CBB46C3868C51C0901C5
:10340000753519CBF13A732C1E4E59292B0DA7ACEB
:103410009495864B9886693A0C75371ACAF17A8664
:1034200041AA45B56818A45A340C6A3A1CC25A1A03
:10343000C5AB0275381FCBF0BA722CC7864B8E28ED
:10344000C390442DD13024514B340C4994263996E5
:103450002F00753B1FCBF03A1E747818C2A825AA1E
:1034600028C390285145892ACA30244A9AE8D0F0C6
:1034700000754522CCF0BAA2618BA341AB94C2A4E3
:1034800032BC54945292284DC930448D59944549C8
:10349000942700754C1BCCF0BA865BDB706B1BAEBF
:1034A000599C86499624521685591CA63500754F9D
:1034B0001DCCF0BA86418CB27018C4280B8741C766
:1034C00087A75A982569182799280B75541CCCF0A2
:1034D000FA916C9822A5BF552A833268955A25190E
:1034E0001EB2EE600E660075591BCBF0FAE46D98C3
:1034F00023298B94523425891C0FA7AC349CB2D25B
:103500007001755C1BCBF07AD3E12066E1B02359E2
:10351000341C722C194E59693865A5E10275652471
:10352000CCF0FAC3411A968A9454945252CB06298D
:103530008992645B2A83D22D19942CC99241CF12AF
:103540000075661FCCF0FA916CD02A954169ABD416
:10355000B2411986A456A9552A833268DD916108C3
:10356000756A1FCCF0FA8768D8A3DAF0964469949C
:10357000455A280D831865E1308851160E8304756D
:103580007421CCF0FA916C50862129854965509AB6
:10359000C2E121694B5A869728C92A3998630A00E3
:1035A000757820CCF0FA916C78486A955212256DA6
:1035B000C9F0905493962519946EC99227754C01C1
:1035C000758626CCF03ABE2551122651920CC9B010
:1035D0008451920CC930253932BC3425C9900C6312
:1035E000122591320C02758F21CCF0FA916C78CCB7
:1035F000E22CAA44C392EC499494922829254ACB00
:103600009694A324D41201759121CCF07A126558B6
:10361000F4A8251BB21C1986248E9221A925597263
:1036200050AA59122615AD3875971BCCF0BAF3E1A4
:10363000A0E498320C591C86C64A188771986649CE
:1036400098A60075991FCCF0FAE3E110E55012E559
:10365000D23044498E488394847196476912C5E2FA
:103660003004759A1CCCF0FAF3E116C549944B432B
:103670001A1595AC12C6611A26599825991A759F84
:103680001DCCF0FAE3E1A0E4980E46C316E5529C87
:1036900024C320D59128CFE270580075A11DCCF02D
:1036A000FAE3E110E550920C9B1867B1325CB2244A
:1036B000EA4B942561A8590075A421CCF0FAE3E106
:1036C00010E550920C43A444B5242A29C390B46653
:1036D000490E257112C5E2300475A51FCCF0FAE33E
:1036E000E110E55012DAA2300A23A5942859146695
:1036F000519845595316460075AB1FCCF0FAE3E1DB
:1037000010E550120DA1548DA22151F22419C6A822
:103710009AA9619245DB0075AE1DCCF0FAE3E11089
:103720008595D01685511829C3A24459186561D4CE
:1037300092A5EA3075AF20CCF0FAE3E110E55092A3
:103740000C43A4A459222591D24FB5A4535293926D
:103750005CC9910075B221CCF0FAE3E11085956463
:10376000182225AA2551AA0C43D2294CA2244CB2D6
:1037700030AA44154D75B522CCF0FAE3E110E550BE
:10378000924599168549294994C4D2294C4A6152D7
:103790004A4A899248DB0075B91CCCF0FAE3E1A0F3
:1037A00084A996A451164E8A494DD2D29C47B19411
:1037B0000D210075BC1DCCF0FAE3E110959368D0A3
:1037C000A42C4C1AB7308994219AE234ACC61A0062
:1037D00075BD20CCF0FAE3E110E550120D931466AC
:1037E000511849C3520AB368D8A230CAC2241A0E6B
:1037F00075BE1ECCF0FAE3E1109593289786214A16
:10380000A254AC24C320857196845929520575C5EC
:103810001ECCF0BA73341E0E4A8E29C39085A9328D
:103820000C49532DE996685235C9420575C71FCC1E
:10383000F0BAF3E110E550920C8322C661AA44610C
:10384000521AB2248A93288D8AD17075C822CCF07E
:10385000FAE3E110E550920C43A444B56418222524
:10386000AA5486214BA25A12F525CA120575C91A07
:10387000CCF0FAE3E110E550920C9B5A34599AA32C
:1038800068D8C2B4180D0775CA1DCCF0FAE3E11070
:1038900085952C09A52C4CD2681914258CA341AC14
:1038A00016A3E10075D21ECCF0FAE3E110D5A224F4
:1038B0004B426518A4309586A51827C32085693129
:1038C0000E0175D41FCCF0FAE3E11085956418223F
:1038D000314E864191A3241906A91666511646F564
:1038E0000C75D520CCF0FAE3E110E550120D9314DD
:1038F00066D1304961521AB628C9A29628938AA186
:103900000075D81FCCF0FAE3E110E550920C83A2C9
:1039100083D1304961521AB61C8CB2629245C30100
:1039200075DB24CCF0FAE3E110E550920C43A425BA
:1039300069320C9112552AC39025512D1986A84B36
:1039400016250A0075DE20CCF0FAE3E110E550926E
:103950000C8322C699224949A694E268D8A230CAAB
:103960008625AC0075E220CCF0BAF3E110859564B1
:103970004CA42C8986A5226589924C49A474AA2559
:10398000B554CC0675EA1ECCF0FAE3E11065691275
:103990000D9A92A5C349892A4DB5E11065499895BC
:1039A000225575F022CCF0FAE3E1108595288922A2
:1039B0002919B32454946448A224CA9268CC923042
:1039C0002B45AA0075F41ECCF0FAE3E1102579929C
:1039D0000CE9120D5197619094A8BF3425B561C9C7
:1039E000210075F922CCF0FAE3E110E550920C4386
:1039F000A444B564182225AA548621CBC1E1906461
:103A0000A52C8C0076011CCCF0FAE3E1A084A9324D
:103A10000C522D93B228E92D8C874314A6C5380487
:103A2000761F20CCF0FAE3E110E550120D9A948550
:103A3000D1A049599444839883C93044954EC30119
:103A4000762423CCF0FAE3E1106569922883A2344E
:103A5000554C8912552AC39025512D1986A84B36ED
:103A60000C0900762620CCF0FAE3E1102551A5A937
:103A7000A40C43964425651892629C0C4356CA5286
:103A80002D9B06762921CCF0FAE3E110D5A264380B
:103A9000245252CC9250CAA2E422E560320C513535
:103AA000C9862101762A22CCF0FAE3E110656992F9
:103AB0000C43A4A459320C9192269561C8A22C4CB7
:103AC00006254A8A8705762B23CCF0BAF3E110E568
:103AD0005032243529192465C99468584A499828D0
:103AE00083A4B4259D92281904763421CCF0FAE3FE
:103AF000E11085956418142D0A936150A430290DA6
:103B00005B1466C9302869188700763820CCF0FA33
:103B1000E3E11095936159A4A4A9922C622519069A
:103B20002969AA289D9292A62501764C1ECCF0FA0E
:103B3000E3E110E550120D9A9485C930444A5F6E56
:103B4000619C447DC9862101766324CCF0FAE3E1CF
:103B5000102551A6244B6989866858322919966127
:103B600009A364908625CBA36888220076781DCCB3
:103B7000F07A86A89730C9A22CD5E22C1996625A01
:103B80001F0E69922359B80E01767B1FCCF07A067E
:103B9000A55651A324CA924C1DD6385286450BE334
:103BA000610EF3281D0E0900767D11C9F2FAF27834
:103BB00038E4F6E1A0DB87831E767E19BCF03ABEBE
:103BC000E6580E0D83188771380C621CC6E13088E8
:103BD000710476821ACCF03A736818C4381C063126
:103BE0000E8741CFC16C1DB2616D1E0676841CCA62
:103BF000F1BAB2B03644839464922895062D91B2FE
:103C0000444AA57450A54C0176861CCAF13AC216E6
:103C1000654824311BA261CA87418AA36190E2688A
:103C200018A4380176871BCCF03A736818C4381C86
:103C300006310E8741A70C87384786418F87077664
:103C40008B1CCBF03A736418C2341C86300D87216C
:103C50008E87839654A39232286A0A769123CCF0F9
:103C6000BAD2308BA24189222919062947A2645869
:103C7000863889E2244A866548E22849E3617696D7
:103C800024CCF0BAC234CE866418A42495A241197B
:103C900072244A8641AA6451251BA2249292A898B4
:103CA0000D0176AE1ACCF0BAF3E1D65398E5C320F5
:103CB0002661A91A2569186789968C0376B123CCE9
:103CC000F07AF26C08B3281986A8251992284E8636
:103CD0006548A434694D9A8624CAA3248DB200761F
:103CE000BF0FAC107B8643D4FFFFFF5F860776C211
:103CF0001FCCF0BA86414772301D9E7328C9B11C93
:103D00001906318992308992308992687876C5187F
:103D1000CCF0BAF3E1D6B7E1D69E0FB724AA25516D
:103D20002D892AC30376C61ECCF03AA33C4CE34847
:103D3000191631CBB3384A42311E06318992308987
:103D400092687876C820CCF07A866B188771328CAE
:103D5000522DD2A296281906318992308992308943
:103D600092687876CA1FCCF0FAC23CCA91281D0E20
:103D70006216A7619E0D8398444998444998444926
:103D8000343C76CE1BCBF07AE3E19495B2CA70D086
:103D9000AAA5E1A04449D412B544C9701076CF1D3C
:103DA000CBF0FA921C89126518F43019EE51120EFC
:103DB000D120EEE870AA44C9701076D01CCBF0BABE
:103DC000C234CC06290DB7301AA61C0B8753256ABE
:103DD000895AA264380876D11ECBF03A93344AD27D
:103DE000281994284923298BC2341F4E95A8256A87
:103DF0008992E12076D21CCCF07A732CC9912C4E9A
:103E0000164947B4610EE361A70D839894A2E101BE
:103E100076D41DCBF03AE3E1A0457152CAA4AD922D
:103E2000B50D87244AA296A8254A86830076D61D1A
:103E3000CCF0FAC23C4A87439E0F838EA4C33B3E1C
:103E40000C621225611225D1F00076D71CCBF03A16
:103E5000C2381BB6A42D893231C99A12354787530F
:103E6000256A8992E12076D81ECCF0BA736418D204
:103E7000244BA3D2F09664611665713ADC92A89641
:103E80004495E10176DB20CCF0BAA370B8D5A72425
:103E90004CA2248BB228492C890E49C320464931B3
:103EA0004A4AC30376DF20CCF03A866850A25A1201
:103EB000458332445912458312D59221C9747C3806
:103EC00044FD657876EE11C8F23A9EE5E110CBC369
:103ED00021360F873876EF20CCF07A87C7280BA3DE
:103EE0002C8C0631CAC2280BA3418CB230CAC268DE
:103EF00090921CCB0076F21BCCF07AE3E129078785
:103F00003B6518C4381C06310E87418CC361900094
:103F100076F419CCF07AE3E120E7C830A4D5614803
:103F2000ABC390568721AD0D0F76F821CCF0BA7255
:103F3000301BA62C1C9630CA86490A13A5A864C358
:103F4000906461948551364C591876FC22CCF0FA75
:103F5000A16888FAB7644852491994288B92218B3A
:103F600092288B92288B9221CAE2480276FE21CCBD
:103F7000F0FA916D98C3783844619C0C4396A4592B
:103F8000320C599266C93044D5241B860477011E31
:103F9000CCF07A7328C9C2A8126549268AE130AAF2
:103FA00091320C697518D2EA304400770924CCF0BC
:103FB000BA86439485511646C321CAC16418B224F7
:103FC000CD9261C892348A8621AA26D930240077FE
:103FD0000B1CCCF0FAB761C7726418E47C784BC351
:103FE00061D092348A8621AD0E4304771F19CCF03C
:103FF0007AE3E120E7C830A4D56148ABC390D68608
:10400000B7E2BA00772026CCF07A876548C2244A06
:10401000C2244A866548A22C4AA22C4A868312658D
:1040200051126551922583A2A905772821CCF0FA77
:10403000B16119A46216A5D1900C831427511A0DF1
:1040400061166561541D923A920D01772920CCF0DA
:10405000FAC321CCA26418A4301BB230AA25513275
:10406000484398455918D592E1B500772F21CCF0F7
:10407000FA916C48A248AA3455A421CCA26418A491
:10408000301BB2A9A52989A241CCC10C773625CC19
:10409000F07A8783124749324C49160D49165592DA
:1040A000614AB26848B2A8920C53120F490E0E43EF
:1040B0000077371BCCF07AB262541C0E693EBC8587
:1040C000691C29C3A285F13087F1B001773A23CC6E
:1040D000F0FA9368C892A896449596415294284B5A
:1040E000A292A20C498B9425519741C992301C771A
:1040F0003C26CCF07A876548C2244A86254AC264A9
:104100004886254A8A51521B942829259154C9A2D0
:104110002129C5620077401CCCF0FAAAC321CE91B8
:104120006190F3E12D4C87214CC22C1AE6301E36EB
:1041300000774123CCF0BAD3211AA24A9445C3A0F8
:104140000C61521A0E51982443322C519845613615
:104150008439A601775B23CCF0FAC3E1A044591857
:104160002583346461341CA2248B8664902A5934DC
:10417000248354C9F24802776120CCF0FA216548C3
:10418000862CCAC26878489A2A4DD1F09034559A44
:10419000A2E121CBA16101776321CCF0FA9621CC79
:1041A000A264189252528B5A6AC3A04471380C62AE
:1041B0001C0E831887C32001776624CCF0FA916C1B
:1041C0004886410AB328CC866418A45A1225513473
:1041D0008859940C4B146643980F8300776B25CC59
:1041E000F0FA916C4886410AB3281996214C4AC9C5
:1041F000304861920CC9B044952CAA0C8392E8D93E
:1042000010776C22CCF0FA21654886484A6A52A59C
:10421000324449539845C97010B3289B5A2A431217
:10422000D5910C777925CCF0FAC3218B922819A46B
:104230005A120DC930485918458332245A12458301
:1042400012D592211AF42C01778427CCF0FA9368C6
:10425000C892A8320C529644439644956190922895
:104260001A94289292619092281A94A83A0C017795
:104270008525CCF07AA568D1A224CAA264909221A7
:104280004A12A5B44449A2948644AA4495A64A3247
:1042900025592A06778E24CCF0FA916C4886414A3B
:1042A000A2484A86839845D1A044613624C320851C
:1042B00059940C07254D8721779224CCF0FA936806
:1042C000488641CA92A8964443320C52964495E1DE
:1042D000A0B448498B9428C9B0A4450177A524CC43
:1042E000F03A92A8A864C3218992925219922C4A5A
:1042F0001229694AB26818C4381C06310E87410277
:1043000077A726CCF0BA936C48A22C1A0E511265EE
:1043100043322C51126551322C43126551320C52EA
:10432000A532245D930677A927CCF07A8783924A39
:10433000C9304849940DC93048491449C97050A240
:104340002C4A86414AA2681892414BD20077AA258E
:10435000CCF07A872419B224AAB448B564489245AF
:10436000D2A3685086284BA26850A25A3264493CB6
:104370000C0277AC22CCF0FA2165488648AA342595
:10438000C34149A55A1225C353254A8641AA25434C
:1043900012A6150077B323CCF0FA916C488641EA57
:1043A000343C24512425C32025513428C320855969
:1043B000940C07311F060177BB24CCF0BA0765883F
:1043C000BA0C8394444932242D52320C52120F49B4
:1043D0003224511247C9F01266D13077D720CCF081
:1043E000BAE3E1A0A5E930A4B5E1A0A5D9A00C4AA3
:1043F0009664C9A00C4A9664C3430077DB1ACBF0DD
:104400007A863B144739220E07554A936A1467A1EE
:10441000982375280577E219CBF0BA722CC786412C
:10442000CA722CC7D2E120263952CFD2922E77E31E
:1044300019CBF03A73284B8BC3A0E5D83064752CA8
:104440001D0E629267D93A77E51BCCF07A7230077D
:10445000076598B26EC3AD9F92288B2A83922599E7
:104460000E0277E91FCCF07A72301C96618DEA4813
:10447000348851960C4316468396D44A7298A6C344
:104480000077EB21CCF07A72293C64956C98C224B9
:104490001A94AC94348549A8255954C9A2242A6693
:1044A000110077ED1FCCF07A72301B8664C8936CD4
:1044B000D05A0625AB0D5A0E4A59D492C559380C1C
:1044C0000177EE1ECCF07A72293C64956818A22C14
:1044D000A90C53631C0D43A4452D51964EA126777C
:1044E000F316BCF03ABEE6588EE5D83068491A5546
:1044F0007B1D86B40477FD1ECCF0FAC36189C341ED
:10450000092B43124E4AD49644C52C0AB3210BA35F
:104510003AA40277FE26CCF0BA876818A2308BC284
:104520002CCA864489A424D1A224CAA224CAA224C3
:10453000CA86244AD22C09C30177FF1ECCF0FAC3E5
:10454000414BB36109E32149A5248E92384AE22107
:1045500089A324C7722C07780120CCF07A87655094
:10456000B33E0D499648C9B0447112C549342CC9AF
:1045700010275116E59002780222CCF0FAA168D8F3
:10458000C238AC48439424531225A524CAA230292A
:10459000A5D110665196432200780C28CCF0BAD3EE
:1045A000414986288B92288B92285A2A43122553F8
:1045B0001225A5244A4AC9902443162551A59C25B5
:1045C00000780D21CCF0FAC36189C341CAC26448A6
:1045D0004A5316465918656154C98628C9A2248BC6
:1045E000D300781225CCF0BAA36850A2308BC22C2D
:1045F000CA866448A624922A51162551162551369A
:104600002489524A94723478141CCCF07A87A75AC1
:10461000186561140D51451A0625EA7F1AA22E5914
:104620001C260078161FCCF0FA916CD0D26CD0D238
:1046300070C8C2683844D52819A46A34845914E96A
:104640006804781A20CCF0BA076518B2965AA534D7
:10465000242D52D25469AA34D5C2214A9A922849AB
:10466000B301782723CCF0FA916C98D27488D27079
:10467000C832290BA36458A2244CA2244C86244C93
:10468000A26498C300783020CCF0BA87B7300EB35C
:104690002849862849A68A54CCA26458A2301BC255
:1046A0002C0A733002783422CCF0FA916CD0D268A4
:1046B00018922C4AA225CA94649892A64A53A5A49B
:1046C0002D511E2569A209783725CCF0FA916CD0BE
:1046D000D26C98B2244A86A43425C31225A5244A54
:1046E0004A49940CCB9085519683190078381ACC9E
:1046F000F07A87872C8CB2304A06656959FAFFFF39
:1047000065C9BA0F4300783E24CCF0FAB1614886FF
:10471000308BC22CCA86248AA46458A2308BC22C47
:10472000AA48431225B54A8E4800784026CCF0FAB4
:10473000916C504AB524AA25513224C32025A524C2
:10474000CAC228292551524A86A49444C9308701F7
:10475000784521CCF0FA916CD0D26CD0D270C832AE
:10476000691894280BA32C8C92411AB230CAF261BA
:104770001078521CCCF07A87A724AC84D130244B1B
:10478000CBD2FF8BB4B4264B9A5486212D7855207A
:10479000CCF0BA87A7B46D5886249C92521225A5F6
:1047A000244A4A499494922149B4A8590C785D242A
:1047B000CCF0FA916C98DA925A1A0EC9304849989E
:1047C00044C9B044499844C9B00C49984449186751
:1047D00002786B21CCF0FA916C98D26C98C2281AAE
:1047E000924191E2244A9A2A4D95A62169CAA224AF
:1047F0004D05786C1DCCF07A87B7341A86A8CBE1CA
:1048000052AA54862129561225DCD2244A726D7888
:104810006E22CCF0FAC3411AB252960D433248D1FF
:10482000920C43D25469AA54862159A24A161553B0
:1048300001787721CCF0FAC34152B3282B4643BC10
:1048400024C3946469524AA2244A4A531625693CF7
:104850000C02787C1ACCF07A97E1D254698A964B94
:10486000CBD22F97FE2F4B4F955A260578891ECC19
:10487000F07A878734EA691892258A96641892D666
:10488000A46549967E594A71160B788C21BCF03A82
:104890000665D0F22C1BA4214DA46150A2A418459A
:1048A0004A54D3864889A225CA3500788D21CCF098
:1048B000BA076518B2DAA0350DC9A048391225C368
:1048C00012A551340CCA906451774C01788E1FCCDC
:1048D000F0FA916C488621CA7A9A94642955EA5074
:1048E0001256926148C64A98831900789123CCF0F9
:1048F000FA916C78CA92A8362C43529A9261892A0E
:1049000059944459340CCA10665198831100789711
:1049100023CCF0FAC3214C9361909262920DD31292
:104920002589524AA24459A2244AA6298992A662FC
:1049300038789820CCF0FA93689092301A86A8D2F2
:10494000B2B42CC93024FDBF0C972DC992288BD34B
:1049500000789F26CCF07A93281996284B8641AA96
:1049600044D1920C89524F9261488A9564189229D9
:10497000D192529266510078A71ECCF0FA916C50F9
:1049800006AD655006AD6550061D1EDE726C18241E
:10499000254D87210278B022CCF0BAB364909230D2
:1049A0001A86284CB2214A224BA7C4D49245956C52
:1049B00088922CAAE4C31078B120CCF0FA216510BB
:1049C00093281A86A8962D83A4D42AC9D27F59A4E5
:1049D000254B3A2562940578B320CCF07AA3681869
:1049E000A2A66188C2747848A25A12555A2429E9AD
:1049F000B664A52C09232D78B421CCF0FA916C78FB
:104A0000CA925AD4326499940C52258B2A8354C981
:104A1000A22119A43A3A0C0178BE21CCF03A3E55B5
:104A2000A3681892A549498621E92D498621E92DD7
:104A3000E965A948494549A32C78C120CCF0BAB30F
:104A4000649092301906292B2D59A4F465B894B2BC
:104A500028A9654B4FC3A0670178C51FCCF0FA9118
:104A60006C78CA1A936C192EA54A6518925A9A64E2
:104A700043B44595288B230978CA1ECCF07A8683E7
:104A80009A63C32A66CAB053066590D270508625D1
:104A900052A29E86680878CB23CCF0BAB364909279
:104AA000301A86280DA74151C24A320C492D4DA219
:104AB000415AA230D17264180278D01ECCF0FAB2FA
:104AC00083524B5A86872CE95692B2A8341CC41CD8
:104AD0001B863009E3610278D520CCF0FAC3211996
:104AE000B6304E8641D94225AA25C93025399424AD
:104AF000C3902CFDC7611078E820CCF0BAE3E1A0A8
:104B00004461361C94C89638296152192E599E0C5E
:104B100083D29A64C3900078F722CCF07AA36858C5
:104B2000DAA26188B2A4B444D1A26451920C439237
:104B3000482D4DD161694C2B0078FA21CCF0BAA3F5
:104B40006878CAA230190665CC94641892A64A65A2
:104B50001892A6CA61486A49AE09790125CCF0FAD3
:104B6000936818A2301BA648CA866418A424CAA257
:104B70006458A224CAA26458861C8992E6A40179CA
:104B80003A18CCF0BA8641E76D78CE912889A362B5
:104B9000560A43350C5700793C1ACCF0BAC23C4B4C
:104BA000072547A23CCBA558A92659186579D6C731
:104BB00021793E1DCCF0BAD238CCC16CD0F2641051
:104BC000AB5B9894B2288CC33819862C4700794186
:104BD0001ECBF07A72301BE4281994288C92304B4B
:104BE000B2A9D22DCA4A5952CAA2AC0879481FCCE0
:104BF000F07A722DDBA1745072241AA62CCAA696E4
:104C0000A6308BC2280B933054230079561BCCF06E
:104C1000BA72341AF42C19942C8C06AD69CA929687
:104C200041EB3F0D4300795D22CCF07A72341A9645
:104C300021092B61168599324C4AA9924561168546
:104C4000599444B5244AC201795E1ECCF07AE2B48C
:104C50003624C39025512D899A862159A24849A40A
:104C6000A66188D2DE00795F1DCCF07A7324CAC2B7
:104C700061D08AD170C829C3A0E3C3531665619679
:104C800064630079651CCCF07AC2AC984443182761
:104C9000C310A5A934484A56492BC320A5BD0179A4
:104CA000681BCBF03A1EC4241D4E95281AEEF8302E
:104CB000E4F070902A6116D5B404796D1DCBF0BA7A
:104CC000B2411AA49652520A93B03224518E28C38C
:104CD0002026D5A8D6AA0279771FCCF07AE2341A1A
:104CE0000E629C0C5B982EC3A0B4D586A9126549B0
:104CF000966472962E0079781FCCF0BAB2418CB2CD
:104D00006450B2301AB43455862131454AD44B53DD
:104D1000A449D5A828798119CBF0BAD268500629C0
:104D2000CD2E7D4AB3E18E0E07A9AD2513037984FC
:104D300020CCF07AB261CB932119C6388B86211230
:104D400043454ADA123154B26489AA515103798F2A
:104D500021CCF07AB2618872CAA00C4A16468396BA
:104D600083CA3024A648898621EA6918A26A007994
:104D7000B919CAF1BA87438EC4C320D5A26150D3F2
:104D8000E1A0855A940C175D79BB1FCCF07AE3E162
:104D90002989923092C2244AC261D0F3E110F532DF
:104DA0002C51122651AE0079BD1ECCF07A7548897F
:104DB000A544528645AA8549291C063D1F0E512F40
:104DC000C312E50A0079BE1ACBF0FA1169187224F1
:104DD000C7D2E120EA48A227D5A8D61256530079B7
:104DE000C01CCBF0BAB741C7D2E1A025D5A8A40C0E
:104DF0008A18E5C910A6599CA8120079C11DCCF0EB
:104E00003AF5310EE3301B8624CEE2294D1AA35A1F
:104E1000980C431685598E0079C31ACCF0BA876C6A
:104E2000D0C178784BCA514D17073DCBB352982566
:104E3000F11079C617CCF0FA92E190B60D5ADA3437
:104E40000CC99825B54ADA6F0079C91BCCF0BA07AE
:104E500069D0C17878CDA2E135CB86B39227511ABB
:104E60006591160A79CB1DCCF0FAB46C6D1B945287
:104E70002DA94989A64859926649988495306B4A6C
:104E80000379CD15CCF0FAB46CED343C447D59A2D5
:104E90008A325CD27E0379D11ECCF03A4B431A663B
:104EA00051588906B116655B1225C5218906310E58
:104EB000E3308E0079D21ACCF0FAB46CED96540639
:104EC000A5D4CB12854A963487694D4E640079D8B3
:104ED0001BCCF0FAA4706D490625EB53B628FD549F
:104EE00049B4286BD22AC9A00079DF19CCF0FA9412
:104EF00041D9FACBA00C5AD394454A3228B5FE6961
:104F0000180279E41ACCF0FAF46DD0D2526958DA6A
:104F1000D270198644C92A6996A4BD0179E61ACBD4
:104F2000F07AE3E19C0F431C0F07298D944151E374
:104F3000E19814A5480179E71DCCF0FAC26CAD0DDB
:104F4000CAA0B4556A95D2320C4AAD12266125CC5E
:104F50009AD20079E91DCCF0FAC26C4BD22CC9066A
:104F600065985A8BCB3028B54A988495306B4A03A4
:104F700079EF1BCCF03AF3211AB4BE0C4A561BA4AD
:104F8000294BDA9330094B5931AA0679F019CCF044
:104F9000FA9474CBB3E1A084514B26864ADF924E3B
:104FA000FDB5A80179F81ACCF03AB36C08D368784B
:104FB0004BABD2202979920D4AAD6F83D60279FB93
:104FC0001FCCF0FAA4F090455A3189062D0D936C50
:104FD000518644893225523A87A19AAC0079FD2046
:104FE000CCF03AB36C8892A89644C34314C6DAA0B6
:104FF0002845254A32254DB2380CD548057A00237C
:10500000CCF0FA146950C54C1A06298D862192926B
:1050100050498621899448E9544BA25A924869061E
:105020007A0B1BCCF0FA9441D9FA3628830E6583AB
:1050300034864A56C9062DED340C017A0D22CCF087
:105040003AB36C8892A8A864693628C39485C93499
:105050000C49A3920D53164659186599007A0E20F3
:10506000CCF03A932C19B224CCC16C500625EB74C9
:10507000509A92280993B052CAA224AA0D7A171CFA
:10508000CCF03AA370488621EA6978889A8621D9BB
:10509000B4A45B920C8394F6067A1A21CCF03A23DE
:1050A0006D888AD97050A230924269589452258BEB
:1050B0002AD9306551984561360C7A2020CCF03AD7
:1050C000F3211986A82F87216A1A866449954459C5
:1050D000942869AA2C51A52949057A3321CCF0FAE4
:1050E000A4701BB4288B86839667D2202969521A34
:1050F00096621C29B5A49444D910017A3B20CCF0C7
:105100003AC36188A65A12151365D0D24C52A650E4
:10511000A95CB230CAC2281BA62C0C7A3C21CCF068
:105120003AB36C488621AA0E0F51182B5AA4445347
:105130009225529258B24A54911A43007A3D25CC96
:10514000F03AA3241A926188B2241A8668888A9950
:105150003228895589864189C22C1AB628CCA26189
:10516000017A3F21CCF0FAB46C1A8628870665D004
:10517000DAA44152F2241A06254A96A8D25459A21A
:10518000A2007A461CCCF0FAA4701BB4964119B464
:10519000A683A4F429919454CCA42C15A3117A5776
:1051A00022CCF03AB36C4886216A49868316553280
:1051B0006598942C69192E6949892AA524CA8608FC
:1051C0007A7417CBF03A73301DDE21352BE5519EF2
:1051D000A5615ACB931C0A7A761ACBF07AD3E11DDB
:1051E00092B2A89295C26CD8A33C8AB3A818AD43DA
:1051F000007A771ACCF0BAE3E1A0E490142659942F
:105200003546C3398CC3B45889E40C7A7A19CBF08B
:105210007AD3E11D92B2A81AE9D930E439966339FC
:10522000960E07017A7F1CCCF07AF3E1A044352971
:105230004CB26150B3388C8773924BA994E4580AEE
:105240007A811CCCF07AF3E1A0E448294CA3AC2588
:105250008AA36C784C72248BD34C57007A831DCB75
:10526000F07AD3E1298B9434A967D13085D13035D8
:105270004615258AA42C8D14007A841CCCF07AF370
:10528000E1A0D4A2A41A263936DC921C89863907FB
:105290008721CDC11C7A8D1DCCF07AE3E121CAA211
:1052A0002C0DF36850062D8CB341CBB33551931CB4
:1052B000CB007A911ACBF07AD3E1298B943469CD63
:1052C00086414E87831A67A5AC345C007A921ACB6C
:1052D000F07AD3E1298B943449866B0E85E1B0C412
:1052E000F1704E8783007A961DCBF07AD3E1298B3B
:1052F00094A8924859360C597538E8F030846938CA
:105300000C11007A971DCBF07AD3E1298B3A49A191
:10531000329C8A51342451A244B552A244D1700126
:105320007A981DCCF07AE3E1218993CA30C85934C8
:10533000BC66D970CDB1619094341D86087A9C1DED
:10534000CBF07AD3E1298B94A8920CA72CCA864182
:105350004F87431266C9708853007A9D1DCBF07A3F
:10536000D3E1298B9461481231C9861D8987535630
:10537000AA44952C89E2087A9F20CCF0BAE3E1A0F8
:105380004459140DB73C1B6EF5A41426C39644591A
:10539000944459120D83027AA51ECBF07AD3E129E9
:1053A0008B123589A24119B6525219965A94D4B427
:1053B000304A2A9A347ABF1ECBF07AD3E1294CA224
:1053C000685016A992D9A2214906292965CBB0C4F3
:1053D00059321C7ACB17BC107B73341E0E39298CC2
:1053E000C33CCBA31C89722C1D1E7AD61FCCF0FAAD
:1053F000722849862989B228C9922CC9E4445AF3F3
:10540000E110663912E54875787AD91ECCF0BAD227
:1054100038CCC16C98861C09A32C8C92414B6A1D18
:10542000952CD9063D4B007ADE1BCBF07AE3E19850
:10543000E549381C747818C2341C8634CAA36CC879
:1054400006017ADF1ACCF07AF3E110D686777C1861
:10545000D2EA30A4D56188B36C4887007AE01ACBD1
:10546000F07AE3E19865C3414AC36108D37018F24A
:105470007438A83996027AE31ECCF0BAD2388BF28F
:10548000705886398B22254BA268C824294C4AA122
:1054900026ADFA247AE519CBF07AE3E19865C341A9
:1054A0006A1C86302A0E431E0FE77438087AED20F6
:1054B000CCF0BAB2416B199441CF922C19A4D624E6
:1054C00019862C4AA29A525AC2439263027AEF2159
:1054D000CCF07AE2342A0D4A541D062987926418CA
:1054E000925A1C0D4354691A92CA96B486027AF9EC
:1054F0001BCBF07AC2344CC3744886252AA6611AA5
:10550000A6611AA661968435007AFF1BCCF0BAC258
:10551000784806A59464C56C38E439980ECF39985C
:10552000833998027B061DCBF07AC27438285192D9
:105530004549940DA7AC949586538EE5481D898600
:10554000037B0B1DCBF07AC274488625EA9245C3D3
:105550002067D17010B36C18E41CCA111D017B11B7
:105560001BCBF07AD2705006254BA24A968F438E01
:10557000A5C3414CF22C2DE9027B141ECBF07AC25C
:10558000744886254AB22889F24119746CD0861C69
:105590001B96410DD374187B1B1CCBF07AC2744848
:1055A00086254AB228CCE3E19495B2D270CA4A5912
:1055B00069B8007B2620CCF07AD2745006A59644B8
:1055C000698EA461320C8A1C2551166651188771A8
:1055D000184E007B2820CCF0BAC2784806A59484E7
:1055E0005112E5483C1CC4448F92348B226950E42C
:1055F0001C4C017B2C1CCCF0BAC2784806A5D432D6
:10560000DCB36CB8D587432A664A9868919E027BC2
:105610003A1CCBF07AC274488629897A8DC261908F
:10562000E3E110473922854A948C037B3C20CCF07F
:10563000BAD2748886A496445992A551383C26392A
:105640001255A324CDB424132569107B491DCCF039
:10565000BAC2784806A5946495281CEEE9F08E84B9
:10566000C321CD7224CA310D7B4B22CCF0BAC27853
:105670004806A59644599265439446C3100D519F20
:1056800086A84B966449A64D0A007B4F20CBF07A42
:10569000D2705006A91285591825611645CA3028BE
:1056A00059948562A99694122D017B501FCBF07AF4
:1056B000D2705006A9120D0725C7926188C2341A0C
:1056C000B4304D8621CAB1E1107B511FCCF07AD2A3
:1056D000745086254BB2A81D1F9421CCA23053C212
:1056E0002C119728D22A99387B5225CCF0BAD27443
:1056F0005086A49644599245C321CA9128199628E8
:1057000047A26458A2244CA26458A25C017B541E98
:10571000CBF07AC2743828591255B23489354919F8
:10572000141D1E86300DD3701822007B561DCCF040
:10573000BAC2784806A59644599245C341CE875BC4
:10574000A72954124DCBE4147B5B20CCF0BAC2786D
:105750004806A59464999626C390142BC930244D0D
:1057600095A64A532F519C017B771ECBF07AC274C9
:105770004806A5A992C5C9B02452A51625C970CA64
:10578000E24C8D8A49287B791CCBF07AC27448861A
:105790002989B2E19A23C390E6C3414AB364B8D5DC
:1057A00021097B7E1DCBF07AC2744806A5A998A575
:1057B00049AC49CAA088391215A324CEC2E1107B96
:1057C000801ECCF07AC2784886214AB2301AC63898
:1057D0008A86A84F43D4A721AA2351BC007B8D22DF
:1057E000CBF07AD2705086A494444953960C6F61E2
:1057F000920CD25219924E49454BB2681986007BE1
:105800009422CCF0BAC2784806254AA24A94446150
:105810009666C39688953099862D0AB328CCA261E6
:10582000017B951ACCF07AD2745086A96D3884E544
:10583000610EE3610EB3E12D0C65057B971ECBF085
:105840007AC27448862989C26108D37018C2341C90
:105850008634CB8683561433007BA11FCCF0BAC2AA
:10586000784806254AA26C382839240D4B581EE684
:105870001C1C86B43A0C11007BA91CCCF07AD274A3
:105880008886A96D38449D864354C786215BE348CA
:1058900047E421077BAD21CBF07AC2744886298981
:1058A000E2241C0E4A14464394442DD11025514B3A
:1058B000548C1269017BB122CCF0BAC2784806251B
:1058C0004AA296B0343C646134684B1625C9B04492
:1058D000B5301AC4284B007BC61DCBF07AC2744881
:1058E000862989D241CEB2E1A08599A2C4C99AB4D1
:1058F0004625450C7BC721CCF0BAC2784806254A1C
:10590000A270B8E5D970CBC1E1A6942AC320254D79
:1059100049945414007BD31ECCF07AD27488862923
:1059200091C2A836BC25511A658DC9F098E5C83AD0
:10593000640B007BD91FCCF07AD2748886246A1A53
:10594000DEEA834E1B0E518E44C92055B2A8322880
:105950000A007BE11FCCF07AD2748886246A1C0688
:10596000310E87418CA3E129CEA296288CA26190AA
:10597000007BEE23CCF0BAC2784806A594649992D5
:1059800026D91025511226B59C340C6212256112BD
:1059900025D1F0007BF11DCCF07AD2745086A96934
:1059A000784A4A619485C3A0E7C321EA6558A25C9E
:1059B000017BF721CCF0BAC2784806254AA230898B
:1059C000C64ABC24CA986683965686214AC22C1BB6
:1059D00006017C0721CCF07AD2745086A931892A3D
:1059E000C33248593E244396B426C9B04459185589
:1059F000A28A267C271CCBF07AC274488629A90D7E
:105A000007AD361CA4C66108A3E230A459B60E7CCB
:105A10003F23CBF07AC27448862989B26418A42443
:105A20008AA4615094A8120DA72CA90C8392455901
:105A300045027C4D21CCF07AD2745086A992464919
:105A400069780A93689092301A5EB2484906A5A414
:105A5000D506057C7318CBF07AE3ACA99AD486837B
:105A60009A437B528D4A5AA6E6580A7C7B18CBF0A3
:105A70007AB2A67A3A1CB4A41A9574351D0E621235
:105A80006B922E7C7D1DCCF0BAB26148CAC99CC510
:105A9000D120D686658D926294C4611C56C23403AF
:105AA0007C891FCCF0BAE22869CAA6AC1426831CF4
:105AB00045C3A6459112556A955A53982599047C79
:105AC000921ECCF0BAC24A2D1CD36878C9BA69516B
:105AD000A444499444492989C3B4340C017C9521D8
:105AE000CCF0BAD22C29A5D33065E1B0845116266A
:105AF000D3B02845250BA32C8CB261CAC2007C9779
:105B00001CCCF0BAB241E9164D59974119B4362967
:105B10008B9464506A955A5F86417C981DCCF0BA8C
:105B2000D22CA985639A0EB7B42A0D8B5254B25069
:105B3000C9C2281BA62C0C7C9F1ECCF03A3E46E91D
:105B400070883A0D872CCAD224CA8647254FA234C2
:105B5000CA222D4C007CA41ACBF03AF3E194741ABB
:105B60004ED154E9321CC41C1A861CCBB17C027C79
:105B7000A51ECBF03AA6682A464A69480E6122451E
:105B8000C3344553B2454AA9312A6E91027CAA1A00
:105B9000CBF0BA5A93DA70D0926A5452B244198E4A
:105BA00059361CB46A49177CAE1CCCF0BAC24A2DD7
:105BB0009C06AD655006AD4D1A24A549E9B728CC21
:105BC000A4AC187CB120CCF07AA2614AB2284C4A2D
:105BD0008A524B4A95AC9446599A44D9F0D4989538
:105BE000C20A007CB321CCF0BAA261506AE19846A7
:105BF000C343D4340C91125594E192255912C659DD
:105C00009246D9007CB91DCCF0BAC24A2D5C8621DF
:105C10000AA364906A1525194325AB44C310A5BD9A
:105C2000017CBE20CCF0BAD22C49864119D36C50ED
:105C3000062D8D862199B2484906A5D636683D299C
:105C4000007CCA28CCF0BAB268489A9264AA44D1BF
:105C5000320C4A9444C99094A66451A224514A49F2
:105C6000A22443524AB2A818097CD521CCF0BAB27A
:105C70004A53922DC310A5D9A0A5D9A089A1325C01
:105C80007230AA644929899252127CD625CCF0BA86
:105C9000D22C49864159A2341A96614AB268182218
:105CA000254A2269584AB5A4326849AD3628007C95
:105CB000D925CCF0BAE2284994DA920C52164583E1
:105CC000324C898E28C9A05832254A32254A0629E5
:105CD000A94BC3007CDC21CCF0BAE3E1A0445938E5
:105CE0001C94645122A54529D5A2A4381C9428A946
:105CF000455DB20A007CDF21CCF0BAC2244A926131
:105D000050964E95CAF010559A946148945A521B79
:105D1000945ADBA0B5007CE024CCF0BAD22C4986A2
:105D20004159A2341A96614AB2681822254A22655E
:105D3000189252A5D3987453A2027CEF22CCF0BAE9
:105D4000A261506AE1320C51D3F010755286215194
:105D5000A2308986418992A64A53A5017CFB1ACAC2
:105D6000F1BA87438EE448960D7B8E84C97048B3A0
:105D7000A89295924C0B7D0A1DCCF07AE3E12DCCD4
:105D8000877048A2218CE24187C26C388451312B44
:105D90006562007D201BCCF07AF3E110E7C830E8A3
:105DA000F1F018C5C39087D970C8A22C320A7D22A1
:105DB00017CBF07AE3E19C0E6F69561D74240B87B4
:105DC00041CEA3924D7D271ECBF1BA926129654940
:105DD0002D8992304BBA269934CC61341CE25A5446
:105DE000D312007D2B1ECBF0FA8A499644C9A22516
:105DF00059340CC91066E1B067D9708BE22C52326D
:105E0000317D2F1BCAF07A864B56192E59653846BC
:105E1000E12087D170AA644929C9C2007D6E1FCBD9
:105E2000F0BA72645886246A51A25A920C8912A55B
:105E3000838E64D9708BE22C5232317E411FCCF0BC
:105E40007AE27038284D49320C4A9694926850B2E2
:105E500070D0912C1CEEB954D20C7E8221CCF07AF9
:105E6000D2745086A97118C4288B86A7244AB264BC
:105E7000C892302A0D831AD5242D017EA01CCBF0A8
:105E8000BAF2284FC22C29654356CA2AA56CC8927B
:105E9000598AA46C47722C7EA21CCCF0BA72301ABC
:105EA000A6388CB26C08D3621C265AB6E6592A660C
:105EB000D230087EA41BCCF0BAF22C1AB4384CC2F3
:105EC0006C2D0D4352CCD61C4CC54CCEC10C7EA6BD
:105ED0001ECCF0BAB23C8BB361485A87248EB230E4
:105EE000A949431AE56034EF498E25007EA723CCEB
:105EF000F0BAA2616B0AA32C89926C4B86280B9393
:105F000092364449144749A66491942561A4057EBC
:105F1000AA1DCCF0BA72301AA61C899238D9B3687F
:105F20009892F2948339A2A45B1A0F037EAB21CC22
:105F3000F0BAA26188D22889A3A49444439644BDB0
:105F400014A3218D72248AB46CAC660A007EAC1D49
:105F5000CCF0BAD2C66C18926276D0D23049864361
:105F60001AE5481489C910E760067EAF1CCCF0BA68
:105F7000C2384C93E192864B544BA2BE1C861C89BE
:105F8000B56CCD7264087EB11BCCF0BAD2C6384C69
:105F9000A2A4B225512F4DD99AE45828666A8EAC36
:105FA000007EB21FCCF0BAA26188AA4956699192CC
:105FB000214AA45E9AA2214A5AA52452D22DAD0D9F
:105FC0007EB31BCCF0BAD2C66C1892A66888FAA52C
:105FD00097214A22558C94744B6B037EB521CCF0EB
:105FE000BAB228CCA22C8CB2242A6D51984559D231
:105FF000694AEA51926D4922D54A61007EB61CCCAD
:10600000F0BAC2384CC3244C6AD1924A599C44A578
:106010002DC921590AC7FA207EB721CCF0BAE23047
:106020008BB2308B9262B2C451344C4916256394C2
:10603000679994255A986612007EB81FCCF0BA7200
:10604000291AB4529894B2A91A0D43D2944D7524CA
:106050000B952CD9924815037EB91DCCF0BAC238E5
:106060000DB361484A59B2F5946449342639966AA9
:10607000492466711A7EBA1FCCF0BAC2380D73304B
:10608000498643188743946451324679964959A208
:10609000856926017EBD20CCF0BAA2610BA36A54AB
:1060A000C9A2648CB2689892284BB67A9649592254
:1060B00066E930087EBF1ECCF0BAC2384CB234AAB2
:1060C00024C332C661965486658C72A428466B52EE
:1060D000D5047EC31FCCF0BAC2384CB361484AE93C
:1060E00034A451314986439A43494D89A22DAA6B64
:1060F000007EC41FCCF0BAB2416B0AB32889B264E7
:106100001BB4A624CA926DD0B34CCA12314B87413E
:106110007EC51DCCF0BAD2C66C1892A668883A0D1E
:1061200043D2140D51EB30446226E760067EC62050
:10613000CCF0BA72301A86248B2A4DD110751A868B
:10614000A4291AA2D6A8A444D1360C69017EC7217D
:10615000CCF0BAA2618BC2280BA3A4984C61160D97
:106160005392235B942359A68489968671007EC836
:106170001DCCF0BAC2381BA4308B924E6B31C99241
:10618000284B16530E859228E768047ECA1ECCF071
:10619000BAD2524B989492309B86214AC324CCA603
:1061A00061C89154CCE41CCC007ECD1ECCF0BAA2C8
:1061B0006188C22C49B3A4960D6152CA4A49791B21
:1061C000E63092C2B13C0C7ECE1FCCF0BAA2616B1D
:1061D0004A932C09B36999D2304986439A23C31054
:1061E00089999C8319007ECF1ECCF0BAA2618BB333
:1061F000388C2AD110651535090765087330DD32F2
:10620000391F06017ED120CCF0BAB23C8B9668587B
:106210009A2A43320C592969AA0CD1A0C4D12495D9
:10622000B47218017ED222CCF0BAD2244BA3241A25
:1062300006A5986D499A2561920C49B225F52894D6
:106240002A5B948851167ED31DCCF0BAD2C66C1846
:106250009262B6D60629C7A26850B67A96498322BA
:106260006609007ED521CCF0BAB23C8B966C0893BF
:10627000284BC6240CA52453062947A661C8935071
:10628000AA6CD9007ED81ECCF0BAD2C634C99228E6
:106290004BA634CA0629C7866418F258CA126D186C
:1062A000E2307ED91FCCF0BAC2384CC3244C6AD13C
:1062B000924AD1A02539320D73982961A20D7398A5
:1062C000007EDA21CCF0BAB23C8BC361691DB221E9
:1062D00089B228691A92218B92784822A9B243394F
:1062E000A4007EDC20CCF0BAC2381CA2308B924EC7
:1062F0006B31C992284BA66108932C93B2441CF4CD
:106300002C017EDD1ECCF0BAB23C1BA4AC25CCA681
:10631000618B2A51524A926998734449B7341E06D8
:106320007EDE1ECCF0BAC2380DA361506A49B43586
:10633000A549294BC624C7522D89C42C55037EDF9D
:1063400020CCF0BAC2380DA361506AE11685D13075
:10635000255152D9921C4A52258AB6A8180E7EE2BF
:106360001ECCF0BAB2416B0A0729C9916918A26A1A
:1063700052190E519A0E43A4A45B5A1B7EE31FCC04
:10638000F0BA622D1AC2384C92E19025B5A8A53416
:1063900044639243C9A465633553007EE51ECCF087
:1063A000BA622D1AA2248B2AA5A4B283D524190E71
:1063B00059942351A859935C137EE61ECCF0BAC2BF
:1063C000381BA4308B924EAB98494A319B862147AB
:1063D0005229A968515D037EE720CCF0BA922C4D7A
:1063E000A44A940C52A265CB3048491626D2A5ABDC
:1063F00054DA3229CB87417EE91FCCF0BAD2D230B1
:106400002471984483B2968621A923D3304749A6A4
:106410004449A226B9267EEA21CCF0BAC238CC92F1
:106420006C98922C890E4314A649342893960F9A9F
:106430009425E2A06709007EED20CCF0BAD2D230DC
:1064400024719824C3218B92A8524BA2D2320C3AC9
:10645000926A492466A91A7EF01ECCF0BAD2EA905C
:10646000C461920CCB1466D13025C5641A762855C8
:1064700086730E66007EF320CCF0BAA2618BC22830
:106480001BA624CCA66188BA548643D43A0C9198B2
:10649000C9518E0C017EF420CCF0BAB2248D8AD181
:1064A00030284DD9548D86292965531D193625CAA2
:1064B000B4284786217EF520CCF0BAD2DA2085595F
:1064C000944483B2B50D521266D330A4514989A2C7
:1064D0002D4A7424037EF71ECCF0BAA265AA744B31
:1064E0007A394C4953A597C394B4264D4ACB963478
:1064F000268B007EF820CCF0BAA26188AA491655F6
:106500002AC321EA340C49EB10254B9A3429C92DB2
:106510000DC3017EFC1FCCF0BAD2D23024599AD4DC
:10652000916DD0722C4986439A43494D89A239CA4C
:1065300035007EFD21CCF0BAD2D23024599AD491C4
:106540006918A2344CA224DB92214E5229C9B444CA
:10655000CF86007EFF21CCF0BAA261CBA3709092CF
:1065600038390C521A6651A24C89A42A7912454A2C
:1065700014AD1A007F0022CCF0BAA2650AB32493AE
:10658000A424CA922969CAB124392C4A6BD2246541
:106590008996246A16057F0422CCF0BA622D4E4AF1
:1065A000C3A02462B40C6312269541498644691C39
:1065B000126D54A42CD1222D7F051FCCF0BAA261FC
:1065C00088D230AD24C3214A9A2A4B5F8628694D70
:1065D000964869D986212D7F0623CCF0BAC2248C37
:1065E0009264C912254ADA861C8C8629694AA62437
:1065F0008A132593924C8B8AD9107F0920CCF0BA4C
:10660000B2416B0A0729C9916918A2AC944483B2BC
:10661000D5074DCA126D18722C017F0E24CCF0BA2A
:10662000B2644BA424AA25513224C9A04471724AF1
:10663000B42459B2249DC23192B2248DB2007F138A
:1066400024CCF0BA622D1AA2248B92288992CA34E3
:106650000C519826C97048A21C1B34A59448998EE9
:1066600048027F1420CCF0BAD2D2302461162559CA
:10667000121D86A84B6950B6A49ED4A4A422263B22
:1066800094017F151DCCF0BA7A4B4AD93024B569F4
:106690004B6A514B2D9C86218E424989647D127F25
:1066A0001622CCF0BAC2381AA62C8C926458A61CBA
:1066B000898621E9658892D66188949649694B421A
:1066C000017F1820CCF0BAC2381BA4308B926490A2
:1066D000E6301906A5164E4A1D292ACAA226554596
:1066E000027F1A22CCF0BAD2244B8641C9A24A6555
:1066F00038449D8621698A86248D872192B2448DF3
:10670000724C017F1D20CCF0BAC2381CA25E4AD266
:106710001865C930286DD1940C6A162AC930445ABC
:106720001A0D037F2023CCF0BAD2CA3028518E2410
:10673000CAA02CDD92649012A5654906354B97617D
:1067400090B2381986007F2821CCF0BAA26188AABD
:106750004996F497214A9AB2A494B40DC930C8510D
:1067600028299194E993007F2921CCF0BAD2D23024
:1067700024599A9486531626CAA0741B945A9A0CCC
:106780009252DB922C4D06017F2E1ECCF0BAB2A69F
:106790006148E2308906652D0D43122695E11D976B
:1067A0000645CCF241017F3423CCF0BAEA483224CA
:1067B0005954C99241199648AA0C496FC9900C497D
:1067C00035CC9429912AB5680A7F381DCCF0BA726D
:1067D000301CA421ABA44DC310A5B5A456A9556A7D
:1067E000955A362883007F3A21CCF07AE2300E8722
:1067F0006450AA499626C9A02559340C4AAD52AB1B
:1068000094926850B2380D7F5023CCF07AD2240B8A
:1068100087658892288996A952192E5316552AC33E
:106820009034552AC341896AC9307F511FCBF13A50
:10683000BE435396288994489544CA22A5142991A9
:10684000926CD90EE9898E24007F551CCCF07A8693
:1068500083924352986471960C4B9E83E9F09C831B
:1068600039988329007F571BCBF07A864312B544B1
:106870002DC321C9C23A340CD1184739A2CB3B02EF
:106880007F5A19CAF13A1EA492541A0E4A8EC5A50F
:10689000218B6A51A514A9512A7F6219CCF07A86FE
:1068A00043D49F86439C0FF77878CCB1341B0E59A4
:1068B0009E007F691CCCF07A8643D46938C439388D
:1068C0000C698E0C831887C320C6D1F01A037F6A27
:1068D0001FCCF07A8643D49F86431A85833488512F
:1068E0003A44431A85833488518E4421007F6E1CBC
:1068F000CCF07A8643D46938C4F1F09843C320C6FB
:10690000E12085D910C6D1F0007F721FCBF07A86C6
:106910004312B50C8734CB86214FB2E120E6C83054
:10692000284A2D8C8AC390007F8A18CBF0BAD25A9D
:10693000389C732C1F863CC7D2E1A0E6588EA50078
:106940007F8C1ACCF0FAC23C4A87439C0FF77878C8
:106950004D7224CAB35298CD43007F8E1ACCF0FA00
:10696000EA487938C439320C7A3CBCE6C3214D720E
:10697000240BD7057F941ACBF0FAEA49381CD41CB3
:10698000CB87414E87838E2651258B222D2A7F9AD5
:106990001FCCF03AB262126683948495304B2AC3BE
:1069A000D4361CD42C4CC234CCA31C89007F9E1B33
:1069B000CCF0FA8AC36B3E1CD27C78CBB164D8C2CF
:1069C000A8340C79960D07017FA11CCCF0FA8AC37C
:1069D00041CE877B3C1C94304F92614B4A911867A3
:1069E000899888037FA422CCF0FAB36490922CCAD1
:1069F000A2E1A9960DCA20C5D9A04549340C512D54
:106A00001CB230CA22007FB91CCCF0FAAAC3218E76
:106A10008797A825190625CD87431C0F8F513884E9
:106A200043007FBD1CCCF03A2E835AC9922CEAAFAA
:106A3000459312295B9289699664499826007FC123
:106A400021CCF03AB3380DA3244AA42CCA8621A73E
:106A50000CC9A0255912DA922C49A4440A2D007FB2
:106A6000C51ECCF0BA72305A8641CAA24A53260DCE
:106A70005B264596FE56CA24A58E64C3207FCC1E95
:106A8000CBF03A0665882A51964449A8494AA2A4FF
:106A9000611C0F87AC9CE549381C047FD421CCF0E5
:106AA0003AB21CA99CC26C98B2A8521916490AB3F2
:106AB0006191A44A539825595251B3047FD820CCF0
:106AC000F0BA726878EAA5A26449A20C8A54578683
:106AD0008B122559548914258AC561087FDF1FCC84
:106AE000F03A0665D0922C092D4BA484513E9CB4FB
:106AF00034190631CB8741CCF2E1107FE01FCCF096
:106B00003A1EB42889C2244A22698AC364780BD306
:106B1000244AB24C4B86D71C8C017FF023CCF0FA70
:106B2000C26C58AA51160D6A1225C332645112253F
:106B3000C33264519629C345C9C2282B097FF1226B
:106B4000CCF0FAA26119A44A16558645A9259641AA
:106B5000AA65CA70513A4552254A06A99629027F6C
:106B6000FB26CCF03AE5211986A4291A86A892289A
:106B700089294994619022294994E1624AA2484AAC
:106B8000A2681812037FFC22CCF03A0665D0922C42
:106B9000891229D186418CB27018C428CB864398BB
:106BA00085C35B18CA0A00800024CCF0BAA26188B1
:106BB000B2C45252942951A2381A946129D59264D0
:106BC00018928A9425CAB0945A870180011ACCF091
:106BD0007A73B0360C7A940DCF39A4439A9824A2D4
:106BE00024A6E5610180031ACCF07AC368B847395E
:106BF000521C5E736C1895581A7630C77264048004
:106C0000051BCCF07A736458F228478AC3638E0D53
:106C1000AB9829C31CC6613C6C00800C12CCF03AC6
:106C20003EE7583E1CA2FEFFFFDF1500800D17CC8B
:106C3000F03ABEE6C321EA7F91E3E1318BA51C5A0D
:106C4000876C0180101CCCF03A0E59186779323CE1
:106C5000246D498B94F4FFB7A45B524B1AA50880AE
:106C60001520CBF0BAB2282B25831265D17050A223
:106C7000AC940C07298BA2A9D229296595300180F3
:106C8000171ECCF0FA5231DA86290EA72199C36C6F
:106C900098862C5AB7302945521865E90080181E8D
:106CA000CCF0BA72301B9441877268D0A168788AA0
:106CB000C3744A93B6A4340C51160680191FCCF045
:106CC000BA72301B0E4AA99644C352AA0D07258CEE
:106CD000B2784A9346250BA37010802A1DCCF0BAD7
:106CE000D2D2F092159368786A1AC6D230245B9893
:106CF0009486A4A9565200803319CCF03ABE85710F
:106D0000180F731887F1308771980DEF480E6600E1
:106D1000803621CCF03A2E8312D592A869887AC9A0
:106D2000A2A621CA92A896448A344C891AE548142E
:106D30000280381CCCF0FAC2384C9328C9C22C19F6
:106D4000DEC27898C37898C36C78473200803B22C3
:106D5000CCF03A6EA5308BC26C08B3A8B244956CE7
:106D600088922CAA6491521AA4248E9278180480D6
:106D70003D24CCF03A4E61948551322C43524AA2C4
:106D80002C8CB27088922CAA6491521AA4A49844B4
:106D900049A80D803F22CCF03A6EA5308BC26C081A
:106DA0009352A5A9220D4994456116494932684973
:106DB0001A6561120680421ECCF03ABE85F130871A
:106DC000D9F08E64C3414DB228C992300D932C89FD
:106DD000B22D01804A1DCCF03A06294D1269E9CB4B
:106DE000D27F59FAFFCB3024C992255B544DB208AB
:106DF000804B1BCCF03AB36C788B9234D396838E55
:106E00000E6F613CCC6136BC231900804C22CCF063
:106E10003AEE513248952C1A922CAA6451258B8651
:106E20006490EA48A444C9205593B01206805420C7
:106E3000CCF03A0E59D42FD9900C4B948551160EA4
:106E40000725CAC248290D52122759AA068058247C
:106E5000CCF03A4E61940C4B9494922119962829C7
:106E60002551322C438E44C3A04459362C43DA2694
:106E700001805A1ECCF03AEE51324843D44D1A9656
:106E80007292E9DBB0859192494A9E44D994098077
:106E90006A23CCF0BAA368586A511646C9200D4936
:106EA0001655B2684806A9355A2A83520AB7341AC9
:106EB000120080831CCCF0BAF3E19E45C341CEB2F0
:106EC000E1D62591B2A49B9494C22C49B30480844A
:106ED00020CCF07AA22C9C06294EA2CA306D49140F
:106EE0000ED290A5D9A00C5A9A0D4B316B03808617
:106EF00021CCF0FA91704806294EA2651892388983
:106F00000E529C0DCAA0A561120D972C073300806C
:106F1000871FCCF0FACA4332482DD99085D13085ED
:106F200051A20C87384A872147E2E120A7008089D7
:106F300019CAF13A73281D0E5AA8994A4A510BA54D
:106F40002453B248477401808B26CCF07A862C8C6F
:106F5000B230CAC2211996288B92288B92218B922B
:106F6000288B92288B92A8A625A1B42900808C2971
:106F7000CCF07A8664C8A224CAA224CA8624CAA2F3
:106F800024CAA224CA8624CAA224CAA224CAA22429
:106F90004AB4244AA46D80961CC9F13AB24A544BB3
:106FA0006AC3A0C4499C0C831227C3A0C449985447
:106FB0001300809825CCF07A86308BC22C0AB3213E
:106FC000199628CCA224CA8628C9A24A1685591423
:106FD00046599444919601809A1FCCF07A862C8C65
:106FE000B230CAC2210BA364906AE1908551164663
:106FF0005918653D0D07809B21CCF07A861C898647
:107000004189B270C8C2280BA32C1CB230CAC22856
:107010000BA3AC369C7400809D20CCF07A866490E3
:107020006A61948543164659180D833264619485CC
:10703000511646594F5A0680A024CCF07A866490A7
:107040008A599485439446C9B04495CA10254D4940
:107050009494A44A54D3925012150080A125CCF0E8
:107060007A8664C8A224CAA224CA8624CA226D8948
:1070700072644806A992452D59943525513464020D
:1070800080A223CCF07A862C8CB2301A0665C8C256
:10709000280BA3649086248B5AB2A89245595312A8
:1070A00045432680A423CCF07A862C8CB2304A0645
:1070B00069C8C2280BA32C1C0E4A9485511646950C
:1070C000284BB2245A0380A527CCF07A866458A2B4
:1070D000A4944449291992521225A5244A86654848
:1070E000E22889A3248E92504B42491A0480A91E9B
:1070F000CBF0BAE3E19447C329C792618892344A3E
:1071000086214AD2241A86244AB55080AA23CCF07C
:107110007A86288DB2301A066588D2A81A4583323D
:10712000445912D592A89644352D09A54D0180AE3B
:1071300027CCF07A86288DB2301A0665C8912819B6
:10714000B22889B22189B22889B22889B228891245
:107150002D8912691B80AF1BCCF07A73241AC428C6
:107160001EDEF16110E37018C4381C06310EC3092D
:1071700080B21BCCF07AE3E12DCD86434E19063167
:107180000E87418CC36110E330950080BA23CCF0A8
:107190007AC64A58192E632519A6A494444B9444E0
:1071A00049298992521225A5250AB344CC0080BEF4
:1071B0001ECBF0FA92418992A84B542B25CA340C6D
:1071C000611A0E439886C310A661360180BF20CC99
:1071D000F07AC64A5809C3651892A64A5365892AA7
:1071E0009561489A2AC52C0AB344CC0080C025CCAE
:1071F000F07A86248E922CAA44D9908C511247C3DF
:10720000A00C49314A8A5112655112D5122989942C
:107210003080C121CCF07AA63889E26418B2A996F0
:1072200044B52491A4218992A64A532DA9553A2503
:10723000B50C80C31CC9F13A1EB26C3868D97048CD
:10724000D26818A2341A86288DB2240A230080C678
:1072500022CCF07A861C899241AA64D1906451654F
:10726000902A593424595419A44A16D5B33C1A0EFD
:1072700080CC1DCCF03AA3CA20CD51364C838E0F62
:10728000831887C320C6E1308871984A0080CE26D3
:10729000CCF07A862C8CAA511265439245D1B094D9
:1072A00072644806A99245952CAA6449960C4AA492
:1072B00064090080D621CCF07A862C8CA44A9434C0
:1072C0000D59180D831265E19085D130285116466D
:1072D000594F5A0680DA21CCF07A866458A2308B56
:1072E000B270C8C22812A3A469902A51162551165B
:1072F00046597B341C80DC20CCF07A862C8C926240
:10730000941487645822298CB270C8C22819A45AD0
:1073100018653D0D0780DE26CCF07A86248E9238E3
:107320004A8665509368584A499424431225A564B7
:10733000484A491655422D0925691080E120CCF0B4
:10734000FA72301B1EB2DE066550B2244BB2244BDB
:1073500006254BB26418932C0DC30180EF23CCF0AB
:107360007A862C8C8641892AD9906451A42CA51C3C
:10737000190E4A548D9241AA26599A449A0480F0D3
:1073800026CCF07A862C8C864189B270382851162A
:107390002551322C831446C3A04459944495444B40
:1073A000B2245A0380F326CCF07A86288DA221AA33
:1073B00064D1A0D4A22C8C2AD23026513248952CEC
:1073C000AA6449960C4AA464090080F626CCF07A97
:1073D00086288DB2301A066588922C4AB228D2923D
:1073E0006448A22CAA64511646999445954809030D
:1073F00080F81FCCF07AA63889E2241A96254DDA57
:1074000092164BB2F4C5D22D6919142997520580F2
:10741000FA20CCF0FAD3B1920C43D29A6C69325C68
:107420006A513465511229591266519644894D802A
:10743000FD21CCF0BAC2388C6AC9342C593E28835D
:107440009E25E9A044B5641B942CC9922C89A421E3
:10745000810227CCF07A86248E926889927148C284
:10746000248A0625CA912119962809932819962855
:1074700009B5641822250C810623CCF07A86288D64
:10748000A221AA44D97050A2248E92641A92A64ACC
:107490005325992A252D2949DB00810924CCF07A2E
:1074A000363149B3241AC7284986A494448936251D
:1074B000A5A4944449A9926891146689A601810AF9
:1074C0001CCCF0BA6A6912A59114498DD5619094CB
:1074D00030D186398C87398C330D810F1FCCF07AEF
:1074E000C64A320C49FB92556A955AB62483D25645
:1074F000A9556A51258B92C300811021CCF07A8660
:107500002C8C864189922C1AA2248B322D1A22654A
:1075100088FAFF922559128D0900811120CCF07A4A
:10752000B634092BC930243B942452D22F4B54E952
:107530002F52D2554A864151D200811326CCF07A7F
:10754000862C8CB2301A066550B224AA46494519D9
:1075500092448BA62C4AA22C4AB2244B34490903EC
:10756000811621CCF07AC64A320C49315C862169F9
:107570004D2AC3B4664958498621296651258BB2E4
:1075800010811A22CCF07AA66829555A96CA5469F5
:10759000AA54862149A64AB7A4BF0CCA10654994CB
:1075A000A81100812F25CCF07AC6244AC228A90C44
:1075B0004332569261489A2A872169AA54862169E2
:1075C0008AA4248A14254A04813124CCF07A8624A2
:1075D0008BFA980DC9B04449984449980CC9B044F5
:1075E000952CAA645125D1922891B601813822CCDC
:1075F000F07A862C8CB230AA6443924591B2947290
:1076000064889AA424AA3455A25A18558621813E2A
:1076100022CCF07AB63449862169AA1C86A4A952E4
:10762000198664A925A55A920C43528DAA51350298
:10763000814620CCF07AB6244BB2244B9261489616
:10764000FE2FC3902CFD2FC3A58E44B52451D2002C
:10765000814A28CCF07A8628C9A24A160D83324482
:1076600049160D8312E5C8900C52258B2A8354C904
:10767000922C199448C91200814B25CCF07AB6346B
:10768000092BC93024531226A5214916255A2A52FE
:10769000524AA2A456A9459528A928B5008150228E
:1076A000CCF0FAE3E11015B3641824A59445619673
:1076B0000C83944459945494522D8992C4960A810F
:1076C0005125CCF07AC64A320C4953122DA54A32C4
:1076D0000C49A768499428699192A64A531225A596
:1076E00024991205815422CCF07AC64A5849862141
:1076F00059D2A41655A23059D2A43448495809B3D6
:1077000028CCA264180281551ECCF07AC64A320CED
:10771000496B3224599444CAD297A517CB524B3A9D
:10772000F5C5120A816524CCF07A866458A2244CEF
:10773000A2645886244CA26458A2A43824C31249D7
:1077400061940C4B94F5341C816E25CCF07A0E5369
:10775000D25449866929559A2AC9306D6912265131
:1077600012255152D19248C992441B1200817022B5
:10777000CCF07A0E43524BB224198664E9FF320CE6
:10778000C958498621A9459548898A4BA26C01812F
:107790007924CCF07A86248E926189B6684806A94D
:1077A000924595411AA2348A86A822954C59944450
:1077B000919209817A24CCF07A86288D9241AA642C
:1077C000D1900C52258B2A83346451120D4A5449AE
:1077D000B428E926456E00817B21CCF07AD6A4320C
:1077E0005CAAD9B264499A25C9A02D6D49B7A45B9A
:1077F000D245AA2453922501817E24CCF07A96A802
:10780000524A4A49320CC99626C93024A52C5A0638
:10781000A5A99644C352979221525405817F23CC47
:10782000F07AB6214AA496CA102DA54A3644C992C8
:107830002E8994749192A64A459212359906018137
:107840008025CCF07AC64A320C49298BB6244B925B
:1078500061489A2A8721A9A5493644491625512D00
:1078600049944802818A20CCF07AB6A8325C6AE951
:10787000324C49532519A6A55449862969AA0C8773
:10788000A88B2801818F1BCCF0BAD3E12D8C879D6A
:10789000323C4461140D831887C320C6612A0181DC
:1078A0009824CCF07A0E43524BB224198664E9CB6B
:1078B000302475E82025399424C3909492A6248A14
:1078C00094490A819B23CCF07AC64AA9524A4ACBF2
:1078D0003024AD496990A62C4AA2414AC24A3428B4
:1078E000519845C93004819C26CCF07AB6244B923D
:1078F00061486A49360D52126551120DD2944549BC
:1079000034484958498641CA9228B109819D21CC01
:10791000F07A862C8C86418992A641AA44D11625FC
:107920004D83548992A6D21625DDA4C80D81A824C2
:10793000CCF07AA6304986254AA2DA3284499E5490
:10794000A668694B92214ABA25A52C8906254AC406
:107950000C81B326CCF07AA65A920C43520C976154
:107960004AC24A320CC9544B926148EA50920C4BBD
:10797000948449A20C0B0081C021CCF07A86650A60
:1079800093D230444AD3612925B528C992441A06B6
:10799000310E87418CC3540281C21FCCF07A062974
:1079A000CC862119945A1C0E2F512D1906310E87A1
:1079B000418CC36110E30881C323CCF07AC6CA703E
:1079C000694AA2A55491062519A468490625915A29
:1079D000864BA7244A4A49320D0281C626CCF07A4A
:1079E000C64A320C49298B868352CAA2241AA4297A
:1079F0008B926890922CAA244A64C992441B12006C
:107A000081E317BAF13A1EB4344B874B9EE4C97038
:107A1000C9D22CCDD2E11081EA12C8F2FAE2743850
:107A2000CBC3219687432C0F0781ED1BCCF03A7313
:107A30006818C4381C06310E87418CC361D0A36C12
:107A4000780BB37981F315BCF03ABEE6588EA5E108
:107A500070CFF27CB8E7603A3C81F41ECCF0FA912A
:107A60006C1892341C94A86950A2302985956890AE
:107A7000D416AB5499C40081FB21CCF0FA916C78F8
:107A80004AC3241996414BA36188C22819942189BD
:107A90005AA3618896162D2A81FC18CAF13A7324DC
:107AA000DE061DD1111D199641477444478677247F
:107AB00082001CCAF0FA91E1904561D41625D934B0
:107AC00024799227433224799227C30182051ECB61
:107AD000F07A866488F26888A63C1B86302A0E43BA
:107AE000189586839866F1902A0082061DCCF0FADC
:107AF000925C3955A3259AA22DCAC24839656132D4
:107B0000BC85699CE54802820C1BCCF0BA876CD01E
:107B1000C11C8C87D71CCC916110E3300EE3701828
:107B20002400820D1CCCF07A735087EA613A0C92E3
:107B3000164AC3A0E7C83088711887C32001821293
:107B400021CCF0FAA2414BC2ACA225431447C35347
:107B50001256A2410AB328CCA27090C22CD1008246
:107B60001420CCF0FA92E190761A0E5A126649650A
:107B700048A248AA34554C49942443984599068212
:107B80001C20CCF0FA876898C2A8363C2439126DC4
:107B900069920C52A59628519C0C439466720682F9
:107BA0001E1FCBF07A726C38289D868394340D07A3
:107BB000290D9741899252A20C5B18AD1100821FCA
:107BC0001CCCF07A732CC7863989E22889C36C787B
:107BD0004BA2384AD2629CC51A00822A24CCF0BA41
:107BE000D27008B3681814254712698B2AD1202552
:107BF0005954C99428C91229694AA244DA06822C28
:107C000020CCF0BAC2211AA23E0D519770D891280B
:107C10001916256AD1B42893B2A8120D61008230DA
:107C200023CCF0BA726C4806A992454AA74469AAC7
:107C3000B40C4A53A54989922C9192444BA2441A00
:107C400005823123CCF0FAC270C8C2A89229B528A7
:107C5000192E519225839245952C522A5AA2845A64
:107C6000124AD220823520CCF0FAC27008B328190B
:107C700016A59824521AD586A9D3A6446922655A16
:107C80009449DA10823625CCF0FAD26CC8C2281991
:107C900016A598244A984449382CC3122561A21489
:107CA000934409B5641822250C823722CCF0BAC25D
:107CB00074C8C2681814250B13A94B140DCA90453B
:107CC00059A84469A26449369CE400823926CCF064
:107CD000BA726C48862C4AA24C29658912655112E9
:107CE0000DF7281924A516254A9664C9A0444A967A
:107CF00000824722CCF0BA726538449D94A8458929
:107D000096289192416A52A248A90C49A2A45922EC
:107D1000468700825826CCF0BA4271482A4A949489
:107D20001225599444292551321CB4304A8645A95C
:107D3000458994645126458324826F1BCAF23AD345
:107D40006190E26818A4388AA361906A51966461D0
:107D500025936401827022CCF0BA076948B234C915
:107D6000D264902A59260D6294445994D4925216A2
:107D7000255155CAC30082721ACBF0FA726858B303
:107D8000344B87439495B2D270CAB11CA923D170E9
:107D9000827322CCF0BAC2381B9421C9C224CB868C
:107DA00064D8A24A165592E1A0453912A55135CAA8
:107DB0008601827A1BCCF03AB36C78CC72DA30E868
:107DC000580EE9880EE5588E4439920D07827E1AC6
:107DD000CCF03AA370788C7224CAA9611EE548944D
:107DE000433AA643D57101828219CCF03AB36C783C
:107DF000CC72D27088C3388CC3388C233D076300A3
:107E0000828B1ACCF03AB36C78CC72DA30E8480E38
:107E1000C6C341CEC11C4A722C06828D1BCCF03ADF
:107E2000B36C78CCE21C1C062D8F72240EF32CCF81
:107E3000723087240082921ACCF0FAC26C780BE37D
:107E4000304772341DDE723007733007872102829B
:107E50009C1ACCF03AB36C78CCD2E19E83E9F09ACC
:107E6000E450922351D6451D02829D1CCCF03AB3BA
:107E70006C78CCF2A40EE5C3A06339A44339A443C3
:107E8000498E64C31082A51ACCF03AB36C78CC72D8
:107E90004487EAA1B4648998E5599EC5615A038272
:107EA000A619CCF03AB36C78CC72281F6E7936DC08
:107EB000723007732CC7721082AC1CCCF03AB36CD2
:107EC00078CCF2280FD3385286458D7224CAB33845
:107ED0004A42310482AD18CCF03AB36C78CC72DAF5
:107EE00070EBDB70CBC11C8972241B0E82AF1CCCE3
:107EF000F03AB36C78CCF22C272639548B92284C6C
:107F00008A9114C6613E680082B119CCF03AB36C14
:107F100078CC726A946751A6255992C9C99EF571A9
:107F20000882B31ACCF0FAC26C780B732447D3E101
:107F3000310787398CC3344B32350382B919CCF001
:107F40003AB36C78CC72501CE61C1C0E5118877129
:107F50009816E31082BD1ACCF0FAC26C780B73DA73
:107F600030A8615A1C0E719467A994646A0882C78C
:107F700019CCF03AB36C78CC72281E0E723EDCE35A
:107F8000E1208771A4A70082CD1DCCF03AB36C78B4
:107F9000CC72448722558D9461D1C2388C23298CB0
:107FA000D361480082CF1BCCF03AB36C78CC7224FA
:107FB0001FEE5918655A9425B54A58AD891A0082A2
:107FC000D120CCF03AB36C78CCE21C5C862C4AA26F
:107FD0002C4AA28A54C9A224CD4A6196C443008285
:107FE000D41BCCF0FAC26C780BF31C0BD3381B0EED
:107FF000396518C4388CC361900082D716CCF03A2A
:10800000B36C78CC72DA70EBDB70EBDB70CB130007
:1080100082DB1CCCF03AB36C78CC72D270D0A174F5
:1080200088D2A83A44695487921CCB0082DE1ECCC9
:10803000F03AB36C78CCE21C1C062D8F92410AB347
:10804000281CA4304DB23C1C060182DF1DCCF03A46
:10805000B36C78CCE21C1B4E39120E529845E120CD
:108060008559948339240182E51CCCF0FAC26C78DE
:108070000BE324CA917878CCB16108D54849D36123
:10808000484B0082E61ACCF03AB36C78CC72281DCB
:108090009E73301F06310EE37018C4380282EB1A4B
:1080A000CCF0FAC26C780B7324078739077364B875
:1080B000E5599E0DB73C0182EF1BCCF03AB36C78CA
:1080C000CC72281E0EEA8E3447C5AC140D529C8328
:1080D000290082F11BCCF0FA8AC35B1DCA916110A2
:1080E000A32C8CB268784C72248BD34C1F82F91A63
:1080F000CCF03AB36C78CCC2E11046D5A89CD486BB
:10810000E71CCCC11C4C01830116CCF03AB36C784F
:10811000CC7228CF7A1BEEB5DE865B9E0083021FF1
:10812000CCF03AB36C78CCF224CA912C1B0E519649
:1081300067519825699825611269DA0083031ECC7E
:10814000F03AB36C78CCD21C8D862C4AA250AA4649
:10815000352D11B330CAC2281C04830423CCF0FA95
:10816000C26C780BD31C0C876458A22C4AA22C4AF0
:10817000A22C4AA25A12D5922189A40A0083051C76
:10818000CCF03AB36C78CCD261D0A31C528783AACE
:10819000A54994467916472B00830E1ACCF0FAC2F3
:1081A0006C780BD361D0211DCA91459BB761877252
:1081B000301D1E83271BCCF03AB36C78CC72281E7E
:1081C0000E51984561160D873C07B37C780D8328C6
:1081D0001CCCF0FAC26C780BB3340E872D094329FE
:1081E0000EC351CDA2300AB3240E832B1BCCF03A20
:1081F000B36C78CCC23416B36C1894529EA55B9EB7
:10820000E5599E0D03832C1CCCF03AB36C784CEAF4
:10821000483E1CC42C0E53659892300EE3304E86B7
:108220002183351FCCF0FAC26C780BC3E110E5480E
:108230009485D17088322DEA254CA21C8986430290
:1082400083361CCCF03AB36C78CC7228C7925C4968
:10825000342D93867B8E44C5AC94890183381ACC27
:10826000F03AB36C78CCB2E12D8C87398C8739CC5D
:10827000867724073300833922CCF03AB36C78CC6C
:10828000E230CEA14119A424CAA224CAA224CA322F
:1082900029AB248322255900834619CCF0BAAAC3FE
:1082A0002DEA8E44C9B0449D8643D4FF9A64A998B0
:1082B0000D83491ACCF0FAC26C780BD36110E370CD
:1082C00018C4381C063D1E5E73300683501DCCF06A
:1082D0003AB36C784C6AC3638E4583A66649984569
:1082E000C93064611CC69906835218CCF0FAC26C7E
:1082F000780B73241E9E72701874526BD4A72D1BBA
:1083000083541DCCF03AB36C784CAAC3A067D990C3
:10831000CC69362883D45FB22493944801835A19D8
:10832000CCF03AB36C78CC72281DDEA272521B5E80
:1083300075A81E66F30083611ECCF0FAC26C780B40
:108340006BC31647799844C356296551322452634A
:1083500016451600836319CCF03AB36C78CCC2E1B1
:10836000358CE3E110EF487354D332390583641A36
:10837000CCF03AB36C78CCB2E1214C93E11046F9E1
:10838000704F87E71C4C0183671BCCF0FAC26C78F6
:108390000BB3E121C7E21C89B216AD9223599C466A
:1083A000BB00836B22CCF0FAC26C780BC32119A4FA
:1083B0004A1625D1204D5954C9A2CA204D591466D8
:1083C00051962900836F1ECCF03AB36C78CCE22C26
:1083D0000E876848B230CE92A83426A9188D498EEF
:1083E0004500837720CCF03AB36C78CCE21C4B8606
:1083F00041CA23694A4A49944549944553962659A6
:108400001C0183861ECCF0FAC26C780B73A8343C36
:10841000C7C3210AB368384461160D8728CC1200FF
:10842000838920CCF03AB36C78CC72444C862C0A09
:10843000B328199628D3A28A548992921687E1000C
:10844000838E1DCCF03AA370788CD21C0D4B499BC7
:10845000944459126553258BC3504D660083AB1A63
:10846000CCF0FAC26C780BD36110E37018C4381CDE
:10847000063D1EDEC26C1E83B11ACCF03AB36C7896
:108480004CAAC33D47A272521C0EEA8E3447352DCA
:108490001383B21FCCF03AB36C784C8AD13064D5D8
:1084A0002989A3610BE36418B2304DB2301B060179
:1084B00083B720CCF03AB36C78CCD22453C3245386
:1084C000862189B2584B9328C9A24A9C6499920686
:1084D00083B91DCCF03AB36C78CCC2E1A0E45092E1
:1084E0000C839E8339320C3952876AC34183BD1B8A
:1084F000CCF0FAC26C784BA23C8C86B73094A36265
:10850000A20C87B01CA6350083C71ECCF03AB36C12
:1085100078CCD26EC3539285513248499465521635
:108520005506254BB20483CA20CCF03AB36C78CC04
:10853000E261D0A2304A4A49AA44D9704C4A5954FF
:1085400089B2308E240083CC20CCF03AB36C78CC46
:10855000C2E110C549140D51318B864354694AA2BA
:10856000C8561A0E090083CF1DCCF03AB36C78CCF4
:10857000C21C4D863B9225C992264D97304A8A717E
:10858000984A0083DC1ECCF0FAC26C780B736C88BE
:1085900086298CB2344AB2E131D1A324CDA248CC91
:1085A0000483E020CCF03AB36C7889B2342C25C334
:1085B000943465D1204649694A8A5135899250D10F
:1085C0000483E91ACCF0FAC26C780B73281E0E6192
:1085D0006D78C787418CC3381C060983F11DCCF028
:1085E0003AB36C784CAAC33D1E0E5A9285D130D551
:1085F000A22CD9A1241DB22183F21FCCF0FAC26CA7
:10860000780BF32847A2748886344A876848A37099
:10861000900631CA91280484041ECCF03AB36C78D9
:10862000CCE2E194C449324C6965B86449544BA228
:10863000DA30E59002840C21CCF03AB36C78CCC2ED
:108640002119A44A1655066948B2A8924595411ABF
:10865000922C0ED35001840D1ECCF03AB36C788965
:10866000B234198634AA44495BD2311906294CC563
:10867000388CC310840E1DCCF03AB36C78CCD26128
:10868000D09178386851310A93E131CB9175C88621
:1086900000841D1BCCF03AB36C78CCD2E116255186
:1086A000369C736C18B71CA943F2900384241ECC2B
:1086B000F03AB36C78CCB2E1210DA36110B328CCB1
:1086C000A270187424CA912C191E84251BCCF0FAB0
:1086D000C26C780BB3E121C7B2610EE361A70D83D1
:1086E0001887C3200184271FCCF03AB36C78CCD212
:1086F00061D091281B0E72940E4398744BBA499125
:108700001466090084281FCCF03AB36C78CCB269A7
:108710001894ACA22651120D8394C451124F7118B3
:10872000673900843D1FCCF03AB36C78CCC27A36FE
:1087300044A19425999A4561321CC2280BA32C1C94
:10874000220084571CCCF03AB36C784CDA8641474F
:108750008AC341CEA1611C236998C3789800845BC9
:108760001DCCF03AB36C78CCD26110E37018C438E9
:108770001C4EB6A4A9360C490E4900846122CCF0E7
:108780003AB36C78CCE2E154C9926418922C896AAD
:10879000C39425516D98B224AA2589920084631B45
:1087A000CCF0FAC26C780BD361D0E3E1A9160E834A
:1087B0001865D97088E3E101846B20CCF03AB36C82
:1087C00078CCE26C78C86A83322859922583922546
:1087D000593228591C86DA00846C1CCCF03AB36CF0
:1087E00078CCB2E1A9524B24296B51B221CCB2E131
:1087F000314BC50C84711ECCF03AB36C784AB2741C
:108800003875C9B64C925225119538AA48C5441CF2
:10881000940084751DCCF03AB36C78CCC26111938E
:10882000A8188AC99064C56C18F42447B2701D84D6
:10883000821ECCF03AB36C784C8AC321CDB2E121D0
:108840000DA36110B328CCA2304B742405848B1B7C
:10885000CCF03AB36C784CCAD1202589146A725492
:108860001D2E4B16756D940084991DCCF0FAC26CC8
:10887000780BB3E121C7A26190C54C3127EA92E899
:1088800051120D8926849C1CCCF03AB36C78CC72C2
:10889000D2A00C3A3C28839666498B12B56451D11C
:1088A0000484B221CCF03AB36C78CCC234CA92E1E1
:1088B0009C26C93026A52C1A962989B268D8A224EC
:1088C0004A0084B81FCCF0FAC26C780BD361D0A1F7
:1088D000D290246A94A49114E988340C6212B545AC
:1088E0000584C41DCCF03AB36C784C6AC363960E11
:1088F0007B9A0D87AC140E839845E130480084C9FB
:108900001DCCF0FAC26C784BA26C78C8B12892B238
:10891000A83194868B16C6613C6C0084D11DCCF0C6
:108920003AB36C784C6AC35B9A0D072D4D87218E44
:10893000B24C4B92A5148B0284D61DCCF03AB36C8A
:10894000784CAAC32D896A9156896AC32D8C876495
:10895000C8C22C3A0884DD1BCCF0FAC26C780BF349
:10896000288DA221AA14232DCE91E110F597E101C3
:1089700084DF24CCF03AB36C784AB27408A35A125C
:108980000D521225A5241AA4244A4A493448499E66
:108990004583A60084EC1FCCF03AA370788CD26C8F
:1089A00010132D47B64549B46810CBC93044491659
:1089B00066C32085111ECCF03AB36C78CCD2E11698
:1089C0002551162551361CA2309E6A51524B256DF9
:1089D0001A85131CCCF0FAC26C780BD36110A32C4F
:1089E0001B0E51A7E1905386411F076D0885171E86
:1089F000CCF03AB36C784CAAC3216A1D0E516B348B
:108A0000A45131694AA24A544BA200851A22CCF0E3
:108A10003AB36C78CCC2618BC22C1A9621C99128CA
:108A2000199252962951A225A5244A35058521205F
:108A3000CCF03AB36C784AB2744806A553D2A62655
:108A40004BB44BC3A046499A4559A62500852B1E19
:108A5000CCF03AB36C78CCC2E11046E9F09683C30F
:108A600020E6D8708892A6244B1205852C1FCCF0E6
:108A70003AB36C78CCC22119C6288F6A4934488928
:108A80009C949252A2344D49391485371ECCF03A49
:108A9000B36C784C8AC3218C4AC33B3E0C621225CE
:108AA000613224611C0E8304853C1FCCF0FAC26C39
:108AB000780B6BC31685F1B04C61960C83A4442DE2
:108AC0004A933228519E00853D1DCCF03AB36C7814
:108AD000CC4A9530290D4F49546952BA982225EA5B
:108AE000A529A90585491ECCF03AB36C784CCAC3B8
:108AF0002046F9704AA21C190631CA91E194446DCE
:108B00005101854A1CCCF03AB36C78CCD2A414261F
:108B100051B7281CE4344C32532229BD5D008574C2
:108B20001ECCF03AB36C78CCD26C902A5932448384
:108B3000D6940D07A56BD2A4B44CC320857E1BCC64
:108B4000F03AB36C78CCD2E11E0F07254AA2241A62
:108B50006E6DC3AD6DB800858421CCF03AB36C78EE
:108B6000892AE1708892A86518B424AA25C390CCFC
:108B7000E170886A61964800859B20CCF03AB36C1E
:108B800078CCD2E2900C4B54C98683128743322CA6
:108B900051160E591865190085AA1FCCF03AB36C0E
:108BA00078CCA2E12D89F22C1CDE4AC9304895A66A
:108BB000248AA44CCA120085AF1DCCF03AB36C785D
:108BC000CCD2E116255136DCE3E120A6E130484A5B
:108BD0009A0E430285C91FCCF03AB36C78CCE22CD4
:108BE0008986B74A361CB41C190EDAD29424921224
:108BF00045830285CF25CCF03AB36C78CC92CA700D
:108C000050E268199230292543322489524A94CA85
:108C100090244A8B521A220185D022CCF03AB36CB0
:108C200078CCD26C909244AB24833465A132484A0C
:108C300094A4525251A2A4A6440385D51FCCF03A65
:108C4000B36C784AB26C5006AD52199441AB54865D
:108C5000A72E4BB228891A150585E421CCF03AB32A
:108C60006C78CC9268694B86CB9626C3658992282E
:108C70008912A56D4BA2A445890A85E922CCF03A58
:108C8000B36C7889B23419D6A44D19862C4A8AC996
:108C90003024A648898621EA6918120085FB1FCC7A
:108CA000F03AB36C7889B2341AA44A9629C3902555
:108CB000DD928B5A192E59524BA44886111FCCF0C5
:108CC0003AB36C784C8AC321AA85C321523A25C392
:108CD000206579346C891865C304863822CCF03A53
:108CE0003E66D9B00C521225D1B00C4B3224D1A221
:108CF0000C63521A96614CE2246A8B0A864E1ECC93
:108D0000F0BA871CC98743544786418CC22C1AB6D7
:108D10001C8C86346AC9A2C83604864F1FCCF0BAB0
:108D20007370D0F3E11015B36110A3348A8621CAA1
:108D3000F26418A2304BA2490286501FCCF0BA0749
:108D40003D1F0E511646C9306661948551346C51F1
:108D50008E0C87248BC36101865120CCF07A073DAD
:108D60001F0E4A1646C3206661140E520E26511677
:108D70002552A61413719000865A1ECCF0BA871C97
:108D8000C9874394D58641CCC2281CA456254AA243
:108D9000C856CA92E110865E21CCF07A073D1F0EBC
:108DA0004A9626C93064C52819062949B324CD86B8
:108DB00083922561B20D01866B18CBF07A732CC7B4
:108DC000E2E19495B2D270CACA39561E0E6A008684
:108DD0007122CCF03A1E723097B2218CC36C98B2DB
:108DE0002889B22889B2614AC2244AC2281A2E515F
:108DF0000086791CCCF0BA72301B9441ABD42AB5F2
:108E00004A2D1BB44ADA254BB74C4A8601867D1A97
:108E1000CBF0BA86214CC3341C863C1E4E59292BFC
:108E20000DE71CAB0C0701867E1FCCF0BA72301A1E
:108E3000DE2AB54A4D4A6A49326891528BAA952C6E
:108E400055A24C8B320086801ECCF07AE2300E8721
:108E50002C8C865312454AD46918A25E2B599289EC
:108E600043146D01868120CCF0BAC2384B6A95CA92
:108E7000A06449B7A45B3248495809932C9D924895
:108E80004AB2540D86821FCCF0BAA261CB9341AA9C
:108E900034559A2A4DC32156CA513428511247F3EA
:108EA000142A00868A1ECCF0BAD2723428C3909459
:108EB0002A4D95A6CAA025DD922C0E934C9C2AC75C
:108EC00000868C1ACCF0BAD26EC341ABD42A95E19D
:108ED000A0A54DC3106D9994E5600686951BCBF057
:108EE0007A866B8EC5C3414BAA516DB8942AD13096
:108EF000E4593C1CD400869C23CCF0BAA26188C201
:108F0000280BA36450B2A45BD2321C442D4DB22472
:108F1000AA2D592249498E450086A420CCF07A8694
:108F20006312A649A2EF48A64DD9340C629485C3BA
:108F3000A047399265C3A0240086C01CCCF0BAC2F9
:108F4000382D0D6F955AA5960DCA30A5952CDD329A
:108F500029CB91610886C620CCF0BAB241EBCBA0F8
:108F60006449CBA0744B0625AB0D5A52CB962C917D
:108F7000922C1E860086C71DCCF0BAD272980D07BF
:108F800025544A61520A07A9168E49144FD954CB69
:108F9000912186CA1BCBF07AE3E19495B2D2708E10
:108FA000A2E1A063C970AA442D51321C0486CB1DD6
:108FB000CBF03A1EA45A690895381A06311F062DBF
:108FC000CAB26190A33C4B86830086D422CCF0BA0F
:108FD00072301BA62C1C9650A90C895251926151DB
:108FE0004AD9904449315AC22919E63086D91ACC57
:108FF000F0BAD26EC341ABD42A95E1A0A52DC930F9
:109000006D9994E5D03086DB20CCF0BAB224CD92B5
:10901000341B9461CA925A25191EB2341C936E43B4
:10902000144D590E660086E420CCF0BAD28E493435
:109030002859525195CAA00C3A940D5A52CB962CED
:10904000919241CF120086EE1FCCF07AE3E1318A93
:109050009328C9A296308D86418CB27018F41CCC2E
:10906000B26150120086F01ECCF0FA8AC321CD9274
:10907000701922254B4A52A69686418CB27018F47C
:1090800030191E86F922CCF0BAB2610AA32C9506DB
:109090006518924E4A653828A55A125592615A4A67
:1090A00053528A934486FE21CCF0BAC2248C6CA51C
:1090B0006458A24A325C9AA24189C24C292593B6CF
:1090C00044C99454D42D87001FCCF07A8643D469C8
:1090D000388439361C922C558621EA6918A234AAA4
:1090E0000C971C5200870222CCF0BAC2381BB43055
:1090F0008906AD920CC990D4B24119B4B4920CDA7D
:109100009649C9B0231900871220CCF0BA72248A7C
:1091100016AD6550B2A49725592A83D256A925DDEC
:10912000966498941C1D02871522CCF0BAB2C6280A
:109130000B93685006A55BD22D1994410B9330898F
:1091400092704A92298992341B87171FCCF0BAB2C9
:1091500041EBCBA00C4A5BA5321C94522D892A8985
:10916000525AB2214AC23813871822CCF0BAB23C04
:10917000CBA3E1254A94A644694A8683126551121D
:1091800025A5245A94648B86B012871C1ECBF07AD6
:10919000D3E12DAA54A44A2991862591D26418C2FC
:1091A000A8380C79960C9700872122CCF0BAC224FB
:1091B000AC84D1F09444492989926478C8A16CD0D8
:1091C000925AB60C8A9464F9A00087471ECCF0BA74
:1091D000B241EB3628835649864B2245C343D4D34C
:1091E00030445B2665510E0D87491FCCF0BAB2C6DC
:1091F00024CC868352522AC390741A96614A2BC992
:10920000306D9994E56006874E23CCF0BAB241EBFD
:1092100036288392252D83D2140ECA30454A5449EC
:1092200094D2920D513224399600875720CCF0BA4F
:10923000D2DA3065E1B00C43D2A85486830E65C300
:109240009464E9320C529643C300877425CCF0BA7B
:10925000B268CAA224CAA26478509A1225199264EC
:10926000189264AA34454B69482A5316E591008741
:109270007622CCF0BAB2A4160D43942595414996B6
:10928000AE4965386869340C5192A5D32425CD5177
:1092900001878D23CCF03A0E510E6683D632288397
:1092A000D29E24C3905496CAB04459346C89126536
:1092B00043929802879F22CCF0BAA26188AA5136C5
:1092C000288392252D83D22D1994414B2BC3204DF9
:1092D000492425599C0687BA21CCF0BAB241ABD4B7
:1092E000B2411994BE0C4A53655086B09425C320F0
:1092F0006D99162569240587F921CBF0BA96418925
:109300005A06254ABA28839425C9B0345586418B1C
:10931000B26C18E42C192E0188151FCCF0BAA2618A
:1093200088D2D2F052524A4A9F8687288C93619005
:1093300086A4B225ADA10088221FCCF07A86431CFA
:109340000F4FA2A40C8B16C6C3362883D29741199F
:10935000B4244B92E10188401EBC107B732C87869D
:10936000414C4A61520A93529894C2A41426A530E3
:109370002945C303884522CCF0BAE22C8C92614A7D
:1093800094C628290D4B314A8A51521986A41825B2
:109390004316E9391801884C18CCF0BAA261CAB159
:1093A0001CCFB1641814354BD2FE96A46108884DC9
:1093B00020CCF0BA72308A86244C23294F9241CABD
:1093C0004A5AA52266519845611655B2380288540A
:1093D00022CCF0BA6A4B36663994E44834244B16F2
:1093E00026D210D5C2280BA32C896A5A94650A008C
:1093F00088571ECCF0BAB26889062DCD91284F86C9
:1094000041D12AB59641C9BA2D59B295150088594E
:109410001FCCF0BA8665C9E2304786354B92414B86
:10942000A2CAB04439124543D47F1A12058861217B
:10943000CCF0BA6A4B3666498E0C6B5219126550E5
:10944000FA2D1994ACCBA06451126549B60088631B
:109450001ACCF03A73341E5E734C4BA324D5D2243D
:109460000BA3304E2BA1A603886518CCF07AE2B48A
:1094700036687198A6629225D11829B5A8DA6F00CE
:1094800088681CCCF07AF3E110E7C830E8F1F09876
:10949000E44854D4422593934C142300886B1CCC8D
:1094A000F07A72248BA3418BB338CF92301BB3A4D4
:1094B0009445791687694D04886C1FCCF07AF23098
:1094C0008E06314D86218AC3A4946D4994949230BE
:1094D0000EE3B012A6190088701ACCF07AE3E11DF1
:1094E0001F06318E86A7381C0635CA322D89949204
:1094F0006A887719CCF0BAD3E1391F6E6DC3594B26
:10950000A324DC32298C934C940188811BCBF07A04
:10951000E3E19C0E071D1E86300D87218DB2484B5E
:1095200012654A530188841DCCF07A7224CB866878
:10953000D0E2306D190665CC925A1A266125CC9A74
:10954000D200888B1ECCF0FAA224CDA26C3824C5A0
:1095500038C9922CCA94E15147A49292C949A41ADD
:10956000888D21CCF07AC23C4B0765D89234CA86EC
:10957000244A4A49325594CA904459C7280BA370CB
:109580001088921DCCF07AC2416B19942C8CB2DAFF
:10959000A025B568CA926EB541EB0E46C3108896F9
:1095A0001ACCF07AE2B4366871320C512F52E530A1
:1095B0002889D4FF340C5135889C19CCF07AE2B458
:1095C00036BC85694B322C639694C62CA9455DDB6D
:1095D0000088AB1FCCF07AE2B436BC2551AFC9305D
:1095E000444B29A928511645621489495493C20055
:1095F00088AD1BCCF07AA36C784CA2344AD24C5B79
:109600000E6A3CBC4545CD528AC50188B124CCF0D8
:109610007AC228CC2265D8922CC9C22819A444CB7E
:10962000962C4A122D8C2A5954C9A2248B22318897
:10963000C11ECBF0FA6AC352CCA2E1298CB36C18DC
:10964000A496D29045499428911449C50088C21F18
:10965000CCF03A8E5918458312254DC5548BE2E162
:1096600031C99128CBB424524AB1A80088C51ECC78
:10967000F03AA2B0920C4316A662A6448318A5C382
:10968000A3164A49A66479A88E0288D41BCCF0BAE6
:10969000D3E1AD122A51A688CB70887A0927658854
:1096A000FA3444750588D51CCCF07AD224CC2AC370
:1096B0009A85699884492D5A52A53268FD36682DDD
:1096C0000088D922CCF07AB2610BA364908AC930A9
:1096D00044619425C3104D695219B448ABD4326922
:1096E000D05A0088E421CCF07AE2341A1EA238194C
:1096F00086A812274A6D498625D1C26818A224ACD3
:1097000084A11A0188F31DCBF0BA5A93E270488AFB
:109710004916A6C38E84C3418BB2484B12A5948AC6
:109720000288F41ECBF03A937050063149876448A2
:1097300093705006351D0E5A5493924859E2708822
:10974000F823CCF07AB2618B92281992614C4A5975
:10975000346C49942EC3A094E26C8D9262124552EF
:10976000180288F91CCBF07AD3E120350E43189506
:1097700086839654932C525A242954A4381C890267
:1097800022CCF07AC228CCA26838A451311AB6A4EF
:10979000942453454986318BC22C0AB3214CB4081A
:1097A000891020CCF07AC2416B1994418CB2DAA0B6
:1097B00025513A0D4392485D9AAA513428519E0092
:1097C00089121DCCF07AE3E1A99649839484F17063
:1097D0008B92621255B5504A3225CBB505892523A7
:1097E000CCF07AB26188CAC33284498E24C320295E
:1097F0005D2C51524A9AA26188925298444968025B
:10980000892A24CCF07AD2214BA2CA9024439845CD
:1098100059A20C5994D496A624519A2A511625522D
:10982000A5AE0D0289441ECBF07AD3E1A0444914C1
:109830000DC91066E170C86AC3414BB24C4A22A5FB
:10984000591B895F1FCCF07AC2AC341CA42C4C4E3F
:1098500049B72447A6416987A26188B2A41675D486
:1098600000897F1ABCF03A3E463912A5C321EA5F4F
:10987000C2498F72241A0E518E2400898119CCF0AE
:109880003A3E46E970883A0D87341FDEC274CAA199
:109890005D93F60489861DCBF03A1EC4241D4E95B7
:1098A000281A0E512D91862DCA9269D092462D4DBF
:1098B0000E89C11BCBF0BA86214CC3348C8A51313E
:1098C0002A46C5A89CE4482D92B2711089C221CCC9
:1098D000F0BA076948B234694D9A2A6D49C72829F8
:1098E00046492D89922CAA246A9484DA0089C423DB
:1098F000CCF0FAA2418CB268481AA3A4182595614D
:10990000488A51528C925A12256194748C124D1BC4
:1099100089C51CCBF0BA8768D04AD5A43A0C611A25
:1099200046C5A81815A34A986483340889C623CC71
:10993000F07AB2618BC26458A23029655112655128
:1099400012454B29A9285116C65912F5251B028923
:10995000C821CCF03AA3348A06254A8A9116E7D06A
:109960003088511646591849719223513884830022
:1099700089C91DCBF07AA2308B4AC33BA40C431299
:10998000A561548C8A91122759294BB44189D21B65
:10999000CBF0FA726C188BC341C94AC3292B0DA7AF
:1099A000AC9455C22451A30489E323CCF0BAB2612C
:1099B00019B2282946C390444A5B3628B524198633
:1099C000A42D1B0E4A5BA516655A0489E61ECCF031
:1099D000BAE26CD04A61342C83D29741E9FF322835
:1099E0008356A925DD864C59028A0019CCF07A737A
:1099F000341DDEF161D049C3A09386418CC3381C6D
:109A000006098A791FCCF03A073D8B87532D53A264
:109A1000DA7088723019C61C4C8621AA26D93024E7
:109A2000008A891ACCF07AA2B054C7C2E1A95619AB
:109A3000963A960D3B7198C378D8008A8A1BCCF071
:109A4000FA92281C0E693E3CD52AC352C7B2612740
:109A50000E73180F1B008A931ECCF0BAB2411994F2
:109A60003C1B0E4A14465934BCE3C3A09386418C78
:109A7000C36190008B661DCCF07A86258DA22119DA
:109A8000963E8549A7E1A0538621A70D435A1D861E
:109A9000088B6C20CCF07A862C8C92411AA2244B35
:109AA0009261506AD9F08E0F834E1A06310E8741AB
:109AB000028BA114CCF07AE2B43B984DC310A5FD03
:109AC000254BC5B4068BA21BCCF07A72341A8628BB
:109AD000CEC1680EE3300EE330094335ACE45806DE
:109AE0008BA31BCCF07AD2388CC31C0C47354CC2EC
:109AF0009214665112C55A1CE660088BA41BCCF068
:109B0000BAD2388CC31CCC86300EE3304E5AA52412
:109B10008DB2380CE5008BA521CCF07AC221CCA205
:109B2000308B72248AB628CCA2308BC22C0A935276
:109B3000A86449544BC2708BA81CCCF07AF2300E4A
:109B4000E37838C8619485591466519884A11A56EF
:109B5000722C038BA91BCCF07AD2388CC31C0C0F4F
:109B600052188771182751ACC5618E0C83008BABDE
:109B70001ACCF07AC23CCBA36108F31D8C06312DC0
:109B8000C6495D49A36A3C0C8BAD21CCF07AC25228
:109B90009644B5248A9368C892A89644B524AA2509
:109BA00051A5299292A8358C038BAE20CCF07AC2B5
:109BB0003C8CB22889E23099B2308BC22C49B32454
:109BC0004DA2584AD2288B53018BAF21CCF07AA2F8
:109BD00061CCA2308B72248AB6284C86318BC22C81
:109BE0000A93522855A22C93C3008BB01ECCF07A56
:109BF00072341AB63C07933D8B862D0AB32847A2D0
:109C00001C49D44849A36C188BB221CCF07AC228E5
:109C1000CCA2308BE2E1A045611685C930485914C9
:109C200026A5502A46591C46008BB320CCF07AD288
:109C3000388C9361D0C36518B2304E86410AB32880
:109C400089B2482B85518E84008BB620CCF07AA245
:109C50006190E230CAF22C5A86418AC354AC8449DE
:109C60002954B23089921CCB008BB819CCF07AC23F
:109C70003CCBB3618DB2B5CB304869254BC5B40E32
:109C800066008BB91FCCF07AC224CD9234AA23513E
:109C90003424529229911855A3444DA45489FA9A18
:109CA0000D8BBA1ECCF07AD2388CB32447B26849F7
:109CB000A52CCFA2304BD24C4E8A911446E1208B7A
:109CC000BC20CCF07AE2344BD22CC9A1D29485517D
:109CD0001265499445619C9442A9180D7398008BB4
:109CE000BD23CCF07AB2618BC22CAAC44A654AA2C9
:109CF0002C4AA22C4AA22C526A8994644A98257153
:109D000096078BBE1DCCF07AC221CCA2308BF270AC
:109D10005072281AB69EC2244A4231CD9458148BF0
:109D2000BF1CCCF07AD238ADC3C3418CC3210BA386
:109D30002C8CB2A4964959294C33098BC01ECCF007
:109D40007AD2388CA36147A2648CB230CA926190F7
:109D5000C23889622949A32C358BC11DCCF07A7297
:109D600034190629CDC16C2D55A368885A1329557D
:109D7000A234AA0F83008BC41CCCF07AB26188D2C3
:109D800076248A862CA9A5956190D24A968A691D67
:109D9000CC008BC519CCF07AC241EB7B966C83D694
:109DA0006F8396D432298BB4F230048BC61FCCF06B
:109DB0007AB2618BC22C0AE33099C22C1AB628CC35
:109DC0007230899250CA4A6918078BC81DCCF07A44
:109DD000C23CCBB3614DC2258AC3410AE3304EA2D7
:109DE00041D2E2300743008BC91FCCF07A722D5B61
:109DF000B31C4CB761CAA2304BC42CD29252124948
:109E000095A8168711008BCA1DCCF07AD23854B3AE
:109E1000280F93318BB2288CAA619425B54CCDD4F0
:109E20001C19018BCC1ECCF07AD2381BB4E62C5A0C
:109E30009261CA912847A26C989238D2A36818728E
:109E4000308BCD1FCCF07AB261887224CA917058E1
:109E5000861C89A221EA3F0D51258ED424CA130005
:109E60008BD11ECCF07AB261EB98E458B62961220E
:109E700025525A1BB4244B956188D21CCC008BD53B
:109E80001DCCF07AE2B492A551381CD4CAA0664920
:109E90009A2569520A25A594883A188BD71ECCF0CA
:109EA0007AE2B4691872245B86418AC36818A238C2
:109EB0004C4AA19684718E49008BDA1ECCF07AF25E
:109EC00030D6E2241D0E5116464B18254D95A6445A
:109ED0004934A54D69D11A8BDB1DCCF07AC224CD53
:109EE00092341BD6285B2BC320A5C531E9A6442D8F
:109EF000590E66008BDD1FCCF07AE22D1972305CB2
:109F000086410AE3308E862D0AB344CC94308B868A
:109F1000394C008BDE21CCF07A72444A9431CAE28B
:109F2000305A9464AA14A3A41825C564182425479C
:109F3000DA916C108BE122CCF07AC23C1BC2A83EB5
:109F40001CA41C8992218B92288B92284B944453F9
:109F50006A511265B5418BE21DCCF07AB21C897250
:109F6000241A86301E9421EAD310F54FCA10D591D9
:109F70001C52008BE321CCF07AB2308B2231DAD242
:109F800074888621CAC168D8A2304B862153C24842
:109F90001AE630018BE51CCCF07AD238AD0C831E6A
:109FA0006E51180D69250BA32C29854A2496623120
:109FB0008BE61BCCF07AC2AC9884D130E448B696DC
:109FC00086214ABB0C8324A67530038BE71ECCF098
:109FD0007AD2381906298973283AA4611C6651344B
:109FE0006C49146B1531CB91218BEB23CCF07A7239
:109FF0002D4EA2641874289A92A64A53320C599492
:10A000004459A2449952992A521865018BEC1ECCEE
:10A01000F07AA26190D27628A96C49AD52ABD4A255
:10A020006489922C8AC4B43E0C028BED1FCCF07A6A
:10A03000A26190C2381AF62CD95A8641CAC168D892
:10A04000123153C22C1AE630018BEF1ECCF07AB2DB
:10A05000618BC22C0AE361D9C168D8C238190629BC
:10A060008CA5248DB238158BF122CCF07AE22D1913
:10A07000E230478683941493A8A60C4A9445615213
:10A080001922258D92380B17008BF220CCF07AC262
:10A090003C1BA63A3A285B52ABD4A261885AB24420
:10A0A0004A326518A23C8724008BF41BCCF07AB2AC
:10A0B00030EB291F9629CCA2308B86AD9226AD526B
:10A0C00012F5180E8BF51DCCF07AB26188C22C4ABD
:10A0D000937838449D8621EA5F864152A2BE46436A
:10A0E000008BF71DCCF07AE2341A8628CDA14159B5
:10A0F0004BC310656D8396D43269D0DA23058BF893
:10A100001FCCF07AD238CCA268D891D2320C521837
:10A11000678316699564D0A4AC36E859028BFA209F
:10A12000CCF07AC2284C8641CAA21C0AC73819064C
:10A13000A98E54064DCA2AB54C1AB416008BFB1EC4
:10A14000CCF07AD2381AB63047868396444535AA81
:10A1500066499A0C8324A661926B028BFD21CCF098
:10A160007AC228CCA23099E628DAA23099A62C0A25
:10A17000B3284CA6492A66518E4411008BFE1FCC91
:10A18000F07AB261887A1A86348A866818A2B43462
:10A190000C515A894629A945ED48068C011FCCF07F
:10A1A000BA93B0144639920C831A65D3B045D5687A
:10A1B000D8A2AA12A5D130A431008C031FCCF07A0A
:10A1C000B26188AA51D7E110751A86A81A55962847
:10A1D000519A94648992384B078C051DCCF07AD241
:10A1E00038AD0C838E4EC3168559346C69A99229FB
:10A1F000514B16E51A008C061CCCF07AE234190695
:10A2000029AB0FCA0E46C316876965182431AD63A2
:10A210001A008C081DCCF07AE2344BA25A528EA45C
:10A2200031CA22314A6B4954E9A64462291D038C84
:10A230000A1FCCF07AC23C8C936110E3211AC42827
:10A240000BA3418CB230D1426510A32C1D0E8C0B98
:10A250001ECCF07AC2AC340C51561F94AD6DD0D2E6
:10A26000CA304849344A492D6A4732008C0D20CC07
:10A27000F07AB2A4980C8354A927D39423D1304404
:10A28000619C0C8394AD4A6312457A088C0E20CCF5
:10A29000F07AC2284C8641CAA21C0A976190EA480B
:10A2A000346C39982845A5314A1AA3648C101ECC09
:10A2B000F07AB2288D3A0D73944D5D0E511847C354
:10A2C000968899326C51180F0B008C1324CCF07ABD
:10A2D000A2619092288B926110A36C4886412A66F5
:10A2E000D1B04561960C43A6845914C699028C17C7
:10A2F0001FCCF07AC23C1BC2A83E0CC9944459340E
:10A300006CA1544BA29664DAD24C4725008C1A20DB
:10A31000CCF07AE2341A8628AB23A5C310D5C2A8A4
:10A320001A4D5922299132655116271B008C1C2287
:10A33000CCF07AF23029255125D1B1681BA6210B2A
:10A34000A3688B92A6644A22250B933A920D028C45
:10A35000221ECCF03AC2523444BD0E87A8D3A0448A
:10A360002D52324845299292A8C74851008C231E8D
:10A37000CCF07A722D1AA24A548EA42DCF062DAAA3
:10A3800046C3102559AA447D1D86008C2421CCF09B
:10A390007AE2341A8628AB23A56518A4248B2AC335
:10A3A000206579920C9A9495C23493008C2623CC24
:10A3B000F07AB26296A4C930C849260D431426A586
:10A3C00064B88449291A86C8A24549639444018C1B
:10A3D0002820CCF07AC2288C8621CAA27C38449DE1
:10A3E00086214A4BC3102559AA0C4394E6C3208CFE
:10A3F000291ECCF07AC241EB36E859320D4354693C
:10A400008A8621CAC1641824292BEE9A008C2C223A
:10A41000CCF07AA26190C2A45489642519A2248B3D
:10A4200042358BC22889B2A429D2A22CD547008CF0
:10A430002D21CCF07AA26190C2248C86214D2A4332
:10A44000340C51D636685D924113D36418742403DA
:10A450008C3022CCF07AA264987AC9A2703828593C
:10A460005419062969AA0C839464517489922511A0
:10A47000B3288C3122CCF07AC2284C86410A933C16
:10A48000A90C99A225C320E560346C899829C316CC
:10A4900085F1B0008C3423CCF0FA912C8A06A9D235
:10A4A0003A1CC22C1A9241AAC4513248952C4A94A3
:10A4B0004152CA49320C018C371ACBF0FAAAB59630
:10A4C0002CC9B3B49627C93024511AA6E130846947
:10A4D000048C4123CCF0FAC26C1892A6481B0625C6
:10A4E0000EB54189C2281C1EB3281A94A89644D1DF
:10A4F000A00C09008C4617BCF03ABEE3C320C6612D
:10A500001C0E834E4AE3308FC2E1018C4C23CCF009
:10A510003A86304786214D07298DA261882ACAA034
:10A52000444AAC2452962C5A142A593285038C6121
:10A530001DCCF03A736C58C37038686DC331CA22B1
:10A5400029A92AA39454A5689054008C621CCCF0CD
:10A55000BA6A691285C321CD87A7384B86A5568A6A
:10A56000943AD23845AA0C8C6A1CCCF0BAD3E12DAF
:10A570000C87439423D930E859B8D491BAB22395C3
:10A580004322028C6B21CCF03A06658893284B92CB
:10A5900061889A8687A8122751AD2226CA98255D20
:10A5A000A44A28028C791DCCF0FAAA62A5322CA507
:10A5B00030CA91252B2559B46851259EE2308E541E
:10A5C000058C7A1FCCF0FAD24C8E92629644C3145A
:10A5D000474A1A2699A448499894225B1C8626006B
:10A5E0008C8921CCF0FAAAE29034B544492D8E949E
:10A5F00030C992285BA4214BA28AD41A0D99162542
:10A60000008C8C23CCF0FAC250AC54062989B2DA03
:10A61000A02851564906C5948449944452254EA217
:10A620002452B2018D1D1DC9F17A86418993388962
:10A63000B224CA92284BA22C89B22492B2280C8749
:10A64000388D1E19CBF07A736C90F36108D3302AE1
:10A6500046C5A81895933CCBD6018D1F1BCAF1FAAD
:10A66000726810B3300B9361C8D22CAA45B5A816F6
:10A670002969948D028D211ACBF07A86738EA5C339
:10A68000418787214CC3A8181593D62C5415008DEB
:10A690002224CCF03A0631CAC228294649651892CC
:10A6A0006294D4A4A49444492909B3284B6AA54AC6
:10A6B00094D5008D2319CBF07AD3E1A0C6C3391D00
:10A6C0000E521A46C5A81895A37054008D241CCBB1
:10A6D000F0FA9241895AA24A542B55C261D0D22431
:10A6E0006A8C8A513949B7058D2521CCF0FAC341CE
:10A6F0000AB368584A956E49458992A6244A4A4940
:10A7000098864958AA445992098D2621CCF03A06D8
:10A7100025CD922CE954E99654C424192EDD92AE2D
:10A72000599425512D4ABA255A008D271BCBF0FA92
:10A73000A25A25B325C91685430E0F431815A362E7
:10A74000544EC451018D281DCCF0FA916D98C378F8
:10A750003844619C0C4396A45912D592A81F932C9F
:10A76000DA068D291ECCF03A06754B8628694D5ABB
:10A7700093CA3024FDFF5B454BA25A2425B5280B14
:10A780008D2A1BCCF07A732CC99544530665CE876D
:10A79000216DAA46F5244732518E008D2B1ACBF13C
:10A7A000FAAA256550C428CED22C1C8E51312A46D7
:10A7B000E524DD16008D2C21CCF03A06754B862859
:10A7C000A9558A51521986A49A3446492D0DD3248D
:10A7D0008A2325CCB2218D2D22CCF03A0625CD92AC
:10A7E00034A90C43D2A824AA52CA9452A6342551A3
:10A7F0003428ED49146BA1028D2E1DCCF03A06AD24
:10A80000314A2AC390342A8D4A3DA9277528C79218
:10A810001CAA67C9308D2F1CCBF1BA86218C4AC384
:10A82000416A1C869C320C61548C8A496B16AA0AB8
:10A83000008D301ECBF0FA75284986831E0E4A8E95
:10A840008583126649983426A5244AC221D3028DF5
:10A850003123CCF03A062989B2A8D21426C970292E
:10A860008549695892214C6A51358992502925D2DF
:10A87000A6068D3420CCF03A06AD97DAA0D42AB5DE
:10A880004AAD521986A431CAC2A4142651320C59B9
:10A8900012068D351CCCF07A736418C4280B8741DE
:10A8A0008F87777C18C4280BA32C4ED471018D3769
:10A8B0001ACBF0FA926A54D3862599432587A4616E
:10A8C00008D3302A46E5283C8D381CCAF1BA946179
:10A8D00008232D892CD110453B360C522DAA454911
:10A8E00029ABA9038D391ECBF1FAA27038845165CA
:10A8F000382451713848596518945A944559286933
:10A90000B2028D3A1CCAF1BAF24119A2A49444C908
:10A9100020E5C830646916D5A25A544DC26D8D3CED
:10A9200020CCF03A062DA9959464B8D42A9D944E73
:10A930004A3228FD5B9425B5A424255B94058D3E01
:10A940001BCBF03A1EC4241D4E95281AEEF8308415
:10A95000691815A372926E0B008D3F21CCF03A0658
:10A96000AD97CA3024A530290D4B45531265584A7E
:10A9700059140E4AAD12D5B428128D411DCCF0FAEF
:10A9800092614B4365B8A4A561A70C8398456116F5
:10A99000855152CEC255018D4223CCF03A0629CCC6
:10A9A000A22169AAF46F52524AA2A42DA90C839441
:10A9B0009592288B2A83922559028D4320CCF03A18
:10A9C00006AD651892D6A4A9D25469AA5486216905
:10A9D0000AB3284B6AA530CA92618D441ECBF07A27
:10A9E000A21C4986214A4A8912A559A245A1340CC4
:10A9F00061548C8A5139110F8D4A21CCF03A06AD41
:10AA0000975212256D494559947A920C975A9A2576
:10AA1000A5A45489A4488B34008D4B23CCF03A066E
:10AA200031CA8644694C9464B814A3A49444492957
:10AA30008992D21825B5A44F8A328A018D4C24CC34
:10AA4000F0FAB36119862CAA64511225C9702985C0
:10AA50004965502A5B6D9092288B2A839225590272
:10AA60008D4E21CCF03A06AD365C6A9564B8342A36
:10AA7000A5244A9A2AA5244AA261488AA54A146AAA
:10AA8000028D4F1BCBF0BA5A93DAF09445D220E5F1
:10AA9000F0308451312A46E524DD16008D5025CC56
:10AAA000F03A066550B2244B5A06A55BD232284DC7
:10AAB0006152198624512A4A16258D911665A9A43A
:10AAC000008D5423CCF03A0629CC5A92E1D2963428
:10AAD0002551920C977A5219A62C4C4A611225C323
:10AAE000902561008D561FCCF0FAC26C1892212B74
:10AAF00045C341E996F46550DA2AA529E929296573
:10AB00004D61008D581DCBF0BAC26C9086285392CF
:10AB1000412B554AB56818C2348C8A513949B7055A
:10AB20008D5A20CCF07AB36878C8925A920C43D2EE
:10AB30005F864BBF0C43560993C416259D2A5100CE
:10AB40008D5B1ACBF07AD3E1A9960CC7281C0E5264
:10AB50001A0D07A9312A27E9B6008D5E20CCF03AFC
:10AB6000922CC90665D0D26C38484996249212EDD1
:10AB7000F830A45135AA27EA28018D6025CCF03A97
:10AB800086244CB224AA24C3A5942989525192E167
:10AB9000524FA2618BC2284986290B937058008DB1
:10ABA0006122CCF03A0625CD9241E95449864B53B7
:10ABB000A2548621694D5A965A1E2583D24D8B0682
:10ABC000018D621ECCF07AE3E1250787439686C3A8
:10ABD0002DC9926C18922CA96C4BFFA22CD1008D20
:10ABE0006324CCF0FAB2211906294B326958A29697
:10ABF0006119C22C4A866588925A251986A42D4C63
:10AC0000C2480B8D6419CBF07A732C1ECEE97010FC
:10AC1000A3302A4695521665A596B0088D661ECCBF
:10AC2000F0FAC2380C07290E87A72CC992489192D6
:10AC3000FEA73009B3284B4A8A168D6B1DCCF0FA5B
:10AC4000D2B64119B4341A9E922C8914CBD2FF96F5
:10AC50006449D4255222058D701BCCF0BAF3E19ED5
:10AC600083E9F09C23518E448318E5489427E56CD2
:10AC700018028D7420CCF0FAC2380C07290EA56199
:10AC8000488AA5A41825C9908449188E599423D9B7
:10AC900030088D7521CCF0FA72308E06250A2BC94A
:10ACA0003044692D099328999228C9A2684A233D06
:10ACB0001C86008D761ECCF0FAA2412C0E521C662A
:10ACC000C31447C352AC4C611256C22C11B36C185A
:10ACD000048D771FCCF0FA72301BA2412C87D990DB
:10ACE0000C4B9E5592254B6A957148EA48360C02EA
:10ACF0008D8120CCF0FAC238D406250AA3CA30448C
:10AD0000711655D22C992AB5285AA362960D830044
:10AD10008D8525CCF0FA72301AA44189C22C4A865E
:10AD20002511A33889062919B22889B22889062550
:10AD3000D1916C18048D8A24CCF0FA42354CA2E1F2
:10AD4000A04549360C4994454929899252324449D3
:10AD500053922C5A26E9E830048D8B1FCCF0FAC2AE
:10AD6000381BA221C9C2341A9641CB93DAA0246BB6
:10AD7000524FB661D2C361088D9F1DCCF0FAC23824
:10AD8000892A43D2581BDE923469592A4B5F968E2A
:10AD90008B8E64C3208DA324CCF0BA92418D927423
:10ADA000A94CD1360C4953B4949452524AA2A432BD
:10ADB00024C9104A8A1666C3208DB31ACCF0FA86CD
:10ADC00021EDEB30E4488E4439120D629427E54CB6
:10ADD0008D07018DB423CBF0FA91688892A8256A7B
:10ADE00089862809B3244A9652922551126549A2B0
:10ADF0006489946671008DBE24CCF0FAA16C08B30E
:10AE000028CCA224CA86244AA36829D51225CA922E
:10AE1000A89644B52189226D18028DC321CCF07A01
:10AE20008650AA8C51160E599C0C431656B430C944
:10AE3000922CC9926C48B2440BD3388DCB21CCF004
:10AE4000FAD3214AB2A8D330284394674394482DBB
:10AE50005954899252A244D15449132D8DCC24CCFB
:10AE6000F0FA9170488A51528C926119A438AC243E
:10AE7000C390245A986449966449362459A2A5017E
:10AE80008DD124CCF0BAE32189A3649022311A92A7
:10AE9000258C92521225A54459A2248AA4240A93EF
:10AEA0002109D7418DDD24CCF07A866458A2248E06
:10AEB00092784872241AC4288B12258B926890923B
:10AEC000284EA23851D26D188DDF25CCF07A8664D9
:10AED000902A5954C9A22119C4288B92689012A5AE
:10AEE0009494925212D512258A36290F038DE823A5
:10AEF000CCF07A862C8C8641892AD9906461922C78
:10AF0000ED50325C6A69120D52A2266B92631100F9
:10AF10008DEA24CCF07A86288DA221AA44D970D05B
:10AF2000923CA90C51B24495A64A8B942CD9102579
:10AF300059980D018DEF25CCF0BAE32119A44A16DA
:10AF4000454A2DCAC22131266992288394445994D6
:10AF50004459942859B20D0A008DF328CCF03A8652
:10AF60002C896A49544B1229A92843A4849528C9DD
:10AF7000142519928A122651122689B244C91065E5
:10AF8000038DF522CCF03A862C896A511265C39460
:10AF90008C43560A87A4B4295BD22A2571A24CCAD5
:10AFA0002089018DFA1FCCF03A866888FA3F0D514E
:10AFB00034B525D930245B259C922C6919A26848A8
:10AFC000A3008E0A25CCF03A866418A42C898A59ED
:10AFD000940C07256A1A06252A29C341894A4A542E
:10AFE0005286281AA28A008E0C23CCF03A86308B27
:10AFF000926190B2308A86431647C3A06495E430CC
:10B0000024511225A54A654D66058E0F22CCF0FA13
:10B01000916C4894A68AD4521992A8250A136558AF
:10B020004A61521A966408136D98C3048E1E23CC8D
:10B03000F03A866818A2A25494A2E11015B36148B0
:10B04000B2A872189228C99428C9946918D22C8E73
:10B050002226CCF03A866850A25A12458312D59225
:10B06000211AB4B0920D43322415254C12254B22DF
:10B0700065CAC648018E2923CCF0FA216548862C82
:10B080004A4A4954A90C5131CD92681814314BC227
:10B0900029C99216258AE60C8E2A22CCF03A8630EF
:10B0A0008B92619092544AD2411AB41C4AA26150C8
:10B0B000B64A96742A295BB46A008E4423CCF03ACF
:10B0C000862C8C9261906A499425D1900C43D4A42B
:10B0D0006483922CBD25DD92962559E40C8E48227E
:10B0E000CCF03A86784A06454AA2482A294398660F
:10B0F000CA9064A17218922C54B250390C62018E1D
:10B100004B27CCF03A866458A2244CA26458A2245F
:10B110004C8664D872288996219932254A2A4A2673
:10B120002D4352994A028E6627CCF03A86248AA48F
:10B13000248AA46418A41C199253A5A244CB900C91
:10B14000494589962189928AA5654A16018E6C2700
:10B15000CCF03A8664484A5992484945896AC99070
:10B16000244B94E4493628C99225B541A955922922
:10B1700089B461088E6D25CCF03A86284BA22C89C3
:10B180002AC320252D8312350D839243C941A95529
:10B190006A83922C59220E0A008E7226CCF03A86CF
:10B1A000284BA26418A42C892AC341E9140D8312E8
:10B1B000A5CA7050E22889864159A2484C24008EC5
:10B1C0007F23CCF03A86308B9261909216A9521967
:10B1D000926188B2A4DBA0245B251A06252A29C324
:10B1E00073068E8125CCF03A866850A25A124583A8
:10B1F00012E5C8909C2A15254A2ACAB00C499A25FE
:10B20000D130284B8B16158E8722CCF03A86A8CBEE
:10B210003048BD0C0731C9A26150D22C3928252DE8
:10B22000A90D4AB264893828008EAB1DCCF07A7320
:10B230006818D2EA30A4956C18C4341A0E3912C5B5
:10B240005AA825919C018EAC22CCF0BAC24119D4E7
:10B25000244B934119942C490725CD92E1A046D562
:10B26000244BA5244AD230028EAF23CCF0BAB2616F
:10B270001992384AE221915A9A8624D1A2248A0648
:10B28000A551694B12354AD24819068EB21ECCF030
:10B29000BAC2211AA23E0D51974C19B2304A868388
:10B2A000164B63D245926A5A068EBA20CCF0BAD2B7
:10B2B00070892AA5A4345692614896346939289D2C
:10B2C0009464E92A2569A484028F6619CCF07A7304
:10B2D000301E1E931C89F261D0911C4C87E71CCC58
:10B2E000C1148F671ACCF0BAC2380C87250ED3244C
:10B2F0000B8725CFF22C5FC221EBE3108F6820CCA7
:10B30000F07AD2C6414AB26C588A49344849580941
:10B310002BE112455B9444B5244A52018F691CCC41
:10B32000F0BA72301B94414B8B49584986B7388C20
:10B33000B56C08E3300E33008F6C1DCCF0BAD2B67A
:10B340004119B4304DB2344986971C8906714C8638
:10B350002C4943B5048F6E1ECCF0BAD2B6414AB226
:10B36000304B4AE930C5619485493869631685597F
:10B37000940E018F6F1FCCF0BAC2380C076950C20F
:10B380004A53520AB3418BC3584AA2214BD2280BCD
:10B3900093348F701DCCF03A73643884513E0C3A6C
:10B3A000920ECFF170C892A8188A4994449A018FDE
:10B3B000741FCCF07AE230CE062DCC8641894AC388
:10B3C00010350D43D46988A221EA340C51358F7BA6
:10B3D0001DCCF0BA72301B94418DF22849A5218B07
:10B3E000B2488CB241DBB2B5D330048F7D1FCCF0B4
:10B3F000FAAA8352CDA264780AC361892A59140D2E
:10B400004A35CC86A52DCAB4240D8F7F20CCF07A86
:10B4100072291BB2410BB36150C2241A94AC9446FA
:10B4200061944D9531CA3A8509008F8320CCF0BADA
:10B43000C238CD86641892348992AC322459128570
:10B44000495809C56C2D2661A4098F851CCCF07A5A
:10B45000E224CA86B7301B06252A0D43D4340C518A
:10B46000A7E121EABF088F8624CCF07AB26148D2E6
:10B47000241AA424CB86418992CA30244D91A24437
:10B480002DD29064439446D5A8368F881DCCF03ACF
:10B49000066910A3748886340A076950F3E11AE537
:10B4A000C3A023E9F09C028F8923CCF0BAB2614893
:10B4B0001A9331CD86839426512D89062949B324C8
:10B4C00019862411A36A942311008F8A20CCF07A64
:10B4D000B261CAC26438485998948665D0D2A81A15
:10B4E0000DDB106553A7216A1A028F9020CCF07AE9
:10B4F000B26148726C500629CC92DAA00C3A140D55
:10B5000043D46978883A0D43540D8F911FCCF0BA1B
:10B51000B2416B199441CAB1241A5EB2DAA0B52DBA
:10B5200083B26552320C599E008F9323CCF07AE29D
:10B53000304DA241C9A22C59941C1A062DAA34459B
:10B540004B69482A43B4942A595489048F9522CCD4
:10B55000F07AE2301C94410BB361507228C9066541
:10B5600050B2DAA04DD290295AA2445928058F969C
:10B570001DCCF07AE2301B1EA24A3828D56C50064A
:10B580002D2D0D43B46507ADDBA0008F9725CCF0C2
:10B590007AB26148B2747848B228691A1EA2248B24
:10B5A0008621AA1487A43244499445895489B2005B
:10B5B0008F9922CCF07AB2C6281A5EB2A4A2448334
:10B5C000328C49142DA54A940D53322551162DA5C0
:10B5D0008A148F9B19CCF03A73341F0E613D0A8791
:10B5E000D71CCC9161D073300763008F9C19CBF0CE
:10B5F0003A1ED47C18C2341C863C1EAE49381CD47A
:10B600007838A7008F9E1BCCF0FAB46C1A8628AB52
:10B610000C522D4CC26878EB6DB8D506AD1B008F6F
:10B620009F22CCF07A06AD360C499664C92025518C
:10B63000D6382CC956A955926148922DAA6439185A
:10B64000018FA31ECCF07AE2341ADEC2241986A838
:10B650006918A2A6E12D0DC72C296551A467008F9A
:10B66000A822CCF07AC224CDA2685086A594D492A8
:10B67000523428C39494C2258AB661AA95C2A81AE6
:10B68000018FA924CCF07AB228CDA2685086A59863
:10B690006491140DCA306551B844D1364C59948523
:10B6A0004A944611008FAB23CCF07AC224CDA26815
:10B6B0009886A445C922291A9461AA8583148D838A
:10B6C00014495914463912018FB022CCF0BA865B66
:10B6D0000E26C390E5E0708892284EA25A1225618A
:10B6E00092A54998454996646A008FB11ECCF0BA7C
:10B6F000865B0E26C39883C3214AA22653568986A9
:10B700008398E54894631A008FB91DCCF07AD2383B
:10B710008CA36147A21C899231CAFAA9922561962D
:10B72000E448360C028FBD1ACCF07AA26190F22C5C
:10B73000CEB11CCCD6BE2569982639920D83008FD8
:10B74000BE1ECCF07AD2388CC31C19063D1CE32CEB
:10B7500049B3288CC22C49A32447B261108FC11869
:10B76000CCF07A722D1AD23A9883D9320C52DA8FF1
:10B77000498E64C3208FC218CCF07AB2614BDBC112
:10B780007C38A87D4BD2304D72241B06018FC41F1C
:10B79000CCF07AB21C8972241A8630C792415A8B37
:10B7A000711646D5281B963A920D83008FC522CC80
:10B7B000F07AA261CCA2308B7224CA91285A8631C9
:10B7C0008BC22C4AA22C93B230A923D930088FC740
:10B7D0001ECCF07AF2300E9361D0A13C8BB628CC0F
:10B7E000A2300E2B611A2639920D83008FC81DCC12
:10B7F000F07A7234190629CBC11C1C94AD4F611626
:10B8000055B224CC921CC986418FCE23CCF07A420B
:10B8100039918628C9A2308BC22C1A922CAA345591
:10B8200024254AB2244BC32447B261108FD01ECCCA
:10B83000F07A723419862CA70F4F599E256994858A
:10B84000C930647994E448360C028FD120CCF07A68
:10B85000722D1AD22807737038445918656194857F
:10B860005116266196E448360C028FD420CCF07A2B
:10B87000722D1AD2280787594BA624CAA2A418559C
:10B88000932809B3529223D930088FD81FCCF07A6D
:10B89000A26190D2620E869B12464994255116856C
:10B8A000711887699223D930088FD91BCCF0BAABB5
:10B8B000710E0F43328751354BD230CE9234CA2AA3
:10B8C0007A380C018FDB23CCF07AC228CCA2301955
:10B8D0000639CA91285A8641CAA2308BC2280B93D6
:10B8E000304B72241B06018FDC1CCCF07A72341AA8
:10B8F000B69C713868499A256996447D09973A92B1
:10B900000D83008FDD1FCCF07AD2388C9361D07319
:10B910006858C638190629CCA230298551250BB3A1
:10B9200061108FDE1CCCF0FAD372320C5296635148
:10B93000360D5B5A1906296D4CC22C1B06018FDF90
:10B940001CCCF07AC241EB7B960FCA9667511885E2
:10B95000599446499CD4916C18048FE21FCCF07A1C
:10B96000A261C8FA9E94B36819862C0AB328CCA2A7
:10B97000618BC228C9916C18048FEA1CCCF07AE262
:10B98000B46918D2A81A4543340C51FF340C513510
:10B99000A923D930088FEB1FCCF07AE2348CA36155
:10B9A0000EE33099862D0AB328CCA2618BC228C938
:10B9B000916C18048FED21CCF07AB2248E92381A53
:10B9C000D62807C36518A430CE9234CAC2248D92FB
:10B9D0001CC98621018FF01FCCF07AD2242C65611E
:10B9E0008E0C831E6E6BA68451126549540BD324B2
:10B9F00047B261108FF71DCCF07AD238896A515264
:10BA000087F2E131CED6282926512D4C932CCC86B5
:10BA1000418FF81FCCF07AB230EB291E06398AB676
:10BA2000284C8641CAA230CAC224CC921CC9864185
:10BA30008FF91ECCF07AD238AD0C839CE488922D1D
:10BA4000DD92A65A12754D2231C9916C18048FFDF2
:10BA500020CCF07AC23C1AC428CBB37C90A61C89B7
:10BA6000862D0AB328CCA2614A72241B06019000DD
:10BA700021CCF07AB2618BC22C1AE6301E9629C90D
:10BA8000A24A9445911825C54853EA48360C0290BD
:10BA90000121CCF07AB26296A4C930E4480E86CB7C
:10BAA0003048619C25699485491A2539920D830097
:10BAB00090021FCCF07A722D19D4304786410FC7FF
:10BAC000381AB628CCA2618BC228C9916C18049090
:10BAD000031DCCF07AC224CD9234E9ACE8486D5213
:10BAE000C4A45B258DBA844B1DC98641900620CC29
:10BAF000F07AB26296A4C930E839125596A8960C2D
:10BB0000439644B530CEE2A49C0D830090091FCC2F
:10BB1000F07AB2248E92381AD62807C36518A42C5E
:10BB200049B324EA4BB8D4916C1804900A20CCF0A5
:10BB30007AA221092B6116E5591E2DD3521A92A61D
:10BB40005A1865612269498E64C320900F21CCF098
:10BB50007AE22D19E2304786414D4ACBA064521259
:10BB6000D5922D0AB3246A09A56C1804901022CC32
:10BB7000F07A7234190629CCB1241A1225D12A621E
:10BB8000A2245A2989122DAC64499865C3209012C9
:10BB900022CCF07AB26296A4C930E448140FCB12DA
:10BBA000C5C93048991655122D89D2240BB361109E
:10BBB000901420CCF07AD2384BD2284BAD8334C6C7
:10BBC000C9306451528C92284B12A99223D9300863
:10BBD000901720CCF07AA2619072301AE6300E9362
:10BBE00069D87230CAC22C49936150EA48360C02B7
:10BBF000901A23CCF07AA261C82A699823C3904690
:10BC000095C39025512D19862C896A499448498EEF
:10BC100064C320901B22CCF07AC23CA90C512D4E5B
:10BC2000A2342A4DCA1025A5308BC22C0A136550A8
:10BC3000EA48360C02901D22CCF07AB2502A895183
:10BC40007D18D4284926A59648491655B2A89225AC
:10BC50004A54C9916C1804901E1DCCF07AB2618BC5
:10BC6000C22C0AE36187A7614B4BC396568641A954
:10BC700023D93008901F1FCCF07AD2783844618ED7
:10BC80000C431A550E4316C6D91A25C5246AC9C2D3
:10BC90006C180490201ECCF07AE234AA46C39AE5D0
:10BCA000C34107A3618BC22C0AB36898921CC98652
:10BCB00041902220CCF07AB21C890631CAE2644756
:10BCC0009A966491C2381AC472320C519285D93056
:10BCD00008902E21CCF07AD2381AB6304A87418F9C
:10BCE0009269D892A81625C52829268954C9916C2D
:10BCF000180490381ECCF07AC23C1BC2A83E0C69D6
:10BD000054390C5925CD925AD4255CEA48360C0298
:10BD1000903B1ECCF07AA261C8926E49D761C8D31D
:10BD20006910A32C4C5AC33892133D1B0601903C5A
:10BD300022CCF07A92E1140D6294E5838E2FC390A9
:10BD400025512D19862C896AC93044498E64C32037
:10BD5000903E20CCF07AD2384BD2284B9545DC92DD
:10BD6000A55BB2D4926EC9524B6A51A244B5611020
:10BD7000904122CCF07A722D19D424CB87414CB259
:10BD80006449062DA95592414B6A993448498E64FD
:10BD9000C320904222CCF07AB26296A4C930C8394E
:10BDA000A6254B9484599226CA9055A28A142659E6
:10BDB000980D8300904724CCF07A87294BA22C1A47
:10BDC000B62889E26119E36418A4244A4A49322456
:10BDD000511227E5241B0601904D20CCF07AE23465
:10BDE0001A86A89A0E431A4FC310254A93320C5153
:10BDF000A5A9A8D4916C1804904F22CCF07AB24136
:10BE00008CB2301AF42C1FA46DD01225CA22A516AC
:10BE100085593424519246D93008905321CCF07A78
:10BE2000C2284C86410A736898C3641AB628CCA20B
:10BE3000618BC22C1AA62447B26110905721CCF016
:10BE40007AD2381AB62889D261D0D169D8A2308B7B
:10BE500092288B9228AB684931C9864190631FCCE8
:10BE6000F07AD2381AC428A90E77741AC4280BA302
:10BE7000618BC22C1AA62447B2611090651ECCF0CB
:10BE80007AF22919A496288E927C3855936190D223
:10BE900052A76148EA48360C02906D21CCF07AC274
:10BEA000241D0E51D27518D2A4E530645116468374
:10BEB0001865613468498E64C320906E21CCF07A95
:10BEC000E234190629C9C128898783122561128D98
:10BED000490E49492D4A7A47B26110907523CCF03A
:10BEE0007AC2284C8641CA927C18D2A465D1B42467
:10BEF00059B224CD86439445599246D93008907F53
:10BF000022CCF0FA91309AC22419A6A4EB142DD1B8
:10BF1000202553B80C53520A93294BD2281B0601F3
:10BF2000908024CCF07AB2623224611225F1908C98
:10BF300051920C87A82D89A2298B92284BA2A45339
:10BF40001269C32090911ACAF17A86214BB361C855
:10BF5000D1E19255B2CA70C9A11CD19164389093B5
:10BF60001ECBF0BA87439285499426514B514AD251
:10BF7000A8A86451524BC22451A33C0490A21CCCEB
:10BF8000F07A866588FA5FB228D28641C9A2FE4956
:10BF9000895AA22CCAC2280390A322CBF13A2E437D
:10BFA00054895AA261486A51528B92681892A82506
:10BFB0006A516A49294BB24CC90090A61FCBF0BA0E
:10BFC000C2E19044C5A89844432456B2301A86244E
:10BFD0002A2A5198446916670090AA1ECCF07A86E6
:10BFE0006548A3FE25CA226D189454AA255127A599
:10BFF0001625A524CAB30C90AE22CCF0FAC2210BB0
:10C00000A3615022A9D254915A2AC3904452259236
:10C010002ACA3028AD490E660090AF21CBF07AA233
:10C020006848A296A8340C49A9A4459568882A5165
:10C030004B1429A54A344461540390B123CCF03AFF
:10C04000A52119A3248E92388986458BB224AA454E
:10C05000499445499429A5A5328439980190B51F82
:10C06000CCF03A4E43D4FF12252529AB448354C962
:10C07000A24A1629B528890629CCA20C90B921CC50
:10C08000F0BAD2211AA24A16455A251A161D694F2E
:10C09000A26458A23851E2A4342C39980190BB21F3
:10C0A000CCF0FAC221D3A22C89DA92521225525630
:10C0B000C9A1CAB04469A444499684F52C0390C12F
:10C0C00023CCF0FAC2210BA3E11055936C50342D10
:10C0D000691994A89644D1A0285196D42A69A464D9
:10C0E0000090CA21CCF0BAD2210BA36150A22E51EC
:10C0F00098487992456D4954CC942C8992AC92C958
:10C10000190090CE21CBF1BAC2E1146951344C49E7
:10C110002D92B22849062952C248CA14A594245225
:10C120001DCB0090D123CCF07AB21C89A2214AB257
:10C130002819A45A988495641892280BA34A163596
:10C1400029B528A9670090DD25CCF03AB321CCA20F
:10C150006458A2304BA2E19A444994244A94B448CA
:10C1600052122959122559548CA40C90E122CCF07A
:10C170007A0669889A8643D4251A24314DA2384A12
:10C18000062952A248895AB2214AA31A0090E726EA
:10C19000CCF07A866548C2244A8625CA91D2B06816
:10C1A00061524AA2244A4A49949412A529A92559C0
:10C1B00066C90090E824CCF0FAC2E1A04439122507
:10C1C00059946449260D4352872A8354C922A516DF
:10C1D00025D1208559940190ED22CCF0FA72641893
:10C1E000922147A2649092288BB4414A72A83248A7
:10C1F000C52C1A0665AC8A190090F424CCF0BAB2AA
:10C200006488B224AA25D17048B28A982DD1A2445C
:10C210004A27254B94284B6A95344B320090F824DA
:10C22000CCF07AB26888922C1A0625922A95614839
:10C23000A496CA3024511646C3A028599884E530E4
:10C240000390FD24CCF0FA72304A8664484A5912B1
:10C2500025C93024629A4483142951D31029514BA3
:10C260003644695403910222CCF03A9683D269484D
:10C270009628474A83A46349320C49548DA221521F
:10C28000D22889A358CB00911924CCF07A066948AA
:10C29000B2A83248B53049862151C32419862452A8
:10C2A0003A294B624D2AC390E4600691491CCCF0B8
:10C2B0003A3E463912A5C321EA5FC2498F864394AC
:10C2C00023D17088722401914B1BCCF0FAC23C0A36
:10C2D00087C7281D0E51FF124E7A341CA21C898676
:10C2E0004302914C1FCCF03A0E499A6469920D6F4B
:10C2F0004AA3D2E994A851320CA21A0E83A8460A86
:10C3000000914D23CCF03A0EC910257194C4C3207E
:10C310002A2D83D24D5AB234C98621C9D2241A0695
:10C320002552A301915222CCF07AA26190C22487B7
:10C3300092A8320C499F2A4D913455B76148B234C6
:10C34000C98621C9D200915727CCF03A0E59254B06
:10C35000B2244B9261A92889525112A5A2244A65A0
:10C360004B9461503231C9862119C6240B915A264B
:10C37000CCF03A6E61122561125586254A2AA392A5
:10C380002843224949314A92614A8A49940C43D24E
:10C39000984500915D20CCF03AEE486990927C98E7
:10C3A0009364B8245A94245AA445D93025C5241B33
:10C3B0001EC434915E23CCF03A4E6992A549960D85
:10C3C0000F4922654922654922655A940D4B294C33
:10C3D0004AC39034A601916329CCF03A2E51964479
:10C3E000B524AA0C0F49A244494589928A32245A9D
:10C3F0001225611225C31225611225C33224009132
:10C400006525CCF03A0E999444631246C31625C9AB
:10C410007049B42849245B9228C3102562960C43C6
:10C4200016855904916A24CCF03A0E499A644394D3
:10C43000449561515AB42849A4A445C90E0F492610
:10C4400026D93024C3986401916C29CCF03A2E5936
:10C450009444492989926418928A9228C3920C497B
:10C46000A2244A654B2AC39054C4A4320C494514F3
:10C4700003916E20CCF03A3E25C528290E0F4AA321
:10C48000521912259992314A8683A286C320AA990D
:10C4900000917120CCF0FA8A4A36649294282535AE
:10C4A0000B87C7281D0E5192459172CA9168382496
:10C4B00000917524CCF03A4E69920C539225C9F044
:10C4C0009024529624C32551A24493A2E121CCA2E8
:10C4D000618BC2480291761FCCF03A2E71120D5238
:10C4E000521D9621E9FFCB700893CA30248DC343B7
:10C4F00098849104917723CCF03A6E6112256112F1
:10C500000D4F95448B9264B824B2960C0725139373
:10C510006C1892614CB200917824CCF03A4E6912BA
:10C520006551920C4F498B9229C9122989B46889A7
:10C53000920C43D29845C39414932C917F21CCF054
:10C540003A4E69920C5A524B8683D22D691994CA7D
:10C55000128D496518A26A140D976A18918722CC2A
:10C56000F03A4E69920C5312558665482A72920C25
:10C5700097444CB4D2F01066D1B045612401918942
:10C5800023CCF03A4E69920C53125586254A2A4A1A
:10C590009454164BA2455A697808B368D8A2308BD8
:10C5A00000918B25CCF03A4E499664499624C353AA
:10C5B000D2325C1239499461C8926C1892614CB2C3
:10C5C00061488631C902919226CCF03A2E83944478
:10C5D000599444C341C99444199644292589320C7D
:10C5E00099140DCB3066D1B045E13004919A25CC39
:10C5F000F03A06B1943465C9418C9264B834458AE6
:10C600001229599228C3A24459124583A24499344D
:10C6100004919B25CCF03A2E519624C39444956105
:10C620009292448992CAA824CA3064A56119C62C82
:10C630001AB6281C860091C718CBF0FAA76147C22A
:10C640002CAA6639920E07714FAA51AD361691C9C0
:10C6500020CCF0FAB46CCD925A380D07A5544BA2F9
:10C66000641A16A549E9A46449541BA62C0C91CA66
:10C670001CCCF0FA9441D92A4D49761A864C4AC30B
:10C68000699094AC120D8392F60691CC19CBF17A95
:10C69000865356CA4AC3292B65A5E11C0FE71C4BDC
:10C6A00087830091CD19CBF0FAB56187D2E12035AF
:10C6B0000E43181587218F87733A1C0491CE20CC26
:10C6C000F03A066518926AD294448356A90C4352F4
:10C6D0004B92414B6B839656B74CD50091CF1FCCF4
:10C6E000F0BA86418CB2308BA2E1298BC26110B3C3
:10C6F000281C061DC9874147D2E10191D11ECCF00B
:10C700007A7330C7921CC9E254520649CD9161C870
:10C71000911C89CA497138280091DC19CBF0FAAA1A
:10C720002525AAEA48A4ADD330E4F1708BAA496D5F
:10C73000380892741DCBF0FAA2308A86A9182551C8
:10C740004B9626B1262983A2C6C331A90D070194B1
:10C75000881ACCF07AE2300E87AC9E0DC93044695D
:10C760003668692F592AA6350094891DCCF07A7253
:10C77000301C96218C72241AC4723488E5300E93D2
:10C7800030D49230CD00948E1ACCF07A72240A877D
:10C790006CC8EAD9A0A5D970D0D25EB2544C6B0057
:10C7A000949224CCF07AC2210BA36C48A26A140D97
:10C7B0008A126689342851984561168549298994D9
:10C7C0002C89927094931CCCF07AD2D6211AD67010
:10C7D00098A3301BB6A81AD5912889233D8A150045
:10C7E00094991FCCF07AC26189C321AB26C3A59A64
:10C7F00025D9A00C538E4439122571A447B1029457
:10C800009D1CCCF07AE2300E87F76C50DA2A954105
:10C8100069CB062DAD64512446D521949E1CCCF0E5
:10C820007AE2300E872CA926D1B094BA0D5A5AAAB2
:10C830006749188A693402949F1BCCF07AE2300E63
:10C8400087AC383C443D0D43D4340C515AC9523165
:10C85000AD0194A01ECCF07AE2300E87C7281A866C
:10C86000A8A761489A222989AA51A2464A1AD50640
:10C8700094A121CCF07AC2410AB36848B2244D2A6F
:10C8800083D256A90C4A5BA556A92551124A5929AB
:10C890000D94A223CCF07AC261092B431225AA92EF
:10C8A0000C4BA99644C352AA29A52C4AA2A4184904
:10C8B0006194450394A520CBF07AC24109B3644842
:10C8C00032753824599465C3324859292B25B54807
:10C8D0004A4AB50494A61BCCF07AD2D6211AD67057
:10C8E00058DAD2B6414BC3244CA22494B2521A94C3
:10C8F000A71ECCF07AD2623C24C39086C3944569CB
:10C9000034CC51AA4499162571A447B10294A822A7
:10C91000CCF07AE2301CA421C992344B0625D2AA6D
:10C9200083324C3912E54894244312E951AC009407
:10C93000A920CCF07AC2388C876418C27498B228C7
:10C94000CC86298BB22889B2614AE2488F6205946D
:10C95000AE22CCF07A72301CA421AAC4513248B560
:10C96000304A0665D0C2280BA32C896A5A9445C365
:10C970001094B11FCCF07AD2244BA36888A2719096
:10C9800006290EA3E1B116A5499664A29694224DFC
:10C9900094B31BCCF07AC22C0AB36878CD9241C90B
:10C9A000BA0CCAA0F54B2D9306AD0594B51ACCF080
:10C9B0007AE2300E87AC38BCA5E134286D51D74AF5
:10C9C0003268625A0394BB1DCCF07AE2300E87AC19
:10C9D0003EDCD2DAA00C531646591825C5481AA6D3
:10C9E0002C0C94BE1CCCF07AB26148B2A8324891AB
:10C9F000383C443D0D0F51AF952C15D31A0094C00F
:10CA00001ACCF07AE2300E87AC383C443D0D0F5121
:10CA1000FF2295946188AA0194C11DCCF07AE2B0FE
:10CA2000120E492D1D94614A9B86B7344CC2244A8C
:10CA300042292BA50194C221CCF07AE2300E876402
:10CA400018D27058C2280B876598B230CAC22829FC
:10CA500046D23065610094C31ECCF07AE2304DB20C
:10CA600021C992301DA638CD0665D0F22C0E934810
:10CA700055C3380294C51DCCF07AC2210BA36C4873
:10CA8000A26A140D4A34950765D0FAA5964983D653
:10CA90000294C622CCF07AD29AB40C5A222695611E
:10CAA000489A2A9561489AA2A554694AA264928A32
:10CAB00051160194DC20CCF07AB26148B23419549A
:10CAC00031390C6954390C495365892A4D891A2921
:10CAD00069541B94DD22CCF07AD2214AA368882ABB
:10CAE00071940CD290E5D0A00C531646591825C568
:10CAF000481AA62C0C94E11FCCF03AA24193B26CD8
:10CB0000505AA4A46550FA9741E97F4BBAA58952BF
:10CB10004C6A910094E320CCF07AC224AC84433276
:10CB20000C61940D5A1A0D4F4958092B6112252595
:10CB3000A912D50694EC20CCF07AD2E2200D4996C9
:10CB4000844969D0D2308906252B0D4394B5D4325F
:10CB500069D05A0094ED21CCF07AD2EAA00C499623
:10CB6000A452324C629A0D529C0D53258B92288B05
:10CB7000B4410AB30094F01ECCF07AD2723824C3C8
:10CB80001047C9A084512D19A6240CD5962809A5B3
:10CB9000AC940694F11FCCF07AD2723824C390671B
:10CBA00083146749342C6D9114665198D43249CA64
:10CBB0008A0194F21ECCF07AE2301C9621CAF42449
:10CBC000199461CAD241C9B33CCB93BA9223750080
:10CBD00094F620CCF07AB261CAC26810937058867D
:10CBE000318B8665987AC9A2484CB4502965911852
:10CBF00094F81ECCF07AE2301B8664C8AAC3418A3E
:10CC0000A3E1252B0D4394B54435398B150094FAD7
:10CC10001BCCF07A622D4EA2E13D1B9E9A8687A81E
:10CC2000A7618812A9A4441D0594FE20CCF07AE2E5
:10CC3000304A866529C649344883548B862D8C92A8
:10CC400041AA8551162E793808950021CCF07AB288
:10CC5000A81226A521AB0E07258CB2E1A08451367F
:10CC60004C591825C5480AA32C13950122CCF07AFB
:10CC7000B2A81226A521AB0E07258CB2241A965213
:10CC80002D896A4954899250CA4A6900950422CC78
:10CC9000F07AF22C5BB2412985C9F090942A956113
:10CCA000489AA2A554694A942665888A89029505FE
:10CCB0001ECCF07AC2410AB36848B2241D94414B9D
:10CCC000A3E121EA2F4DC9262969541495081ECCE9
:10CCD000F07A72293C64C5E1A52D2A0DCBA08549C7
:10CCE000589992288BA430AA2900950B20CCF07A71
:10CCF000D2EA100D8994E4D220D522251A96414B10
:10CD00006B839664A9320C519A01950C1DCCF07A74
:10CD1000E2301B8664C8D32C19A4248C86B7B46D6A
:10CD2000D0922C15D31A00951021CCF07AC22C4A3F
:10CD3000A36808A3743828619485C3324C611256E5
:10CD4000C2244A4A5225AA0D951121CCF07AC22C50
:10CD50004A936C4886218F866598B2241B94614A59
:10CD6000A3A25469919428AD01951720CCF07AE2E2
:10CD7000308E922119943C4986A7301C94418BB483
:10CD8000DAA025B54C1AB41600951922CCF07AD247
:10CD9000244B936C4806254EB2214AC26818A21C47
:10CDA0001A9441EB920C9A94D50605951A1ECCF074
:10CDB0007AD2244B936C784EA24187A2E1216A1A61
:10CDC00086A817A9A40C43540D952123CCF07AC250
:10CDD000410AB368480625CD924119B4301C9461CC
:10CDE000AA346551122552492B659102952320CC16
:10CDF000F07AB26148B2A465502AE2F01487C321E8
:10CE0000C94A4994A56292A55A1CA90095241DCC33
:10CE1000F07A72293C64C5E1A52D1A5EDA2AB5685C
:10CE200018A2244BC5341B1400952520CCF07A524F
:10CE3000B1940DAF513428C39445D1A04461364C10
:10CE4000591426A5501AA62C05952621CCF07AE275
:10CE5000301CA421C99274500625AB0DCAA0A5D1DF
:10CE60003044BD4825254AA43403952822CCF07AC5
:10CE7000523153C2411AC4281A2EA54A69588A5100
:10CE8000528C926262C9945A94445900952D1FCCD9
:10CE9000F07AD272383CA6C33268693628D52C198C
:10CEA000A22C499325551235C98600952E23CCF026
:10CEB0007AF22C1A0665AA88C970C992281A5EA24D
:10CEC000301BA6A41446C920295298448300952FEC
:10CED00020CCF07AC261092B4312AAC34189C26CEB
:10CEE000382851980D53258B2A597490C22C9530AF
:10CEF0001ECCF07AB261CAB3212B0E6F696DD0D20D
:10CF00006818A24A53A234299D926110953922CC07
:10CF1000F07AC2288BB46C69D186441992B6A621E6
:10CF200091B248A995922829259194443531953B91
:10CF300025CCF07AC241CAA2241AA4A43824C3A0E2
:10CF400023D1F010255954C992294CB45089922C00
:10CF50004AB200954022CCF07AE2301B8664504AF7
:10CF6000E1F09014A3641A76244A862C4A8A8994A4
:10CF70002A8D492D01954120CCF07AC22C4A936C20
:10CF8000488621CF0665D0D26C784A4BC310255114
:10CF9000124A59290D954720CCF07AE2301B86645D
:10CFA000C8AA833228596D500625AB0D5A97619057
:10CFB000B4248C3401954A22CCF07AB26148C2285C
:10CFC0001B92214AA36878CA936150A6308B2A4DE0
:10CFD000492D533A255914954D20CCF07AE2301C56
:10CFE000A421C99274500625AB0DCAA064B5414B6B
:10CFF0002BC32049492D6A955020CCF07AE2301B92
:10D000008664C8D3411994AC3628C35335AA2C5131
:10D01000A23429C9121505955120CCF07AE2301BB3
:10D02000866448B2244EA2E1A9697888C2381CB24D
:10D0300024AA4959299200955C20CCF07AE2301B51
:10D0400086648892281CDEA16C500625AB0D5A9789
:10D0500064D0B4A414490395631FCCF07AE2301B6A
:10D06000866450946A140D4F59655006ADDBA025B7
:10D07000DD94A8258B02956D20CCF07AB26148E250
:10D0800070788CA261698B4AC30E45C310F5320CCF
:10D090009212350D4300957022CCF07AE2301B8657
:10D0A00064504AE1F0903445C343D2140D435429EF
:10D0B0002689122A152D4C0A957623CCF07AE23077
:10D0C0001B8664502AE2320C521246C3531246C3E6
:10D0D0001065495429695252CBB400957F1ACCF09F
:10D0E000FAD2629CE5518E94878398E4501DC9F270
:10D0F000304EB2D40095E819CAF13A722C1A76482B
:10D1000047744447744447744447E4444F0095EAE5
:10D110001ACAF17AA2618A75440BB5500BA5245343
:10D12000B2684D744447E40195ED18CAF13AA26122
:10D1300048723113B3E122664E49A644D996B90B21
:10D1400095EE1ACAF17AA2618A754447A421924ADF
:10D1500052491A22A9A4233AA20B95EF1DCBF07ACB
:10D16000A26188721D52064DAA49356958F44419C6
:10D17000A2444FC449470495F01CCBF07AA26188C1
:10D18000721D9206490CC5501A24311443651812B9
:10D190001DD20795F21ECBF07AA26188723114433A
:10D1A00065181231D43629292951450CC528D19149
:10D1B0000495F420CBF07AA26188721D920649CAC8
:10D1C00022298BA44192B248CA226990F4444712A2
:10D1D0000095F71CCBF07A7230190625174335D32A
:10D1E000928A525C4AD15412271DD2110195F8211E
:10D1F000CBF07AA26188721D52862151A28A320C2C
:10D2000089125594614894A8228662A8230295F950
:10D210001FCBF07AA26188722D1543651812315424
:10D22000862151A28A1255942831863A2295FA1EF7
:10D23000CBF07AA2618872319406490C956148C49A
:10D24000501A2431548621D1211D1195FB20CBF099
:10D250007A723019061D52862191B2481A24298B00
:10D26000A441923245192639D2110195FD20CBF007
:10D27000BAA2618BC550198644892A4A5451862125
:10D280001193484C2C8392E8908E08960020CBF0A6
:10D290007AA26188724D949292944489320CC95258
:10D2A000949292549392922DD19104960120CBF0B6
:10D2B0007AA2618892541B2253A4B4699B9445CAF4
:10D2C0003024521649832465918E08960221CBF0B2
:10D2D0007AA2618892540C956148B454AA29439467
:10D2E0006851A448999844CA14E98800960521CB4E
:10D2F000F07AA2618872298BB424930649CA226904
:10D3000090B424D3928A54499450D11101960921A2
:10D31000CBF07AA26188723154862191B248198685
:10D3200064699906494A4AD2208951220E03960E11
:10D3300020CBF07AA26188722DD58648CA2225CBEF
:10D34000246551D244B92869A20C43A22302961045
:10D3500023CBF07AA26188D244CA2265181225AA8A
:10D3600028C3902851451986440C956148C45047FC
:10D3700004961121CBF07AA261888ACA302462A86F
:10D380000C43A27451A28A320C89B6494949892AB0
:10D390003A22961422CBF07AA26188722554A444D2
:10D3A0001B33251914A9A62483322459A22483A24D
:10D3B000D4121D11961C19CCF07A736418C4381C51
:10D3C000063107875B9E0DF77478CEC114961F2136
:10D3D000CCF03A862C8CB230CAC2240CD530094B22
:10D3E00059185532254AB224CAA22C4DA23C962E79
:10D3F0001FCCF03A866850A21C8972A40E69C3A0A3
:10D400006451FFA4442D59948859A2850396322271
:10D41000CCF03A862C8CC22C1A0E49968A69920D51
:10D420004A544BA25AA2149352986495521A0196E8
:10D430003321CBF13A866418A22494925089C22DEC
:10D4400054A2618892504AC2A5A844A1380C610137
:10D45000963420CBF03A8668986A524DC98621CC22
:10D46000942C93A261AA2D51A6649918255A98006C
:10D47000963523CCF03A862C8CB2304A8641C9923C
:10D480004C4CB2241A0629CCA23053926150D22CB3
:10D49000CFF20C963620CCF03A862C8CB230AA64AF
:10D4A00049944552BA6451FFA4442D5116855994AC
:10D4B000851100963B23CCF03A866850A25A12D5CB
:10D4C000925A451C945A25AA255134284A9425B5C8
:10D4D0004A9A25E13004963F25CCF03A866418A498
:10D4E00038A927A52169AA9492282925519228C9EB
:10D4F000903455EA509243498E280096401FCCF054
:10D500003A862C8CC22C4A864189D2314DB24AD4FB
:10D51000D3A6446992856A280F02964426CCF03A35
:10D5200086284BA25A122561521A4E62524AA224F0
:10D530004AA2A4944449A21493529884953053006B
:10D54000964521CCF03A866850A21CA943DA3028CF
:10D550006916559A2A15A5142951492BA9491687E8
:10D5600000964622CCF03A86308BC22C4A8641493E
:10D5700033394B92E114665112454B2952A292382D
:10D580000C621A964722CCF03A86288DFA96548679
:10D5900043986449966451A5A95251A2444AA29263
:10D5A00098485A120D964823CCF03A862C8CB2300B
:10D5B0004A8641C9924C4CB2241A0629CCA24AA6EA
:10D5C0004449A79256923500964B25CCF03A86688E
:10D5D00018A234AA4649940C4396549428A9484961
:10D5E000A24C496D6953A22413E3701802964C2192
:10D5F000CCF03A866418A4308BC22C09436D189481
:10D60000289592544A864B5589527118C434964DC8
:10D6100023CCF03A86288DA2418992A624CDD42429
:10D620004AB2A4291906A99229A52C898641CFF2CC
:10D630000C965025CCF03A866458A2244CA264582B
:10D640004A61A285496958A2A4182551B49492A6AA
:10D65000A4146A499806965523CCF03A86308BC2BA
:10D660002C49864316454A963455A4683828619655
:10D6700084491427519A25991A965B24CCF03A864E
:10D6800024CAA2248AA464584AA52D91944819A4B6
:10D690001C89C24C4986A59AE559360C029661232D
:10D6A000CCF03A86308BA24189C22C49336D189454
:10D6B000348BC22C4AA26129654954ABD4A26C10A8
:10D6C000966223CCF03A86288DB2301A0E4935D1B5
:10D6D0000629C9A1683844954C89922CC992488C76
:10D6E000222D1C966420CCF03A86308BB2246A4BF3
:10D6F0004AE93828D52C4A86410A33254A3A95B456
:10D7000092AC01966825CCF03A866850A25A124530
:10D71000835287B46150A2544AA2484AA26829455C
:10D720004A9494D22C09D300966924CCF03A8630DE
:10D730008BC22CCA9228C92A5AAA648312E548943B
:10D740009412254ABA25ED48940D8300966A22CC9E
:10D75000F0FAC321CCA2641894ACA22651920CA773
:10D760001C89A24151A22CA955D24149B3049675F6
:10D7700025CCF03A862C8C926189B23049864318C8
:10D7800055A2244A226991122952A2244BC26A92BC
:10D79000651600967623CCF03A86248E926190929C
:10D7A00054693C244A946452322852962D5D946800
:10D7B00050744C471400967722CCF03A862C8CB2E9
:10D7C00021896A49298BA4AC122D4394A452922E2C
:10D7D000C92189527118C434968525CCF03A8664E3
:10D7E00018A4248AA4641894A8B40D8392665132B4
:10D7F0000C5212454B2959A24111533114968622DD
:10D80000CCF03A86288DA2418992525295446909FA
:10D81000A74A9445C970D12AD1B0E459360C029672
:10D820008B25CCF03A862C8C926190AA49360C5A02
:10D830009425D13048B5248A064589B2A436286992
:10D8400096A49102968F29CCF03A86308B94614849
:10D85000A2241407A5A244499424431225A544A94F
:10D860000C492989923049942C49A36C1096902434
:10D87000CCF03A8668882A511625C3524FB461A964
:10D880002751322C51162AA5A4A7444BA2441D228D
:10D8900000969424CCF03A866418A41C89A241A96D
:10D8A00055C441A9439561909296A51429D1308819
:10D8B0005124468900969824CCF03AA62C4AB224EA
:10D8C0004B72481A86A496644994454935A90C437D
:10D8D0002225DD926E49A7E100969926CCF03A8682
:10D8E000308B2A4D491429C930245A989486254AE8
:10D8F000C2244A864509B3244B1AA3488BA4009638
:10D900009C22CCF03A86308B926190BA24C321CC11
:10D9100092DAA044B5248A064509B32419EE599E2B
:10D920000196A724CCF03A862C93C2A4A40C4312EF
:10D9300095D644A92C52A5A24449A42C5D942892C2
:10D94000B2248DB24196B61CCBF07AE361D0A368C5
:10D9500038A851360C5A9BA2C44A9C44D194892AB7
:10D960000096BE20CCF0FAC52189E26418A72C4AA3
:10D97000A23049862DAA46C39494B22889AAC39C92
:10D980000296C01ACBF07AA330CAA22C89D41C51BB
:10D99000D2E12D1E06AD3C0C5A793896C126CCF04A
:10D9A000BA8643548993280993649896284CA630E4
:10D9B000498629296551322C51126551320C5992F0
:10D9C0000296C420CCF0FA32392A0D4F591446522F
:10D9D0009644C352EA340C49168549291B92614E7C
:10D9E0000196C522CCF03A06498E6A49342C152995
:10D9F0001A94288D8649AA25D13044AD512D8986A7
:10DA0000294B0196C61ECCF03A931CC9E2E194441E
:10DA100039320C629423C32046E9F09894A39A9675
:10DA20000996C71DCCF0BAF3E19667C32DAA46C389
:10DA30001025593ADC922C4D8621AAD5864196CCE8
:10DA400023CCF0BA92484D4A61920C43924C9525F2
:10DA5000AA54862169AA54862169AA0C52240E73FD
:10DA60000A96CD1ECBF07AD3E12085B5A865B848DB
:10DA700059920CCA9044693268512D1B8630059624
:10DA8000CF23CCF0BA42358BC265582A52258BB2CF
:10DA90002119C624CA86641893284EA26C48863180
:10DAA000490196D525CCF03A0649AB4495CAF01009
:10DAB000552AC341896A49140DCA30284A140D4AAF
:10DAC000544B862152520096E819CBF03A1ED41CD2
:10DAD0008B8753564A3A459E2A9DB25256CA220512
:10DAE00096EA19CBF07A86733ABC4415292975C792
:10DAF000873B960D838E45C30596F61ACBF07A8642
:10DB0000733A3C252525AAA4F932699934EC508E44
:10DB1000E8600896F71ACBF07A86733A3C868A92C8
:10DB200028693C9CB2D270CA4AC3294F0096F92199
:10DB3000CCF07A86431C0F0F5112454A9485C3A03E
:10DB4000E551324861168583A24439920D0796FE4D
:10DB50001DCCF07A867B3C3C44494D892AD93068FB
:10DB6000623E6C53360D831C669B0697001ACBF001
:10DB70007A86733ABC44152929751A0E623E9C2A8E
:10DB8000514B54560097041DCBF07A86733A3C25CE
:10DB90002525AA64497518C2341C86300D87210CCE
:10DBA000250097071DCBF07A86733ABC444924259B
:10DBB00051920CA71C1B4E49398992A856D2069740
:10DBC000091CCBF07A86733A3C252525AA44C34527
:10DBD0002A46A5E120350E838E6400970D1ACBF0FE
:10DBE0007A86733A3C252525AA44C3294B874B2DB9
:10DBF0001E06AD3C1C97131DCBF07A86733A3C256C
:10DC00002525AA24D310E5D1900C511E0DC7281B41
:10DC1000B24197161BCBF07A86733A3C252525AA8C
:10DC200064B54119B4EAB2253D6551560A971C22E4
:10DC3000CCF0BA867B3C1C94282925A54A960DD1A8
:10DC4000A044613664534B6548A2A414664302970E
:10DC50001E22CCF07A867B3C3C4449291A92218BC7
:10DC6000C26C48862C078764C8C2281B22319314D3
:10DC700000973222CCF0BA867B3A3C6449496A4923
:10DC80008668882A5234646A64490E519245C920D4
:10DC90000D0900973823CCF0BA867B3C1C942829C8
:10DCA00025A54A321CB22889A24119A2A429190E1D
:10DCB00062168551A400973922CCF07A86431C0F56
:10DCC0000F515253A24A342483D4920D59980D43D4
:10DCD000326495CAA0245B06975219CCF07AF3E11E
:10DCE00010E7C830E8F1F016C6C31CC6C31CC699BD
:10DCF00006975621CCF07AE2341A8628CD86839A8C
:10DD0000D5864189922C4AA2418CB26C191431CB30
:10DD10002305975923CCF0FAC26C588630AA0D59C6
:10DD20001C0DCA3025516558862C892A83346461BC
:10DD3000948589A401975B24CCF0FAC27090E268C4
:10DD4000588631CB866418A22CAA6443942C5125A2
:10DD50001BA2248B92444BB601975E21CCF03AA3D0
:10DD60001C89C2411AC42847A274888634CA9128E3
:10DD70001CA4418C7224CA91280497601ECBF0BA6F
:10DD8000EAC32065E97090D2308D868398A443322F
:10DD9000A449382883988400976123CCF0BAE3E142
:10DDA000A04461361CA262964C9392289541199426
:10DDB0002C49934312266132248300976219CCF0D8
:10DDC0003A3EE7583E1CA29E86A8FF34443D0D878C
:10DDD0002847120097691BCCF0FAC26C3888E561BD
:10DDE00047726418C4280B87418F87D71C8C019712
:10DDF0007322CCF0BA9274784CA278CAB3411994C9
:10DE0000A8D2140D4A146651322C5118656112269D
:10DE100000977424CCF0BA924C1A06254CA2245CCC
:10DE200094344B2A83924849651B946A9644C3A054
:10DE3000D42AB5CA00977620CCF0BA926878484ABE
:10DE4000499494A6A456A90CCAA0744B0625CFC227
:10DE500061D07A1C02978B1DCBF07A8AD1A055A293
:10DE60004119ABD1A00C4B2D1AB4301B0E5998861A
:10DE7000D130978D22CCF07A8AD9A00C4B294CA6B0
:10DE800024AA6683320C49A93248B5304A064D4C63
:10DE9000932CD302979821CCF07AAAD1A044495B65
:10DEA00022AD61361C9450A90C07258CB2E1A084E8
:10DEB000511646592697A01FCCF07A4AE9A0C449CA
:10DEC000342C4BD49628C364A90C072D2A2EC35298
:10DED000917A5D0097AD24CCF07AEAC8A00C4BA9EA
:10DEE000B60C439445C9B00C43D2940CCB30655169
:10DEF0003428439825B54C0B97E618CBF07A732C51
:10DF00001D0E6A3C9CD3E1A0866998866924A7000F
:10DF100097E724CCF0BA72689006294EA23819A669
:10DF2000A41426C9B04449948449946451B445C5A5
:10DF30002CCA220597E91DCCF0BAD26C508629CDA7
:10DF400006AD655006AD363C6451351AB6444ADB21
:10DF50000097ED1ECBF0FAA23C0A8768D0A23C0ADB
:10DF6000876808A33C0A8768D0A23C0A8783009789
:10DF7000F31ACCF07AF3E110D6A37078C787418CFE
:10DF8000C36110E37018C4380297F524CCF0FA8A04
:10DF9000C39266C92025C56148B21C8992414DB221
:10DFA000484986214BB23419D424CB140097F62467
:10DFB000CCF0FAA2E1A992452D59340C4973160D03
:10DFC000CAA06449960C4A966449960CCAA0644952
:10DFD0001698751ACBF03A1ED41CCA916108D3303A
:10DFE0002A46C5A81895133994E40498761BCBF0FB
:10DFF0007A87831656A3612A4695A8256A895AA26C
:10E00000A29464512D0C98771ECBF07A87218FE271
:10E010002C1C0E492826919844525252A2245A751B
:10E02000244AC50098791FCCF07A87B7348CA36155
:10E030008BC22CAA6451251BA224D1A22447EA48F2
:10E0400096AA01987A1BCCF07AB26450DA2AA530ED
:10E05000A90C4AB7A4FFFFFFA7304A8A4916987B4C
:10E0600020CCF03A87214BC3340C872D0AA32C898E
:10E07000923089C2A494454954D5D2281605987D7A
:10E080001ECCF07A8664D8A11CCB86A7A418254D97
:10E0900095A64A53A5A92269514B2806987E1CCC07
:10E0A000F07A066550F22C0E9383D22DE9FF65E9D4
:10E0B0002DE929294999540C987F1ECCF0BAA26108
:10E0C00088D26C90E26C50BA257D1994B64A2DE93D
:10E0D000A62561291603988125CCF07A6A831285DA
:10E0E00059941593614CB2648892521225A5244A22
:10E0F0004A499434559AB2A4A46801988220CCF07D
:10E10000FA9261488AA56A940C4A494B6A49AD5211
:10E11000AA34254ACB92E558926B0298841ECCF023
:10E120003A0665108B629C0DCAA064956E955AA53F
:10E1300056A9556A6192499A0098851FCCF0FAB2A7
:10E1400041DBD2301C9441C9922C19946E49D7A45A
:10E1500035694DB238A96A01988621CCF0FAA261DE
:10E160004BC3244BA364506A9916259541694D9A77
:10E170009228A9A57196A48916988721CCF0FA72E5
:10E18000301B9441AB5406A55619946E498B947478
:10E190009192A62C292535250B03988820CBF03A9F
:10E1A000066510B3344BA54189924C4D926169CA02
:10E1B0009252969496D298C45A00988A20CCF0FA3B
:10E1C000B2414BA3618AB341E9164D49325C6A956D
:10E1D0005AA59444495B9454B500989026CCF03AE3
:10E1E0002EC39446C52C19926189924C89928A1249
:10E1F000251565482A529624529644C394E45A0041
:10E2000098911DCCF0FAB241A966C91426D9705074
:10E21000B296FE5F2429A955C23449442D98931F14
:10E22000CBF03A934119DB066590A42C515A942CFB
:10E23000A94C49A7A445A9255952D40298961FCCA8
:10E24000F03A2265B866A57448063D4B06A5AD5266
:10E250001994B64A694BA2A4AD9406989722CBF0C4
:10E260003A0665586AD1206549653824599425C90C
:10E27000B0346549654A12A563258BB4009898258A
:10E28000CCF0BA8664906AE1900C52258B86A43D4E
:10E29000A90C43524AA2A49428C5244BA244CAB450
:10E2A0006110989C20CCF0FAB24119B430C9E26CEC
:10E2B0005006254BA24A654B9A2A952D696BCA9246
:10E2C0008A56989D23CCF0FAB2E1A99225E9900CE8
:10E2D0008A94649994942A2DC390244A9434558A3C
:10E2E000439464D11698A024CCF0FAB24119B43406
:10E2F0000C076550B2244B06A55BD23228DD92CACA
:10E300003024C5244BA22CC90298A424CCF0FAB224
:10E31000E1A04549544B866418936C18924E95CAF7
:10E3200010254D95CA1025399624C3920598A72427
:10E33000CCF0BA9268780A932C5B864B291B922109
:10E34000E99624C390F4965406A5968449340C5952
:10E350000098CE20CCF0BA86418CC34A9844491824
:10E3600025C52C0AB3288C92621225619CD4911D7C
:10E370000B98D823CCF03A1EB4A4960C4396745252
:10E380008641D193D290B427956150A444C9922874
:10E390000925250D98DE1ABCF03A0E3998E5518E04
:10E3A000D4A11DAA23598EE4609623510E0D98DF47
:10E3B0001BCCF07A75A89E44691645CAB068613CCA
:10E3C000CC613C2C6154CD6471991020CCF0FA964C
:10E3D000412926D1104615A59644D932ACA2A40CE9
:10E3E0008B16C6C39C25E93404996522CCF07AC209
:10E3F000210BA36C48A22C4AA26A54C9A2308BC23A
:10E400002C0A93522855A25A128603996D22CCF0F9
:10E410007A724409876C48E22849D36148322DCA90
:10E4200092A896D49292A664615449132D996E1ABB
:10E43000CCF07AC2388C876458A22414A3A4A9DA39
:10E440002F51124A59450D996F1FCCF07A52314D18
:10E45000B221EA320C719884C9140D69A9922599E8
:10E460009A4469A26E01997023CCF07AC2388C87E5
:10E47000645822294B8721C992A89644B524AA340E
:10E48000455212D59244473200997123CCF07AC29A
:10E49000388C8764582255A90C899245499445497E
:10E4A000940D499465525297C2281C04997224CC49
:10E4B000F07AC261C9A16488932819121D53B22150
:10E4C00089B22889B22889B22189925212E9512E43
:10E4D00099751FCCF07AB26148C22C1A922CAA0C02
:10E4E0004A9A25B5B641EB52939461CB73300199AA
:10E4F000761FCCF07AC2384C866418A22E514D5249
:10E500002269CAC16818A2A4554AA2DEC401997A38
:10E510001DCCF07AD2723824C312B5A4A112855949
:10E5200098849530C9522D09B3AA1A997C22CCF04F
:10E530007AC22C4AA36888922C4A86218E926294D1
:10E5400045C3108551964435292B856905997F234C
:10E55000CCF07AF22C4DA4614A4A49541C06258B12
:10E56000C22C4AA268292525AD9444529248D1165E
:10E57000998120CCF07A72291BA264509328E99AE1
:10E5800064491847C31065519894424D0D93781310
:10E5900099851FCCF07AD2EA100D4916455A148796
:10E5A00049244DD5A81A2543322969140D435A9997
:10E5B000861ECCF07AE2301B86645093281994347E
:10E5C0004B6A6D83564F924193B2EE830299881D38
:10E5D000CCF07AE2301CA421698A863B986483D609
:10E5E0004B2DE92625B530C93501998B1FCCF07A22
:10E5F000D2E2200D499445C3318A946818A23009AB
:10E60000B3684AAC7128ADB102998F1ECCF07AD2B2
:10E610009A322483D27F5322258CB26818A25E8658
:10E620004152A2A661480B999223CCF07AC2410ACA
:10E63000B3684806A99225E1302851D2140D4394BD
:10E64000834932685A12A639320999961CCCF0BA1D
:10E65000E234CC86D71C1906310E87418CC3611079
:10E66000E37018C4380299991CCBF0FAB56187D2CF
:10E67000E1A025D5A8365CAA49340C611A0E43984E
:10E6800046009A6C19CBF03ADEB1344CB3344C8767
:10E690003B9663C329C7F2248722009A6D1DCCF0F4
:10E6A0003A061D4C06A9FFD3A0447112654A648B3B
:10E6B00072241293A81885019A6E21CCF03A062D87
:10E6C000CFC2280BA36458A22C1CA41C895225CAB3
:10E6D000B4A49E14935A98A4019A6F1FCCF03A06E2
:10E6E000290BA3A4A9D25469AA5406A53569525A84
:10E6F000B6A435694A8A591E9A7023CCF03A8630FE
:10E700000E2B511225A564484A533224A5302945C1
:10E710004B8B94D493304A8A5936089A7123CCF0A3
:10E720003A8668D8A23889C2A4A425A5A434245165
:10E730009C64D9122553520A933CA923D1309A7371
:10E7400024CCF03A8644123331C9922C49B428C9FA
:10E75000A121C9D224CBA624922A719626519226B1
:10E760009A009A7421CCF03A86304EB3241A96520D
:10E770009894C26448863109A32595921C4AF2A454
:10E780008E94019A7623CCF03A06310EB32819966E
:10E79000288992521225C97050B350C9222DA94719
:10E7A0006912256994099A7922CCF03A0625879254
:10E7B000384A86255293285A9241694D9A94962D4B
:10E7C00059D2A42989B354019A7B22CCF03A062964
:10E7D00047B2304A8625CAC2280B072947864D8989
:10E7E000322DCA91284DB2381A069A7C23CCF03AC1
:10E7F000062D0FB3281996280993A83A28599A4448
:10E8000099924C5A924349162551561C029A7E1EE3
:10E81000CBF0BA72645886A812259132E8E030A88D
:10E82000613A0C3A361C921CCB11059A821ECCF030
:10E830007A8664902A593424834E1986388CC3789A
:10E84000B883C341C9C11C52009A8422CCF03A0655
:10E85000514DC6280BA36458A24A366C6A12654A09
:10E8600029D192284EA22CA98571029A8624CCF037
:10E870003A862CCF862889B228C9922C09C3214A0E
:10E88000E22493868B946469925592418CB2049AE7
:10E89000871FCCF03A062D0FB3281996280BA3A694
:10E8A000E19E854A146D49144B61922561569A8BFD
:10E8B00020CCF03A86304E862169AA54862169AA76
:10E8C0000C07318786A73A920C5A9286D9049A8C03
:10E8D00022CCF03A8630CEC424AA2545A534644320
:10E8E0000E46B5214A1229694DA23009D364180297
:10E8F0009A8F21CCF03A8630CEA24A342CB5A81299
:10E9000085C990E5D1204D1529690D2B5912465A1C
:10E91000009A9123CCF03A86304E8621A9255912CF
:10E920006551920C4332A495255B5AA4A43559B283
:10E93000240D53059A9721CCF03AD6D2302851AA0B
:10E9400044C3A044F1900C439674525A966418B292
:10E95000A497A5A9289A9A26CCF03A866418B228DA
:10E96000292559922561254BB22169954ACB30481A
:10E9700049294C8629C992301986009AA123CCF0E6
:10E980003A866418B224AA54862169AA54862119A9
:10E99000A2EA304ED9340C62D29648B54C0A9AA4F9
:10E9A00023CCF03A866418B2A49654162969AA2496
:10E9B00083920C513519C2A53449491A8D49C7248F
:10E9C0002A9AA81ECBF0BA86214CC3210AA3D2F002
:10E9D0009226CA3024511A0E4398865912D6009AAC
:10E9E000B826CCF07A862C8CC24C498625D1B261EF
:10E9F000899230D9862C4AA2A62189B2284BA2211D
:10EA0000CA922809039AD329CCF07A066550942C2F
:10EA10004C94E1212A26833264511225C9900C4975
:10EA2000298992644886A494444929490E029AD8B7
:10EA30001ECCF07AE3E19D32CC613C8CC321CA91BB
:10EA40002819962809932819962857009B031ECB4E
:10EA5000F07A064D49B521545269D8A424D2864390
:10EA60009223D1308849352AD9049B3C19CCF03AFD
:10EA7000732C87865BDB706B1BCE4914278D51B2DC
:10EA800015D7419B4122CCF0BAE26850A24A2989AD
:10EA900006314A9A2AA5241AC4298946250B132D22
:10EAA000694DA4E1009B4221CCF0BAE3659893281C
:10EAB0001E966189B268D8C234C994684892614A86
:10EAC000EA4854CC86009B4425CCF0BAB2381B9659
:10EAD00021292551322C51524A866458A22C8C325D
:10EAE000A554190629C991A8980D019B4F22CBF076
:10EAF000FAA2701AB428A90C87484A5A94414AB31A
:10EB000021D2A24889A46452A248CA86009B5422FA
:10EB1000CCF0BAE3E1A04461361C94649A94446951
:10EB200019862CE99644B56418122D2929D2309CF7
:10EB30007C1DCCF0FA727090B3388B936110A32CCB
:10EB40001C0631CAC2280B8741C787079C811CCB92
:10EB5000F0FA7268188BC321CA4AC329AB0C072983
:10EB60000D87214CC36188009C8D21CCF07AD27432
:10EB700088C2281A9441C99296A565A90C4A5F9645
:10EB80006450223D8C96701D049C9C20CCF07AC26F
:10EB90002C1AA224AA0C6F955A362883D2960D5AA5
:10EBA0008E0C43B465720E66009CA423CCF07AC22E
:10EBB00061199228915A86651892A664588621296F
:10EBC0004649311A946187C231D286219CB822CC41
:10EBD000F07AE270488621CA914119946EC9A06406
:10EBE00049CBA0B46583D29E44D11045AB069CC3EB
:10EBF00024CCF07AC2611992925489866518924E9B
:10EC0000C3320C49294C6AD920D5B56848A2441DA5
:10EC100012009CD621CBF03A922809956438282D11
:10EC20004A142D4ACB302451DB304849541C861CF1
:10EC30001E0E029CDE24CCF07AB2A832249D92E112
:10EC4000A517291A962C6919862491926450DA9195
:10EC5000415AB2440B13009E1F19CBF03A73288718
:10EC600086214CB2302A56736CB863C329C7F205AB
:10EC70009E211DCBF0FAB32119C4240B934E499366
:10EC8000548C86294F926169D6931C4A009E231F9B
:10EC9000CBF0FAB321199428C99228E994744AA2B6
:10ECA00096E1108783926339528712009E251FCC0C
:10ECB000F0FA916C382869966449FFA9A76148CA9F
:10ECC0005A32243A360C59926309009E2622CCF01F
:10ECD000FAC34119A424CAA2249292A852199428D2
:10ECE0009486494F2A83D22EA5492427009E2D20A1
:10ECF000CCF0FA916C5006A55B3228FDA4741D94EB
:10ED000061CA912819962847A23889F2049E2F1FBC
:10ED1000CCF0BA8641CCA26878CCC229DA8639898F
:10ED2000E22889874107B36148722C029E3323CCC5
:10ED3000F0BA726C4886484AA2504AA2444A866594
:10ED400018D2244BA3EA30E860340C4A8E49009E66
:10ED50003520CCF0BAD26C10A32C1986A451A94747
:10ED600059382C519CD4136D486A699265DA109E0B
:10ED70003D22CCF0BAD2541AA44A96844A6948DAA1
:10ED8000A36C4886258A9368584A713284498E2537
:10ED9000009E3F22CCF07AE2341CD2214AC2448940
:10EDA000921631694D92418AC42189A36C48A21CF4
:10EDB0008962059E4321CCF03A06AD65500625CB0D
:10EDC00093CAA0744BA2685086218B8783A2C55A30
:10EDD00098486A029E4525CCF0BAC44C5106294990
:10EDE000B4641892521225A524AA2DC3454E2A8335
:10EDF000922C691269C91626009E4A26CCF0BA9256
:10EE00002C4DA2211996284B2225199628471269C4
:10EE100050D22C1994414DB241490635C932059E54
:10EE20004F1ECCF0FA916C1986A45B72E9FF142D89
:10EE3000C3A551A90C89D2A834256E09009E64256A
:10EE4000CCF0FAC2381B9261899252A2444996488A
:10EE500083122AD9A00C6A521A926450936A920CB7
:10EE600062029E701FCBF0BAD3E190741C4E4963CE
:10EE7000D2980C43944449960C839223CA30E98873
:10EE8000009E7F1FCBF07AE3E19044C5E190442DD2
:10EE9000C321A985491625C929C9226989A46C08F5
:10EEA0009E9321CBF0BAD26838284A45295592E181
:10EEB000904449D41245C3498B92641812252B1DE6
:10EEC000029EA619CBF07AE3E11C0FE7743868398B
:10EED000368C4914663A126543389EBB1CCCF07AD6
:10EEE00073341E0E4A9485C34189B230B9254A93C2
:10EEF000D2A91669BD019EC41DCCF0FAC270388437
:10EF0000B5E1354786418CB27018C4280B87410D96
:10EF10004359019ECD1BCCF0FAC74107D3E12D4ADE
:10EF2000B2491A93552A294A45DD95A264019ECE1D
:10EF300021CCF03A8628CF066598922C4DA2A59454
:10EF4000745193449B92644B746409A74896019E44
:10EF5000D119CBF07A8653564A3A4553349CE3E1B3
:10EF60009C0E07A5D49316159ED421CCF03A06AD7D
:10EF700052CB06298992B664989AA34119A63C19E6
:10EF8000D42849A3A41825B50C9ED81FCCF03A0666
:10EF90002DE9160D5B25191EB2B43668696D909285
:10EFA0001C4AA2A42D29A5019F0E20CBF0FA862D84
:10EFB0000993CAB034269561694C92E11046D92074
:10EFC0000D49D41295B4A8009F1320CCF0BAD26C8E
:10EFD000D0D26878CBC16C5006254BB264902A59C8
:10EFE000946449984E49A4199F201ACBF17A0E5186
:10EFF0001E0DC910E5D1708725A9D2C954E932691F
:10F000005B1A9F3B1BCBF03A736418C2341C8630EA
:10F01000CD8653561A4E596538684531039F5019AD
:10F02000CCF07AE3E12DCCA31CD211499BC72CCFA5
:10F03000F22C0E4335039F7F1BCBF07AF368D0A2EE
:10F040003C4A87838E66A5AC54892A5912E5D17053
:10F05000019F8422CCF0FAC24A58596A491625C346
:10F06000904439D41247C9302889986849299AB2FE
:10F07000298B009F8B23CCF0FA6225B9256934BC1B
:10F0800027899424C39464519228C390251531197B
:10F09000A6251BA224129F991CCCF03AA31CC9F2EE
:10F0A0007C788C7224AA46499AC9599C6949A464FF
:10F0B000FA109F9A1ACBF03AA36C38884935922AF5
:10F0C000CAB0A359381CB36C3868B5759F9F1CCC67
:10F0D000F0FA727090B378382551160E8318656176
:10F0E0009485C3A0A7CDC300FF0415B7D3FAC241CE
:10F0F0008922298BC2418CB248AA0C6206FF5E0BA2
:10F100003A527BE64C8B1700FFE015A7D37AB32168
:10F11000AA489194256192255934443100FFE117A2
:10F12000BAF17AE72C4CB3348B8741CDB1780835EE
:10F130002D99160000005F00040305050405061460
:10F1400016FFFC0EFC0EFC0291055D07A9200600CF
:10F15000603C01210AC3293CE10185CE0C2211C982
:10F16000245E81E4C46642464446444602002322AB
:10F17000CD21744B644C444C46E6A0E2A066444C5E
:10F18000464C64E6A0E2A04699C89888D888140046
:10F190002421AA6A734950B39383908990088A20E6
:10F1A000AB322BABAA08A2909288038B83304145E7
:10F1B000002525D12194656EA64C4664488DCC90DF
:10F1C0008CC894C8C45C89E488F848D9C8D18C221A
:10F1D00035AA4EC62A002622CF2184ABF0206E48E5
:10F1E0006C488C62D0CE4AE220C686446268629146
:10F1F0000911D14195050500270BC4242EE1A04239
:10F20000440500281345264329466462644464DFAC
:10F21000C88CCCCC08052913452A43214866C98CE3
:10F22000CCC89E88AC189109022A12C8244E4728DF
:10F23000422262642622C6262404002B0E8C2574EA
:10F240004B5457070FA64475052C0BE4643BE18132
:10F25000C48412002D0844A435E120002E08642443
:10F260003CE1A0002F162C62637352A9A4E4A4E42D
:10F27000A4E4A4E4A45249C949003018CC257489F7
:10F28000EC206668444C62CCCF26C44486660EC22D
:10F290008800310AC53174E16064FF073213CB2561
:10F2A00074E3E660428A70BB65ACC8CA0E1E0433C4
:10F2B00016CA2974E3E440228A6ED988D1E13AAAB9
:10F2C000038B8310003418CB25748D8EAC4A626892
:10F2D000626664CDC4D0C4C183B8C12D003514CAE0
:10F2E0002974E18340854607718473735407163788
:10F2F00000361DCC2574E9E640842A647072A2E6CB
:10F300008082E8CC6C426C6268E640AA0600371442
:10F31000CA2D74E181DDD89CDCD8BAB1B931B231E3
:10F320003200381ECC2574C7EA206686646884667D
:10F33000E620CAEA4044E820EAEC88E260C8060019
:10F34000391DCC2574C7E8406668624C62CCEC88F5
:10F35000E280A6627270248AE440E608003A0A63FA
:10F36000293CE140FE40003B0EC3693BE140F8A070
:10F3700042224202003C0F8C25743772AEAA915D86
:10F380006597B3013D0C0CA574E183796C0E1E0CDE
:10F390003E0F8C25742176B2774655ED2663013FEA
:10F3A00015CA255CE120E440228A6E999CB2B979A5
:10F3B000E0B92900402AD0298CCD704A654C50898B
:10F3C0008488C84C4488CC8C4CD08C88CC90888A5B
:10F3D0009888900A91342344F11052A16600411F8D
:10F3E000CF217C8BB6B45282506450644E684C6816
:10F3F000EA80E880486C468E4470629000421DCAE4
:10F40000296CE120E4206466626662666264C4E896
:10F410002064E6C8D141C54108004319CD257CEBE5
:10F4200020E660A24A6292727453D2D1B29883A14C
:10F430008308004419CE2984E160E8A064AA626EC2
:10F4400062EED0EF26C6280E4A0E86004512CA2963
:10F450006CE103B9ED0E420E42E6B63B3830461081
:10F46000C92964E1B3CD0E220E22C6F60C00471B5B
:10F47000CD257CEB20E660844A629272749DDDD9D2
:10F48000C4D844D1CCC1D40500480ECD298461CE66
:10F49000EF0E3EA0F3BB014907C3293CE11F4A0D13
:10F4A00027665369FF8F680E244A004B21CD297CC3
:10F4B000618A624A6648686668646A62CC6E626C99
:10F4C000826A8468866668668864AA004C0CCA29C9
:10F4D00064616EFFBB8303034D26CF299CA1EC40E2
:10F4E000EA60EA80E862E6206246A28244A26462A0
:10F4F000A26442A4C4A486A686A668A674004E1A76
:10F50000CC298461CECCECEA20888286648666842D
:10F510008682E820EACCDD004F1AD0258CCBF06043
:10F520008A88667082F0D4D3438AC11922AA8341A3
:10F530002B005013CA296CE120E4C0E6C89B890364
:10F54000899BB9DD01512652268BCBF4608E886AE7
:10F55000708690647464746474647484906670A833
:10F56000D901E541F881E875BD08005222CD297C1A
:10F57000E140E860666A646A646A6468E640E820BC
:10F580006A646A6668866688648864AA005318CBD1
:10F590002564E7E440822A82AECECCECAE70B0EABD
:10F5A000E0E2200600540CCD257CE183AAD1FDAF1A
:10F5B000005510CC298461CCFFD9C4D0C8C1900DAE
:10F5C000005620CE217C8150624E844C666A664A89
:10F5D00088486A466C466E446E427042B292940A03
:10F5E00000572ED2219C616A4A6268486468486468
:10F5F000A64664A64666A44468A444684264426879
:10F60000426442AAA4ACA4ACA48C886E68080058DA
:10F610001CCD2574636C646886646A44ECAE909477
:10F62000B0EE4C644A686688628C005915CD257C22
:10F63000816C824A664888646A44CEAE72745F0107
:10F640005A15CB256CE183B83932BA3932BA39321E
:10F65000BAB98307015B0C256A43E1C064FF270741
:10F66000035C172C6263615456545674547454747A
:10F6700054745456545674005D0C256643E160641E
:10F68000FF2707065E168CA5742D5425219D9988A9
:10F69000D4C8909AA1113189B1015F08496453E13E
:10F6A0000101600845306F616800611A6B2564C50F
:10F6B000E820266A70E620E440826662686286E29C
:10F6C000808284006217CC25746172139A890BA220
:10F6D00089315F1D044D1C508CD000630E68295C7D
:10F6E000A7E262866A675337056417CC2174739B5F
:10F6F0008A89038AA1832833CF2686282E464A0684
:10F7000065166B2164A7EA20846482C8EAE083401E
:10F71000AA9003990B00660EC8254CC5E262E8E288
:10F72000646A7F04671DEC21738782E28062E820AF
:10F73000CACCB389218A8B1992418AA88A83991BE2
:10F74000006810CB257461701392090B222BFF6A9D
:10F7500000690AC3293CC1E6E083026A0F471E3BE9
:10F7600069EDD0FE239A830309006B1BCB297461DA
:10F7700070A38999913523421352471343233323AE
:10F7800024331433056C07C3293CE11F6D1E712916
:10F79000A461848662C2E26086C668C868C868C818
:10F7A00068C868C868C868C868016E0E6B2574614F
:10F7B00084E46082C8CABF1A6F146C256CC7EA2043
:10F7C000666862CC67134333075136007018EC2526
:10F7D0007361A464E2826862CC5707411307141373
:10F7E00035935B027117EC21738782E28062E82017
:10F7F000CACCB389218A8B1992C91D720D6729540D
:10F8000061E4E0C066681F0173156A2564E5410480
:10F810005104D9D141D095D581C5410800740FA6B6
:10F82000254C6366E4A062665F449410750D6B25F9
:10F830007461CA7F447130423276186C256C816ADB
:10F84000624A8448661BA911A909B109B93A422242
:10F8500000772771219461884862864664864664F1
:10F86000C444644462426842624268426242A8C43C
:10F87000A8868C866C88060078156B215CA146846E
:10F88000648642C8AC33238992118A9902791BECB1
:10F89000216B816A624A84668DD08C1085D8845829
:10F8A00021E1E4C2413A3A007A0F6A2564E1811508
:10F8B000D91815CF0E0E0C7B152666436784646637
:10F8C00086668DC44CD1CC9299199A017C08226A23
:10F8D0002BE107067D112666434168668FC4260E1C
:10F8E00062F64608007E0FACE474834AA288845115
:10F8F0008514050000000004FFFF00005FDF00002A
:10F90000AFDF000057D600006BDF0000CFDF000044
:10F910007BD6000087DF0000EFDF0000BFD60000CD
:10F9200093DF00002BE0000015D700005FDF000030
:10F93000AFDF00001BD600005FDF0000AFDF00007C
:10F9400065D700001815AE15D5168015A8163F15F9
:10F95000D316001540158D16141520160015A11587
:10F96000C815DA1612158116CF15D916F115DB1642
:10F9700040152E15A415A619FF1815AE15D516801D
:10F9800015A8163F15D316001540158D1614152011
:10F99000160015A115C815DA1612158116EF15D91E
:10F9A00016A115DB1600152E15A415A619FF18159E
:10F9B000AE15D5168015A8163F15D316001540159F
:10F9C0008D16141520160015A115C815DA16021586
:10F9D0008116CF15D916F115DB1640152E15A41575
:10F9E000A619FF1815AE15A415D5165015A8163F63
:10F9F00015D31600154015AD168B15D9162215DB3B
:10FA000016351532158116FF15A615DA161219FFCF
:10FA10001815AE15D5168015A8163F15D316001566
:10FA200040158D16141520160015A115C015DA16EF
:10FA300012158116CF15D916F115DB1640152E15A6
:10FA4000A415A619FF1815AF19FF1815AE19FF1840
:10FA500015A115C819FF1815A015C019FF1815A173
:10FA600015C019FF1815A015C819FF000001140AC8
:10FA70006464323200127A000004289610080000F4
:10FA8000800040000001140A6464323200093D0025
:10FA900000042896100802028000400000000000C8
:10FAA0006E83F9A22915444ED15727FCC0DD34F5E9
:10FAB000999562DB4190433CAB6351FE004040406E
:10FAC0004040404040404141414141404040404031
:10FAD00040404040404040404040404040050202DD
:10FAE000020202020202020202020202022020209C
:10FAF00020202020202020020202020202029090F8
:10FB000090909090101010101010101010101010F5
:10FB10001010101010101010020202020202888849
:10FB20008888888808080808080808080808080855
:10FB3000080808080808080802020202400000003D
:10FB4000BDFA02003E3E454E554D444F4E452044C1
:10FB50004F455043544C3D25303878205453495A32
:10FB60003D25303878204443544C3D2530387820AA
:10FB7000444F4550494E543D253038782052584620
:10FB800053495A3D253038782047494E544D534B00
:10FB90003D2530387820444346473D25303878208D
:10FBA000445354533D253038780D0A0076322E32B6
:10FBB0002E33000041542B78780D0A4244284368C4
:10FBC000616E67655350504E616D65290D0A54444E
:10FBD000284765745350504E616D65290D0A424D9A
:10FBE000284368616E6765424C454E616D65290D1D
:10FBF0000A544D28476574424C454E616D6529296C
:10FC00000D0A544E28476574416464726573732904
:10FC10000D0A435A28536F66745265736574290D33
:10FC20000A00000044FC02000080FF1F00030000E7
:10FC3000520E000034FD02000083FF1F40B300009D
:10FC4000ECAE00000118043D40420F2387EB23294E
:10FC5000E91AB3081A71041B11FD1022FC23A5EA4E
:10FC60001AD518232DF31A590405145880FF1F23A1
:10FC700005C11AF1048FA086FF1FA0FE240434AC36
:10FC8000FB0262434B104204C9EA6163C0413A502F
:10FC90000872C87264723272117214720A7208F2B7
:10FCA00001191059131A82680912041A20704904A4
:10FCB000600DCDCCCC3DCDCC4C3E9A99993E5A7F2F
:10FCC000B801161E6081FF1F61041A6204111D85B0
:10FCD000FF1F64081A65042A9C10114B803F403CAA
:10FCE00080416C101AA0642A4810DB3F6810DA705B
:10FCF00010DA7410DA7C10DA78103A801069B0DC0F
:10FD0000803F8410DA88107A8C1049F49A90103170
:10FD1000DB3F94207A98101BB042780212401AA060
:10FD200018813D804201010819283BC0410BB1E90F
:04FD300010000000BF
:040000050000028174
:00000001FF
